Date,DXY,VIX,TNX,OIL
2000-01-04,100.41000366210938,27.010000228881836,6.485000133514404,
2000-01-05,100.37999725341797,26.40999984741211,6.598999977111816,
2000-01-06,100.6500015258789,25.729999542236328,6.548999786376953,
2000-01-07,100.80000305175781,21.719999313354492,6.504000186920166,
2000-01-08,100.80000305175781,21.719999313354492,6.504000186920166,
2000-01-09,100.80000305175781,21.719999313354492,6.504000186920166,
2000-01-10,100.98999786376953,21.709999084472656,6.558000087738037,
2000-01-11,100.55999755859375,22.5,6.664000034332275,
2000-01-12,100.62000274658203,22.84000015258789,6.696000099182129,
2000-01-13,101.0,21.709999084472656,6.618000030517578,
2000-01-14,101.72000122070312,19.65999984741211,6.673999786376953,
2000-01-15,101.72000122070312,19.65999984741211,6.673999786376953,
2000-01-16,101.72000122070312,19.65999984741211,6.673999786376953,
2000-01-17,102.05000305175781,19.65999984741211,6.673999786376953,
2000-01-18,101.86000061035156,21.5,6.748000144958496,
2000-01-19,101.76000213623047,21.719999313354492,6.724999904632568,
2000-01-20,101.36000061035156,21.75,6.748000144958496,
2000-01-21,101.76000213623047,20.81999969482422,6.781000137329102,
2000-01-22,101.76000213623047,20.81999969482422,6.781000137329102,
2000-01-23,101.76000213623047,20.81999969482422,6.781000137329102,
2000-01-24,102.19999694824219,24.06999969482422,6.684000015258789,
2000-01-25,102.41000366210938,23.020000457763672,6.684000015258789,
2000-01-26,102.44000244140625,23.030000686645508,6.679999828338623,
2000-01-27,103.16999816894531,23.540000915527344,6.684999942779541,
2000-01-28,104.4800033569336,26.139999389648438,6.6479997634887695,
2000-01-29,104.4800033569336,26.139999389648438,6.6479997634887695,
2000-01-30,104.4800033569336,26.139999389648438,6.6479997634887695,
2000-01-31,105.12999725341797,24.950000762939453,6.666999816894531,
2000-02-01,104.91999816894531,23.450000762939453,6.617000102996826,
2000-02-02,104.79000091552734,23.1200008392334,6.5980000495910645,
2000-02-03,103.80000305175781,22.010000228881836,6.474999904632568,
2000-02-04,104.29000091552734,21.540000915527344,6.517000198364258,
2000-02-05,104.29000091552734,21.540000915527344,6.517000198364258,
2000-02-06,104.29000091552734,21.540000915527344,6.517000198364258,
2000-02-07,104.63999938964844,22.790000915527344,6.63100004196167,
2000-02-08,104.22000122070312,21.25,6.598999977111816,
2000-02-09,103.68000030517578,22.899999618530273,6.669000148773193,
2000-02-10,104.12999725341797,23.06999969482422,6.656000137329102,
2000-02-11,104.19000244140625,24.420000076293945,6.620999813079834,
2000-02-12,104.19000244140625,24.420000076293945,6.620999813079834,
2000-02-13,104.19000244140625,24.420000076293945,6.620999813079834,
2000-02-14,104.72000122070312,24.3799991607666,6.539000034332275,
2000-02-15,104.69000244140625,22.920000076293945,6.552000045776367,
2000-02-16,104.27999877929688,23.510000228881836,6.546999931335449,
2000-02-17,104.2699966430664,23.170000076293945,6.568999767303467,
2000-02-18,104.62999725341797,26.0,6.482999801635742,
2000-02-19,104.62999725341797,26.0,6.482999801635742,
2000-02-20,104.62999725341797,26.0,6.482999801635742,
2000-02-21,104.58000183105469,26.0,6.482999801635742,
2000-02-22,103.27999877929688,25.860000610351562,6.3420000076293945,
2000-02-23,103.52999877929688,23.889999389648438,6.427000045776367,
2000-02-24,104.01000213623047,24.3799991607666,6.3460001945495605,
2000-02-25,105.26000213623047,25.200000762939453,6.341000080108643,
2000-02-26,105.26000213623047,25.200000762939453,6.341000080108643,
2000-02-27,105.26000213623047,25.200000762939453,6.341000080108643,
2000-02-28,105.2699966430664,24.68000030517578,6.414000034332275,
2000-02-29,105.91999816894531,23.3700008392334,6.408999919891357,
2000-03-01,104.88999938964844,21.639999389648438,6.379000186920166,
2000-03-02,105.6500015258789,21.059999465942383,6.395999908447266,
2000-03-03,106.0,19.209999084472656,6.370999813079834,
2000-03-04,106.0,19.209999084472656,6.370999813079834,
2000-03-05,106.0,19.209999084472656,6.370999813079834,
2000-03-06,106.16000366210938,21.5,6.408999919891357,
2000-03-07,106.08999633789062,24.309999465942383,6.382999897003174,
2000-03-08,105.93000030517578,23.81999969482422,6.375,
2000-03-09,105.37000274658203,22.209999084472656,6.341000080108643,
2000-03-10,105.70999908447266,21.239999771118164,6.38700008392334,
2000-03-11,105.70999908447266,21.239999771118164,6.38700008392334,
2000-03-12,105.70999908447266,21.239999771118164,6.38700008392334,
2000-03-13,105.5,22.850000381469727,6.361999988555908,
2000-03-14,105.30000305175781,24.40999984741211,6.297999858856201,
2000-03-15,105.37999725341797,22.34000015258789,6.276000022888184,
2000-03-16,105.18000030517578,20.770000457763672,6.23799991607666,
2000-03-17,105.19999694824219,22.3700008392334,6.188000202178955,
2000-03-18,105.19999694824219,22.3700008392334,6.188000202178955,
2000-03-19,105.19999694824219,22.3700008392334,6.188000202178955,
2000-03-20,105.1500015258789,22.959999084472656,6.171000003814697,
2000-03-21,105.80999755859375,21.700000762939453,6.13700008392334,
2000-03-22,106.04000091552734,21.489999771118164,6.119999885559082,
2000-03-23,105.2300033569336,22.260000228881836,6.070000171661377,
2000-03-24,104.7699966430664,23.309999465942383,6.173999786376953,
2000-03-25,104.7699966430664,23.309999465942383,6.173999786376953,
2000-03-26,104.7699966430664,23.309999465942383,6.173999786376953,
2000-03-27,105.44999694824219,24.530000686645508,6.195000171661377,
2000-03-28,105.52999877929688,24.860000610351562,6.170000076293945,
2000-03-29,106.25,24.100000381469727,6.14900016784668,
2000-03-30,105.47000122070312,25.469999313354492,6.065000057220459,
2000-03-31,105.44000244140625,24.110000610351562,6.0229997634887695,
2000-04-01,105.44000244140625,24.110000610351562,6.0229997634887695,
2000-04-02,105.44000244140625,24.110000610351562,6.0229997634887695,
2000-04-03,105.54000091552734,24.030000686645508,5.986000061035156,
2000-04-04,105.16999816894531,27.1200008392334,5.841000080108643,
2000-04-05,105.29000091552734,28.40999984741211,5.881999969482422,
2000-04-06,105.5199966430664,27.149999618530273,5.914999961853027,
2000-04-07,105.97000122070312,24.389999389648438,5.848999977111816,
2000-04-08,105.97000122070312,24.389999389648438,5.848999977111816,
2000-04-09,105.97000122070312,24.389999389648438,5.848999977111816,
2000-04-10,105.68000030517578,25.989999771118164,5.791999816894531,
2000-04-11,105.94000244140625,27.25,5.876999855041504,
2000-04-12,105.95999908447266,28.979999542236328,5.9679999351501465,
2000-04-13,106.13999938964844,29.399999618530273,5.914000034332275,
2000-04-14,105.75,33.4900016784668,5.885000228881836,
2000-04-15,105.75,33.4900016784668,5.885000228881836,
2000-04-16,105.75,33.4900016784668,5.885000228881836,
2000-04-17,106.12999725341797,28.950000762939453,5.992000102996826,
2000-04-18,106.62999725341797,26.1200008392334,6.046000003814697,
2000-04-19,107.12999725341797,27.020000457763672,5.974999904632568,
2000-04-20,107.44999694824219,25.850000381469727,5.98799991607666,
2000-04-21,107.44999694824219,25.850000381469727,5.98799991607666,
2000-04-22,107.44999694824219,25.850000381469727,5.98799991607666,
2000-04-23,107.44999694824219,25.850000381469727,5.98799991607666,
2000-04-24,107.27999877929688,27.3700008392334,5.986999988555908,
2000-04-25,108.69000244140625,25.239999771118164,6.117000102996826,
2000-04-26,108.55000305175781,26.969999313354492,6.130000114440918,
2000-04-27,109.56999969482422,26.190000534057617,6.235000133514404,
2000-04-28,110.13999938964844,26.200000762939453,6.214000225067139,
2000-04-29,110.13999938964844,26.200000762939453,6.214000225067139,
2000-04-30,110.13999938964844,26.200000762939453,6.214000225067139,
2000-05-01,109.62999725341797,25.8799991607666,6.255000114440918,
2000-05-02,110.26000213623047,28.5,6.311999797821045,
2000-05-03,111.26000213623047,31.6299991607666,6.4029998779296875,
2000-05-04,111.80000305175781,30.770000457763672,6.446000099182129,
2000-05-05,111.30999755859375,27.530000686645508,6.506999969482422,
2000-05-06,111.30999755859375,27.530000686645508,6.506999969482422,
2000-05-07,111.30999755859375,27.530000686645508,6.506999969482422,
2000-05-08,111.44999694824219,28.200000762939453,6.559999942779541,
2000-05-09,110.75,28.93000030517578,6.52400016784668,
2000-05-10,110.80000305175781,29.8700008392334,6.436999797821045,
2000-05-11,111.5199966430664,27.760000228881836,6.4070000648498535,
2000-05-12,109.9000015258789,26.049999237060547,6.498000144958496,
2000-05-13,109.9000015258789,26.049999237060547,6.498000144958496,
2000-05-14,109.9000015258789,26.049999237060547,6.498000144958496,
2000-05-15,110.55999755859375,24.860000610351562,6.459000110626221,
2000-05-16,111.30999755859375,24.34000015258789,6.4019999504089355,
2000-05-17,112.0999984741211,23.979999542236328,6.4629998207092285,
2000-05-18,112.20999908447266,23.959999084472656,6.546000003814697,
2000-05-19,111.47000122070312,25.440000534057617,6.511000156402588,
2000-05-20,111.47000122070312,25.440000534057617,6.511000156402588,
2000-05-21,111.47000122070312,25.440000534057617,6.511000156402588,
2000-05-22,111.05999755859375,26.0,6.420000076293945,
2000-05-23,111.13999938964844,25.8700008392334,6.446000099182129,
2000-05-24,111.22000122070312,24.31999969482422,6.459000110626221,
2000-05-25,110.75,24.579999923706055,6.372000217437744,
2000-05-26,109.12000274658203,24.469999313354492,6.320000171661377,
2000-05-27,109.12000274658203,24.469999313354492,6.320000171661377,
2000-05-28,109.12000274658203,24.469999313354492,6.320000171661377,
2000-05-29,109.12000274658203,24.469999313354492,6.320000171661377,
2000-05-30,108.93000030517578,23.6200008392334,6.367000102996826,
2000-05-31,108.73999786376953,23.649999618530273,6.284999847412109,
2000-06-01,109.05000305175781,22.360000610351562,6.195000171661377,
2000-06-02,108.12000274658203,21.479999542236328,6.1479997634887695,
2000-06-03,108.12000274658203,21.479999542236328,6.1479997634887695,
2000-06-04,108.12000274658203,21.479999542236328,6.1479997634887695,
2000-06-05,107.45999908447266,22.709999084472656,6.10099983215332,
2000-06-06,106.58999633789062,23.049999237060547,6.126999855041504,
2000-06-07,106.18000030517578,22.479999542236328,6.113999843597412,
2000-06-08,106.70999908447266,22.770000457763672,6.105000019073486,
2000-06-09,106.98999786376953,22.139999389648438,6.11299991607666,
2000-06-10,106.98999786376953,22.139999389648438,6.11299991607666,
2000-06-11,106.98999786376953,22.139999389648438,6.11299991607666,
2000-06-12,106.97000122070312,22.31999969482422,6.074999809265137,
2000-06-13,106.4000015258789,21.670000076293945,6.10099983215332,
2000-06-14,106.45999908447266,21.479999542236328,6.040999889373779,
2000-06-15,106.87999725341797,20.68000030517578,6.0370001792907715,
2000-06-16,105.95999908447266,20.5,5.968999862670898,
2000-06-17,105.95999908447266,20.5,5.968999862670898,
2000-06-18,105.95999908447266,20.5,5.968999862670898,
2000-06-19,106.33000183105469,20.6299991607666,5.989999771118164,
2000-06-20,106.33000183105469,20.8799991607666,6.014999866485596,
2000-06-21,107.43000030517578,20.610000610351562,6.0960001945495605,
2000-06-22,107.70999908447266,22.0,6.11299991607666,
2000-06-23,108.01000213623047,22.34000015258789,6.177000045776367,
2000-06-24,108.01000213623047,22.34000015258789,6.177000045776367,
2000-06-25,108.01000213623047,22.34000015258789,6.177000045776367,
2000-06-26,108.11000061035156,22.450000762939453,6.09499979019165,
2000-06-27,107.36000061035156,21.799999237060547,6.078000068664551,
2000-06-28,107.5999984741211,20.290000915527344,6.104000091552734,
2000-06-29,106.83999633789062,19.700000762939453,6.031000137329102,
2000-06-30,106.83999633789062,19.540000915527344,6.01800012588501,
2000-07-01,106.83999633789062,19.540000915527344,6.01800012588501,
2000-07-02,106.83999633789062,19.540000915527344,6.01800012588501,
2000-07-03,107.05999755859375,19.829999923706055,5.980000019073486,
2000-07-04,107.29000091552734,19.829999923706055,5.980000019073486,
2000-07-05,107.12000274658203,21.15999984741211,5.97599983215332,
2000-07-06,107.37000274658203,20.940000534057617,6.031000137329102,
2000-07-07,107.6500015258789,19.219999313354492,5.997000217437744,
2000-07-08,107.6500015258789,19.219999313354492,5.997000217437744,
2000-07-09,107.6500015258789,19.219999313354492,5.997000217437744,
2000-07-10,107.01000213623047,20.329999923706055,6.026000022888184,
2000-07-11,107.13999938964844,20.110000610351562,6.047999858856201,
2000-07-12,108.12000274658203,20.030000686645508,6.077000141143799,
2000-07-13,108.54000091552734,20.030000686645508,5.992000102996826,
2000-07-14,108.44999694824219,19.31999969482422,6.093999862670898,
2000-07-15,108.44999694824219,19.31999969482422,6.093999862670898,
2000-07-16,108.44999694824219,19.31999969482422,6.093999862670898,
2000-07-17,108.69999694824219,19.450000762939453,6.145999908447266,
2000-07-18,109.37999725341797,19.75,6.140999794006348,
2000-07-19,109.58999633789062,19.649999618530273,6.150000095367432,
2000-07-20,108.61000061035156,18.940000534057617,6.013000011444092,
2000-07-21,108.41999816894531,18.940000534057617,6.0,
2000-07-22,108.41999816894531,18.940000534057617,6.0,
2000-07-23,108.41999816894531,18.940000534057617,6.0,
2000-07-24,108.69000244140625,19.920000076293945,6.025000095367432,
2000-07-25,108.37999725341797,19.389999389648438,6.020999908447266,
2000-07-26,108.11000061035156,19.670000076293945,6.020999908447266,
2000-07-27,108.88999938964844,19.600000381469727,6.0,
2000-07-28,109.73999786376953,20.84000015258789,6.025000095367432,
2000-07-29,109.73999786376953,20.84000015258789,6.025000095367432,
2000-07-30,109.73999786376953,20.84000015258789,6.025000095367432,
2000-07-31,109.56999969482422,20.739999771118164,6.0289998054504395,
2000-08-01,110.05000305175781,20.549999237060547,5.991000175476074,
2000-08-02,110.66999816894531,20.0,5.968999862670898,
2000-08-03,110.9800033569336,19.989999771118164,5.943999767303467,
2000-08-04,110.8499984741211,18.6200008392334,5.901000022888184,
2000-08-05,110.8499984741211,18.6200008392334,5.901000022888184,
2000-08-06,110.8499984741211,18.6200008392334,5.901000022888184,
2000-08-07,110.80000305175781,19.030000686645508,5.947999954223633,
2000-08-08,111.31999969482422,18.790000915527344,5.914000034332275,
2000-08-09,111.44000244140625,19.18000030517578,5.908999919891357,
2000-08-10,110.9000015258789,19.190000534057617,5.75,
2000-08-11,111.20999908447266,18.549999237060547,5.7870001792907715,
2000-08-12,111.20999908447266,18.549999237060547,5.7870001792907715,
2000-08-13,111.20999908447266,18.549999237060547,5.7870001792907715,
2000-08-14,111.08000183105469,17.8799991607666,5.770999908447266,
2000-08-15,110.51000213623047,17.979999542236328,5.800000190734863,
2000-08-16,110.26000213623047,18.020000457763672,5.816999912261963,
2000-08-17,110.11000061035156,17.479999542236328,5.803999900817871,
2000-08-18,111.01000213623047,17.049999237060547,5.765999794006348,
2000-08-19,111.01000213623047,17.049999237060547,5.765999794006348,
2000-08-20,111.01000213623047,17.049999237060547,5.765999794006348,
2000-08-21,111.45999908447266,17.350000381469727,5.770999908447266,
2000-08-22,111.79000091552734,17.469999313354492,5.76200008392334,
2000-08-23,111.41999816894531,17.3799991607666,5.724999904632568,32.04999923706055
2000-08-24,111.2300033569336,17.040000915527344,5.716000080108643,31.6299991607666
2000-08-25,111.3499984741211,16.530000686645508,5.7210001945495605,32.04999923706055
2000-08-26,111.3499984741211,16.530000686645508,5.7210001945495605,32.04999923706055
2000-08-27,111.3499984741211,16.530000686645508,5.7210001945495605,32.04999923706055
2000-08-28,111.45999908447266,16.540000915527344,5.765999794006348,32.869998931884766
2000-08-29,112.19999694824219,16.889999389648438,5.808000087738037,32.720001220703125
2000-08-30,112.13999938964844,17.690000534057617,5.800000190734863,33.400001525878906
2000-08-31,112.5999984741211,16.84000015258789,5.729000091552734,33.099998474121094
2000-09-01,111.41999816894531,17.530000686645508,5.675000190734863,33.380001068115234
2000-09-02,111.41999816894531,17.530000686645508,5.675000190734863,33.380001068115234
2000-09-03,111.41999816894531,17.530000686645508,5.675000190734863,33.380001068115234
2000-09-04,111.41999816894531,17.530000686645508,5.675000190734863,33.380001068115234
2000-09-05,112.41000366210938,19.81999969482422,5.683000087738037,33.79999923706055
2000-09-06,114.12000274658203,20.790000915527344,5.711999893188477,34.95000076293945
2000-09-07,113.6500015258789,19.420000076293945,5.749000072479248,35.33000183105469
2000-09-08,114.33999633789062,18.459999084472656,5.723999977111816,33.70000076293945
2000-09-09,114.33999633789062,18.459999084472656,5.723999977111816,33.70000076293945
2000-09-10,114.33999633789062,18.459999084472656,5.723999977111816,33.70000076293945
2000-09-11,115.37000274658203,18.399999618530273,5.757999897003174,35.099998474121094
2000-09-12,115.16999816894531,18.59000015258789,5.769999980926514,34.20000076293945
2000-09-13,115.33999633789062,18.31999969482422,5.728000164031982,33.79999923706055
2000-09-14,115.16000366210938,18.260000228881836,5.77400016784668,34.099998474121094
2000-09-15,115.94000244140625,18.520000457763672,5.833000183105469,35.849998474121094
2000-09-16,115.94000244140625,18.520000457763672,5.833000183105469,35.849998474121094
2000-09-17,115.94000244140625,18.520000457763672,5.833000183105469,35.849998474121094
2000-09-18,116.0,20.25,5.870999813079834,36.880001068115234
2000-09-19,116.11000061035156,19.540000915527344,5.849999904632568,36.5
2000-09-20,116.41000366210938,19.93000030517578,5.892000198364258,37.5
2000-09-21,115.2699966430664,20.18000030517578,5.870999813079834,33.95000076293945
2000-09-22,113.55999755859375,20.739999771118164,5.828999996185303,32.650001525878906
2000-09-23,113.55999755859375,20.739999771118164,5.828999996185303,32.650001525878906
2000-09-24,113.55999755859375,20.739999771118164,5.828999996185303,32.650001525878906
2000-09-25,114.05999755859375,21.40999984741211,5.833000183105469,31.56999969482422
2000-09-26,113.16000366210938,21.8799991607666,5.798999786376953,31.5
2000-09-27,113.11000061035156,21.670000076293945,5.820000171661377,31.5
2000-09-28,113.30999755859375,19.469999313354492,5.811999797821045,30.299999237060547
2000-09-29,113.25,20.56999969482422,5.7779998779296875,30.860000610351562
2000-09-30,113.25,20.56999969482422,5.7779998779296875,30.860000610351562
2000-10-01,113.25,20.56999969482422,5.7779998779296875,30.860000610351562
2000-10-02,113.79000091552734,21.229999542236328,5.820000171661377,32.150001525878906
2000-10-03,114.22000122070312,21.850000381469727,5.867000102996826,32.06999969482422
2000-10-04,114.16999816894531,21.540000915527344,5.892000198364258,31.5
2000-10-05,114.73999786376953,21.030000686645508,5.854000091552734,30.649999618530273
2000-10-06,114.8499984741211,22.709999084472656,5.815999984741211,30.850000381469727
2000-10-07,114.8499984741211,22.709999084472656,5.815999984741211,30.850000381469727
2000-10-08,114.8499984741211,22.709999084472656,5.815999984741211,30.850000381469727
2000-10-09,114.80999755859375,24.020000457763672,5.815999984741211,31.8799991607666
2000-10-10,114.36000061035156,24.860000610351562,5.795000076293945,33.150001525878906
2000-10-11,114.48999786376953,26.56999969482422,5.769999980926514,33.150001525878906
2000-10-12,114.88999938964844,30.510000228881836,5.715000152587891,36.099998474121094
2000-10-13,115.86000061035156,27.600000381469727,5.715000152587891,35.04999923706055
2000-10-14,115.86000061035156,27.600000381469727,5.715000152587891,35.04999923706055
2000-10-15,115.86000061035156,27.600000381469727,5.715000152587891,35.04999923706055
2000-10-16,116.38999938964844,26.790000915527344,5.739999771118164,33.099998474121094
2000-10-17,115.88999938964844,27.84000015258789,5.664999961853027,32.95000076293945
2000-10-18,117.33000183105469,28.719999313354492,5.6570000648498535,33.54999923706055
2000-10-19,116.94000244140625,25.09000015258789,5.6519999504089355,32.95000076293945
2000-10-20,117.16000366210938,24.239999771118164,5.636000156402588,34.29999923706055
2000-10-21,117.16000366210938,24.239999771118164,5.636000156402588,34.29999923706055
2000-10-22,117.16000366210938,24.239999771118164,5.636000156402588,34.29999923706055
2000-10-23,117.54000091552734,24.690000534057617,5.581999778747559,33.72999954223633
2000-10-24,117.41999816894531,24.280000686645508,5.623000144958496,33.369998931884766
2000-10-25,118.48999786376953,26.649999618530273,5.685999870300293,32.959999084472656
2000-10-26,118.5,28.6200008392334,5.672999858856201,33.75
2000-10-27,117.38999938964844,26.469999313354492,5.710999965667725,32.70000076293945
2000-10-28,117.38999938964844,26.469999313354492,5.710999965667725,32.70000076293945
2000-10-29,117.38999938964844,26.469999313354492,5.710999965667725,32.70000076293945
2000-10-30,117.25,25.459999084472656,5.728000164031982,32.810001373291016
2000-10-31,116.6500015258789,23.6299991607666,5.756999969482422,32.689998626708984
2000-11-01,115.55999755859375,24.280000686645508,5.736000061035156,33.20000076293945
2000-11-02,115.61000061035156,23.920000076293945,5.739999771118164,32.540000915527344
2000-11-03,114.97000122070312,23.670000076293945,5.803999900817871,32.599998474121094
2000-11-04,114.97000122070312,23.670000076293945,5.803999900817871,32.599998474121094
2000-11-05,114.97000122070312,23.670000076293945,5.803999900817871,32.599998474121094
2000-11-06,115.69000244140625,24.520000457763672,5.855000019073486,32.86000061035156
2000-11-07,115.5199966430664,24.90999984741211,5.859000205993652,33.400001525878906
2000-11-08,116.2300033569336,25.65999984741211,5.849999904632568,33.290000915527344
2000-11-09,115.33999633789062,27.200000762939453,5.808000087738037,33.95000076293945
2000-11-10,115.79000091552734,28.530000686645508,5.795000076293945,34.09000015258789
2000-11-11,115.79000091552734,28.530000686645508,5.795000076293945,34.09000015258789
2000-11-12,115.79000091552734,28.530000686645508,5.795000076293945,34.09000015258789
2000-11-13,115.69999694824219,29.059999465942383,5.761000156402588,34.43000030517578
2000-11-14,116.22000122070312,26.809999465942383,5.74399995803833,34.849998474121094
2000-11-15,116.3499984741211,26.149999618530273,5.697999954223633,35.599998474121094
2000-11-16,116.93000030517578,25.049999237060547,5.669000148773193,35.04999923706055
2000-11-17,117.30999755859375,24.809999465942383,5.693999767303467,35.599998474121094
2000-11-18,117.30999755859375,24.809999465942383,5.693999767303467,35.599998474121094
2000-11-19,117.30999755859375,24.809999465942383,5.693999767303467,35.599998474121094
2000-11-20,117.3499984741211,27.43000030517578,5.664000034332275,35.220001220703125
2000-11-21,117.94999694824219,26.6200008392334,5.659999847412109,35.150001525878906
2000-11-22,117.8499984741211,27.709999084472656,5.5929999351501465,35.400001525878906
2000-11-23,118.08999633789062,27.709999084472656,5.5929999351501465,35.400001525878906
2000-11-24,118.4800033569336,26.0,5.622000217437744,35.400001525878906
2000-11-25,118.4800033569336,26.0,5.622000217437744,35.400001525878906
2000-11-26,118.4800033569336,26.0,5.622000217437744,35.400001525878906
2000-11-27,117.0999984741211,26.93000030517578,5.625999927520752,35.380001068115234
2000-11-28,116.58000183105469,27.639999389648438,5.589000225067139,34.25
2000-11-29,116.61000061035156,27.489999771118164,5.543000221252441,34.630001068115234
2000-11-30,115.23999786376953,29.649999618530273,5.439000129699707,33.79999923706055
2000-12-01,114.7300033569336,27.479999542236328,5.513000011444092,32.04999923706055
2000-12-02,114.7300033569336,27.479999542236328,5.513000011444092,32.04999923706055
2000-12-03,114.7300033569336,27.479999542236328,5.513000011444092,32.04999923706055
2000-12-04,113.70999908447266,27.780000686645508,5.521999835968018,31.299999237060547
2000-12-05,114.47000122070312,24.989999771118164,5.429999828338623,29.549999237060547
2000-12-06,113.30999755859375,25.06999969482422,5.318999767303467,29.850000381469727
2000-12-07,113.54000091552734,25.34000015258789,5.298999786376953,29.360000610351562
2000-12-08,114.05000305175781,22.40999984741211,5.343999862670898,28.5
2000-12-09,114.05000305175781,22.40999984741211,5.343999862670898,28.5
2000-12-10,114.05000305175781,22.40999984741211,5.343999862670898,28.5
2000-12-11,114.29000091552734,23.510000228881836,5.360000133514404,29.450000762939453
2000-12-12,114.26000213623047,24.8799991607666,5.3429999351501465,29.690000534057617
2000-12-13,114.70999908447266,23.6299991607666,5.2779998779296875,28.5
2000-12-14,113.37999725341797,24.860000610351562,5.2129998207092285,27.899999618530273
2000-12-15,112.9000015258789,26.549999237060547,5.176000118255615,28.850000381469727
2000-12-16,112.9000015258789,26.549999237060547,5.176000118255615,28.850000381469727
2000-12-17,112.9000015258789,26.549999237060547,5.176000118255615,28.850000381469727
2000-12-18,113.06999969482422,27.700000762939453,5.156000137329102,29.649999618530273
2000-12-19,113.20999908447266,27.170000076293945,5.184000015258789,28.799999237060547
2000-12-20,111.97000122070312,31.739999771118164,5.074999809265137,25.670000076293945
2000-12-21,111.51000213623047,29.65999984741211,5.0229997634887695,26.049999237060547
2000-12-22,110.81999969482422,27.549999237060547,5.001999855041504,26.18000030517578
2000-12-23,110.81999969482422,27.549999237060547,5.001999855041504,26.18000030517578
2000-12-24,110.81999969482422,27.549999237060547,5.001999855041504,26.18000030517578
2000-12-25,110.81999969482422,27.549999237060547,5.001999855041504,26.18000030517578
2000-12-26,110.30999755859375,28.729999542236328,5.021999835968018,26.649999618530273
2000-12-27,110.31999969482422,28.139999389648438,5.085999965667725,26.450000762939453
2000-12-28,110.37999725341797,26.56999969482422,5.113999843597412,25.850000381469727
2000-12-29,109.55999755859375,26.850000381469727,5.110000133514404,26.799999237060547
2000-12-30,109.55999755859375,26.850000381469727,5.110000133514404,26.799999237060547
2000-12-31,109.55999755859375,26.850000381469727,5.110000133514404,26.799999237060547
2001-01-01,109.55999755859375,26.850000381469727,5.110000133514404,26.799999237060547
2001-01-02,108.7699966430664,29.989999771118164,4.916999816894531,27.200000762939453
2001-01-03,110.16999816894531,26.600000381469727,5.0970001220703125,27.950000762939453
2001-01-04,108.80999755859375,26.969999313354492,5.013000011444092,28.200000762939453
2001-01-05,108.41999816894531,28.670000076293945,4.947999954223633,28.0
2001-01-06,108.41999816894531,28.670000076293945,4.947999954223633,28.0
2001-01-07,108.41999816894531,28.670000076293945,4.947999954223633,28.0
2001-01-08,108.86000061035156,29.84000015258789,4.896999835968018,27.350000381469727
2001-01-09,109.5199966430664,27.989999771118164,4.964000225067139,27.719999313354492
2001-01-10,109.86000061035156,26.799999237060547,5.084000110626221,29.5
2001-01-11,109.01000213623047,25.790000915527344,5.116000175476074,29.5
2001-01-12,109.36000061035156,24.559999465942383,5.230000019073486,30.049999237060547
2001-01-13,109.36000061035156,24.559999465942383,5.230000019073486,30.049999237060547
2001-01-14,109.36000061035156,24.559999465942383,5.230000019073486,30.049999237060547
2001-01-15,109.97000122070312,24.559999465942383,5.230000019073486,30.049999237060547
2001-01-16,110.11000061035156,25.280000686645508,5.234000205993652,30.350000381469727
2001-01-17,110.80999755859375,24.93000030517578,5.156000137329102,29.649999618530273
2001-01-18,109.94000244140625,23.3700008392334,5.09499979019165,30.450000762939453
2001-01-19,110.66000366210938,23.239999771118164,5.173999786376953,32.099998474121094
2001-01-20,110.66000366210938,23.239999771118164,5.173999786376953,32.099998474121094
2001-01-21,110.66000366210938,23.239999771118164,5.173999786376953,32.099998474121094
2001-01-22,110.23999786376953,23.25,5.2210001945495605,32.0
2001-01-23,110.23999786376953,21.56999969482422,5.27400016784668,29.56999969482422
2001-01-24,111.68000030517578,22.030000686645508,5.302999973297119,29.049999237060547
2001-01-25,111.61000061035156,22.639999389648438,5.269999980926514,29.360000610351562
2001-01-26,111.45999908447266,22.56999969482422,5.252999782562256,29.780000686645508
2001-01-27,111.45999908447266,22.56999969482422,5.252999782562256,29.780000686645508
2001-01-28,111.45999908447266,22.56999969482422,5.252999782562256,29.780000686645508
2001-01-29,111.7699966430664,22.610000610351562,5.295000076293945,29.059999465942383
2001-01-30,110.9800033569336,22.56999969482422,5.211999893188477,29.059999465942383
2001-01-31,110.5199966430664,22.020000457763672,5.178999900817871,28.700000762939453
2001-02-01,109.66000366210938,21.65999984741211,5.060999870300293,29.799999237060547
2001-02-02,110.31999969482422,21.950000762939453,5.138000011444092,31.25
2001-02-03,110.31999969482422,21.950000762939453,5.138000011444092,31.25
2001-02-04,110.31999969482422,21.950000762939453,5.138000011444092,31.25
2001-02-05,109.88999938964844,22.190000534057617,5.145999908447266,30.5
2001-02-06,110.7699966430664,21.979999542236328,5.195000171661377,30.350000381469727
2001-02-07,110.88999938964844,21.670000076293945,5.178999900817871,31.200000762939453
2001-02-08,112.05999755859375,21.459999084472656,5.098999977111816,31.559999465942383
2001-02-09,111.5199966430664,22.030000686645508,5.015999794006348,31.049999237060547
2001-02-10,111.5199966430664,22.030000686645508,5.015999794006348,31.049999237060547
2001-02-11,111.5199966430664,22.030000686645508,5.015999794006348,31.049999237060547
2001-02-12,111.19000244140625,21.920000076293945,5.047999858856201,30.549999237060547
2001-02-13,111.95999908447266,21.3700008392334,5.067999839782715,30.34000015258789
2001-02-14,112.04000091552734,21.520000457763672,5.105000019073486,29.75
2001-02-15,113.19999694824219,20.270000457763672,5.177999973297119,28.799999237060547
2001-02-16,112.26000213623047,22.1200008392334,5.0929999351501465,29.15999984741211
2001-02-17,112.26000213623047,22.1200008392334,5.0929999351501465,29.15999984741211
2001-02-18,112.26000213623047,22.1200008392334,5.0929999351501465,29.15999984741211
2001-02-19,111.91999816894531,22.1200008392334,5.0929999351501465,29.15999984741211
2001-02-20,112.81999969482422,24.690000534057617,5.0970001220703125,28.579999923706055
2001-02-21,113.12000274658203,25.75,5.129000186920166,28.549999237060547
2001-02-22,113.33999633789062,26.760000228881836,5.1539998054504395,28.81999969482422
2001-02-23,112.02999877929688,27.209999084472656,5.079999923706055,29.0
2001-02-24,112.02999877929688,27.209999084472656,5.079999923706055,29.0
2001-02-25,112.02999877929688,27.209999084472656,5.079999923706055,29.0
2001-02-26,112.7699966430664,25.43000030517578,5.035999774932861,28.440000534057617
2001-02-27,112.33999633789062,26.489999771118164,4.955999851226807,28.1200008392334
2001-02-28,112.01000213623047,28.350000381469727,4.9079999923706055,27.420000076293945
2001-03-01,111.27999877929688,28.079999923706055,4.855999946594238,27.649999618530273
2001-03-02,111.16999816894531,27.43000030517578,4.942999839782715,27.84000015258789
2001-03-03,111.16999816894531,27.43000030517578,4.942999839782715,27.84000015258789
2001-03-04,111.16999816894531,27.43000030517578,4.942999839782715,27.84000015258789
2001-03-05,111.54000091552734,27.1200008392334,4.9629998207092285,28.600000381469727
2001-03-06,111.19999694824219,25.889999389648438,4.9710001945495605,28.299999237060547
2001-03-07,111.83000183105469,24.1200008392334,4.919000148773193,28.950000762939453
2001-03-08,111.48999786376953,24.290000915527344,4.88700008392334,28.489999771118164
2001-03-09,111.44000244140625,25.6200008392334,4.931000232696533,27.799999237060547
2001-03-10,111.44000244140625,25.6200008392334,4.931000232696533,27.799999237060547
2001-03-11,111.44000244140625,25.6200008392334,4.931000232696533,27.799999237060547
2001-03-12,112.01000213623047,30.31999969482422,4.919000148773193,28.0
2001-03-13,113.11000061035156,27.549999237060547,4.931000232696533,27.450000762939453
2001-03-14,113.69999694824219,29.610000610351562,4.85099983215332,26.450000762939453
2001-03-15,114.70999908447266,28.559999465942383,4.803999900817871,26.649999618530273
2001-03-16,115.31999969482422,29.90999984741211,4.751999855041504,26.700000762939453
2001-03-17,115.31999969482422,29.90999984741211,4.751999855041504,26.700000762939453
2001-03-18,115.31999969482422,29.90999984741211,4.751999855041504,26.700000762939453
2001-03-19,115.19999694824219,29.780000686645508,4.815000057220459,26.18000030517578
2001-03-20,114.11000061035156,30.959999084472656,4.790999889373779,25.899999618530273
2001-03-21,115.52999877929688,31.93000030517578,4.76800012588501,26.799999237060547
2001-03-22,116.30000305175781,32.84000015258789,4.708000183105469,26.520000457763672
2001-03-23,115.94000244140625,30.450000762939453,4.798999786376953,27.299999237060547
2001-03-24,115.94000244140625,30.450000762939453,4.798999786376953,27.299999237060547
2001-03-25,115.94000244140625,30.450000762939453,4.798999786376953,27.299999237060547
2001-03-26,115.20999908447266,29.040000915527344,4.8470001220703125,27.459999084472656
2001-03-27,115.43000030517578,27.040000915527344,4.982999801635742,27.75
2001-03-28,116.01000213623047,28.579999923706055,4.9710001945495605,26.25
2001-03-29,116.5999984741211,29.170000076293945,4.9629998207092285,26.350000381469727
2001-03-30,117.37000274658203,28.639999389648438,4.914999961853027,26.399999618530273
2001-03-31,117.37000274658203,28.639999389648438,4.914999961853027,26.399999618530273
2001-04-01,117.37000274658203,28.639999389648438,4.914999961853027,26.399999618530273
2001-04-02,117.33999633789062,31.209999084472656,4.9710001945495605,25.59000015258789
2001-04-03,115.62999725341797,34.720001220703125,4.934999942779541,26.190000534057617
2001-04-04,115.08000183105469,34.06999969482422,4.922999858856201,27.1200008392334
2001-04-05,115.47000122070312,29.940000534057617,4.9629998207092285,27.260000228881836
2001-04-06,114.75,31.690000534057617,4.874000072479248,27.059999465942383
2001-04-07,114.75,31.690000534057617,4.874000072479248,27.059999465942383
2001-04-08,114.75,31.690000534057617,4.874000072479248,27.059999465942383
2001-04-09,115.20999908447266,31.90999984741211,4.906000137329102,27.34000015258789
2001-04-10,116.0199966430664,29.440000534057617,5.067999839782715,28.479999542236328
2001-04-11,116.12999725341797,28.459999084472656,5.109000205993652,28.18000030517578
2001-04-12,115.54000091552734,26.1200008392334,5.145999908447266,28.25
2001-04-13,115.54000091552734,26.1200008392334,5.145999908447266,28.25
2001-04-14,115.54000091552734,26.1200008392334,5.145999908447266,28.25
2001-04-15,115.54000091552734,26.1200008392334,5.145999908447266,28.25
2001-04-16,116.18000030517578,26.329999923706055,5.275000095367432,28.790000915527344
2001-04-17,116.45999908447266,25.610000610351562,5.188000202178955,28.239999771118164
2001-04-18,116.12999725341797,24.1299991607666,5.118000030517578,27.950000762939453
2001-04-19,115.0199966430664,24.15999984741211,5.232999801635742,27.829999923706055
2001-04-20,114.31999969482422,25.3799991607666,5.263000011444092,27.280000686645508
2001-04-21,114.31999969482422,25.3799991607666,5.263000011444092,27.280000686645508
2001-04-22,114.31999969482422,25.3799991607666,5.263000011444092,27.280000686645508
2001-04-23,114.7699966430664,28.15999984741211,5.188000202178955,27.610000610351562
2001-04-24,115.19999694824219,28.489999771118164,5.188000202178955,26.860000610351562
2001-04-25,114.9800033569336,27.399999618530273,5.254000186920166,27.290000915527344
2001-04-26,114.45999908447266,25.959999084472656,5.191999912261963,28.440000534057617
2001-04-27,115.62000274658203,24.020000457763672,5.313000202178955,28.270000457763672
2001-04-28,115.62000274658203,24.020000457763672,5.313000202178955,28.270000457763672
2001-04-29,115.62000274658203,24.020000457763672,5.313000202178955,28.270000457763672
2001-04-30,115.8499984741211,25.479999542236328,5.3379998207092285,28.459999084472656
2001-05-01,115.30000305175781,24.200000762939453,5.288000106811523,28.940000534057617
2001-05-02,115.16000366210938,24.229999542236328,5.283999919891357,27.799999237060547
2001-05-03,115.37999725341797,25.780000686645508,5.201000213623047,28.450000762939453
2001-05-04,114.93000030517578,23.90999984741211,5.184000015258789,28.360000610351562
2001-05-05,114.93000030517578,23.90999984741211,5.184000015258789,28.360000610351562
2001-05-06,114.93000030517578,23.90999984741211,5.184000015258789,28.360000610351562
2001-05-07,115.31999969482422,24.860000610351562,5.204999923706055,27.770000457763672
2001-05-08,116.08000183105469,24.440000534057617,5.2170000076293945,27.389999389648438
2001-05-09,116.05000305175781,24.350000381469727,5.168000221252441,28.229999542236328
2001-05-10,116.37000274658203,24.0,5.271999835968018,28.520000457763672
2001-05-11,116.83999633789062,23.540000915527344,5.484000205993652,28.549999237060547
2001-05-12,116.83999633789062,23.540000915527344,5.484000205993652,28.549999237060547
2001-05-13,116.83999633789062,23.540000915527344,5.484000205993652,28.549999237060547
2001-05-14,117.13999938964844,24.260000228881836,5.415999889373779,28.709999084472656
2001-05-15,116.79000091552734,23.709999084472656,5.480000019073486,28.979999542236328
2001-05-16,116.13999938964844,21.889999389648438,5.4670000076293945,28.860000610351562
2001-05-17,116.12000274658203,21.469999313354492,5.4670000076293945,28.90999984741211
2001-05-18,116.41000366210938,21.229999542236328,5.390999794006348,29.90999984741211
2001-05-19,116.41000366210938,21.229999542236328,5.390999794006348,29.90999984741211
2001-05-20,116.41000366210938,21.229999542236328,5.390999794006348,29.90999984741211
2001-05-21,116.5199966430664,20.760000228881836,5.386000156402588,29.979999542236328
2001-05-22,117.69000244140625,21.350000381469727,5.39900016784668,29.739999771118164
2001-05-23,118.29000091552734,22.079999923706055,5.390999794006348,29.579999923706055
2001-05-24,118.36000061035156,20.56999969482422,5.488999843597412,28.40999984741211
2001-05-25,118.18000030517578,20.600000381469727,5.485000133514404,28.3799991607666
2001-05-26,118.18000030517578,20.600000381469727,5.485000133514404,28.3799991607666
2001-05-27,118.18000030517578,20.600000381469727,5.485000133514404,28.3799991607666
2001-05-28,118.18000030517578,20.600000381469727,5.485000133514404,28.3799991607666
2001-05-29,118.22000122070312,22.139999389648438,5.506999969482422,28.65999984741211
2001-05-30,118.22000122070312,22.760000228881836,5.502999782562256,28.549999237060547
2001-05-31,119.06999969482422,22.639999389648438,5.413000106811523,28.3700008392334
2001-06-01,118.88999938964844,21.59000015258789,5.354000091552734,27.93000030517578
2001-06-02,118.88999938964844,21.59000015258789,5.354000091552734,27.93000030517578
2001-06-03,118.88999938964844,21.59000015258789,5.354000091552734,27.93000030517578
2001-06-04,119.19000244140625,21.3799991607666,5.323999881744385,28.1299991607666
2001-06-05,118.69999694824219,19.579999923706055,5.261000156402588,28.239999771118164
2001-06-06,119.36000061035156,20.389999389648438,5.264999866485596,27.719999313354492
2001-06-07,119.08999633789062,19.670000076293945,5.295000076293945,27.75
2001-06-08,119.20999908447266,19.920000076293945,5.333000183105469,28.399999618530273
2001-06-09,119.20999908447266,19.920000076293945,5.333000183105469,28.399999618530273
2001-06-10,119.20999908447266,19.920000076293945,5.333000183105469,28.399999618530273
2001-06-11,120.05000305175781,20.700000762939453,5.2870001792907715,29.040000915527344
2001-06-12,119.61000061035156,20.700000762939453,5.239999771118164,29.18000030517578
2001-06-13,119.02999877929688,21.450000762939453,5.256999969482422,28.84000015258789
2001-06-14,117.98999786376953,23.1200008392334,5.215000152587891,29.040000915527344
2001-06-15,118.29000091552734,22.809999465942383,5.228000164031982,28.510000228881836
2001-06-16,118.29000091552734,22.809999465942383,5.228000164031982,28.510000228881836
2001-06-17,118.29000091552734,22.809999465942383,5.228000164031982,28.510000228881836
2001-06-18,118.36000061035156,23.170000076293945,5.241000175476074,27.549999237060547
2001-06-19,119.04000091552734,22.34000015258789,5.228000164031982,27.479999542236328
2001-06-20,119.12999725341797,21.709999084472656,5.198999881744385,26.5
2001-06-21,118.88999938964844,19.3799991607666,5.177999973297119,26.559999465942383
2001-06-22,118.91000366210938,20.020000457763672,5.124000072479248,26.829999923706055
2001-06-23,118.91000366210938,20.020000457763672,5.124000072479248,26.829999923706055
2001-06-24,118.91000366210938,20.020000457763672,5.124000072479248,26.829999923706055
2001-06-25,118.31999969482422,20.670000076293945,5.131999969482422,27.25
2001-06-26,118.06999969482422,21.200000762939453,5.223999977111816,26.979999542236328
2001-06-27,118.37999725341797,20.8799991607666,5.232999801635742,25.610000610351562
2001-06-28,120.01000213623047,20.010000228881836,5.326000213623047,25.559999465942383
2001-06-29,119.43000030517578,19.059999465942383,5.389999866485596,26.25
2001-06-30,119.43000030517578,19.059999465942383,5.389999866485596,26.25
2001-07-01,119.43000030517578,19.059999465942383,5.389999866485596,26.25
2001-07-02,119.66999816894531,18.760000228881836,5.330999851226807,25.950000762939453
2001-07-03,119.5999984741211,18.920000076293945,5.377999782562256,26.239999771118164
2001-07-04,119.91000366210938,18.920000076293945,5.377999782562256,26.239999771118164
2001-07-05,120.9000015258789,20.09000015258789,5.4120001792907715,27.020000457763672
2001-07-06,119.9000015258789,21.6299991607666,5.374000072479248,28.209999084472656
2001-07-07,119.9000015258789,21.6299991607666,5.374000072479248,28.209999084472656
2001-07-08,119.9000015258789,21.6299991607666,5.374000072479248,28.209999084472656
2001-07-09,119.88999938964844,22.479999542236328,5.340000152587891,27.59000015258789
2001-07-10,119.12999725341797,23.25,5.271999835968018,27.489999771118164
2001-07-11,118.63999938964844,24.010000228881836,5.284999847412109,27.110000610351562
2001-07-12,119.08999633789062,22.09000015258789,5.230000019073486,26.799999237060547
2001-07-13,119.33000183105469,21.139999389648438,5.234000205993652,26.59000015258789
2001-07-14,119.33000183105469,21.139999389648438,5.234000205993652,26.59000015258789
2001-07-15,119.33000183105469,21.139999389648438,5.234000205993652,26.59000015258789
2001-07-16,119.30000305175781,22.90999984741211,5.175000190734863,26.059999465942383
2001-07-17,118.9000015258789,22.610000610351562,5.178999900817871,25.56999969482422
2001-07-18,117.37999725341797,23.600000381469727,5.086999893188477,24.889999389648438
2001-07-19,117.33000183105469,22.510000228881836,5.104000091552734,24.700000762939453
2001-07-20,117.20999908447266,22.34000015258789,5.111999988555908,25.59000015258789
2001-07-21,117.20999908447266,22.34000015258789,5.111999988555908,25.59000015258789
2001-07-22,117.20999908447266,22.34000015258789,5.111999988555908,25.59000015258789
2001-07-23,117.8499984741211,23.739999771118164,5.107999801635742,26.1200008392334
2001-07-24,117.12000274658203,25.239999771118164,5.086999893188477,26.309999465942383
2001-07-25,116.63999938964844,24.0,5.107999801635742,26.84000015258789
2001-07-26,116.73999786376953,23.010000228881836,5.150000095367432,26.729999542236328
2001-07-27,116.94000244140625,22.0,5.0960001945495605,27.020000457763672
2001-07-28,116.94000244140625,22.0,5.0960001945495605,27.020000457763672
2001-07-29,116.94000244140625,22.0,5.0960001945495605,27.020000457763672
2001-07-30,117.19999694824219,22.690000534057617,5.0960001945495605,26.6299991607666
2001-07-31,117.18000030517578,21.6200008392334,5.0370001792907715,26.350000381469727
2001-08-01,116.55999755859375,20.559999465942383,5.065999984741211,26.770000457763672
2001-08-02,116.27999877929688,20.09000015258789,5.125,27.709999084472656
2001-08-03,116.13999938964844,19.889999389648438,5.158999919891357,27.6200008392334
2001-08-04,116.13999938964844,19.889999389648438,5.158999919891357,27.6200008392334
2001-08-05,116.13999938964844,19.889999389648438,5.158999919891357,27.6200008392334
2001-08-06,116.41999816894531,21.889999389648438,5.176000118255615,27.739999771118164
2001-08-07,116.83000183105469,21.010000228881836,5.171999931335449,27.940000534057617
2001-08-08,116.54000091552734,22.31999969482422,5.053999900817871,27.540000915527344
2001-08-09,115.25,21.75,5.0279998779296875,27.639999389648438
2001-08-10,115.29000091552734,20.549999237060547,5.015999794006348,28.049999237060547
2001-08-11,115.29000091552734,20.549999237060547,5.015999794006348,28.049999237060547
2001-08-12,115.29000091552734,20.549999237060547,5.015999794006348,28.049999237060547
2001-08-13,115.01000213623047,20.420000076293945,4.960000038146973,27.81999969482422
2001-08-14,114.38999938964844,20.479999542236328,4.9679999351501465,28.010000228881836
2001-08-15,113.19000244140625,20.90999984741211,4.992000102996826,27.559999465942383
2001-08-16,113.08000183105469,21.540000915527344,4.935999870300293,27.450000762939453
2001-08-17,112.98999786376953,23.84000015258789,4.841000080108643,26.6299991607666
2001-08-18,112.98999786376953,23.84000015258789,4.841000080108643,26.6299991607666
2001-08-19,112.98999786376953,23.84000015258789,4.841000080108643,26.6299991607666
2001-08-20,113.4000015258789,22.8700008392334,4.895999908447266,27.18000030517578
2001-08-21,113.29000091552734,24.399999618530273,4.875999927520752,27.850000381469727
2001-08-22,113.2699966430664,22.440000534057617,4.895999908447266,26.3700008392334
2001-08-23,113.08999633789062,22.229999542236328,4.875999927520752,26.6299991607666
2001-08-24,113.33000183105469,19.709999084472656,4.9120001792907715,26.899999618530273
2001-08-25,113.33000183105469,19.709999084472656,4.9120001792907715,26.899999618530273
2001-08-26,113.33000183105469,19.709999084472656,4.9120001792907715,26.899999618530273
2001-08-27,113.38999938964844,20.559999465942383,4.932000160217285,26.670000076293945
2001-08-28,113.43000030517578,22.0,4.8480000495910645,27.170000076293945
2001-08-29,113.54000091552734,23.030000686645508,4.7769999504089355,27.049999237060547
2001-08-30,112.83999633789062,25.40999984741211,4.781000137329102,26.549999237060547
2001-08-31,113.41999816894531,24.920000076293945,4.815999984741211,27.200000762939453
2001-09-01,113.41999816894531,24.920000076293945,4.815999984741211,27.200000762939453
2001-09-02,113.41999816894531,24.920000076293945,4.815999984741211,27.200000762939453
2001-09-03,113.66999816894531,24.920000076293945,4.815999984741211,27.200000762939453
2001-09-04,115.68000030517578,25.850000381469727,4.979000091552734,26.93000030517578
2001-09-05,115.5999984741211,26.350000381469727,4.9670000076293945,26.950000762939453
2001-09-06,114.97000122070312,28.610000610351562,4.855999946594238,27.579999923706055
2001-09-07,114.05000305175781,30.989999771118164,4.796000003814697,28.030000686645508
2001-09-08,114.05000305175781,30.989999771118164,4.796000003814697,28.030000686645508
2001-09-09,114.05000305175781,30.989999771118164,4.796000003814697,28.030000686645508
2001-09-10,114.56999969482422,31.84000015258789,4.835000038146973,27.6299991607666
2001-09-11,114.56999969482422,31.84000015258789,4.835000038146973,27.6299991607666
2001-09-12,114.56999969482422,31.84000015258789,4.835000038146973,27.6299991607666
2001-09-13,114.56999969482422,31.84000015258789,4.835000038146973,27.6299991607666
2001-09-14,114.56999969482422,31.84000015258789,4.835000038146973,29.530000686645508
2001-09-15,114.56999969482422,31.84000015258789,4.835000038146973,29.530000686645508
2001-09-16,,,,29.530000686645508
2001-09-17,112.01000213623047,41.7599983215332,4.611000061035156,28.809999465942383
2001-09-18,111.91999816894531,38.869998931884766,4.704999923706055,27.700000762939453
2001-09-19,111.61000061035156,40.560001373291016,4.681000232696533,26.719999313354492
2001-09-20,111.87000274658203,43.7400016784668,4.728000164031982,26.59000015258789
2001-09-21,113.04000091552734,42.65999984741211,4.689000129699707,25.969999313354492
2001-09-22,113.04000091552734,42.65999984741211,4.689000129699707,25.969999313354492
2001-09-23,113.04000091552734,42.65999984741211,4.689000129699707,25.969999313354492
2001-09-24,112.83999633789062,37.75,4.699999809265137,22.010000228881836
2001-09-25,112.27999877929688,35.810001373291016,4.699999809265137,21.809999465942383
2001-09-26,112.29000091552734,35.2599983215332,4.63700008392334,22.3799991607666
2001-09-27,112.9800033569336,34.0,4.559000015258789,22.739999771118164
2001-09-28,113.4800033569336,31.93000030517578,4.574999809265137,23.43000030517578
2001-09-29,113.4800033569336,31.93000030517578,4.574999809265137,23.43000030517578
2001-09-30,113.4800033569336,31.93000030517578,4.574999809265137,23.43000030517578
2001-10-01,113.0,32.31999969482422,4.543000221252441,23.280000686645508
2001-10-02,113.01000213623047,31.18000030517578,4.51200008392334,22.790000915527344
2001-10-03,113.4000015258789,31.34000015258789,4.458000183105469,22.079999923706055
2001-10-04,113.16000366210938,31.969999313354492,4.507999897003174,22.6299991607666
2001-10-05,112.91000366210938,33.38999938964844,4.504000186920166,22.389999389648438
2001-10-06,112.91000366210938,33.38999938964844,4.504000186920166,22.389999389648438
2001-10-07,112.91000366210938,33.38999938964844,4.504000186920166,22.389999389648438
2001-10-08,112.58999633789062,35.119998931884766,4.504000186920166,22.450000762939453
2001-10-09,113.3499984741211,34.83000183105469,4.573999881744385,22.479999542236328
2001-10-10,113.69999694824219,31.600000381469727,4.589000225067139,22.530000686645508
2001-10-11,114.44000244140625,31.5,4.664000034332275,23.34000015258789
2001-10-12,113.88999938964844,35.27000045776367,4.658999919891357,22.5
2001-10-13,113.88999938964844,35.27000045776367,4.658999919891357,22.5
2001-10-14,113.88999938964844,35.27000045776367,4.658999919891357,22.5
2001-10-15,113.81999969482422,35.310001373291016,4.607999801635742,22.290000915527344
2001-10-16,113.91999816894531,32.880001068115234,4.568999767303467,22.0
2001-10-17,114.37999725341797,35.08000183105469,4.560999870300293,21.809999465942383
2001-10-18,114.3499984741211,34.95000076293945,4.560999870300293,21.309999465942383
2001-10-19,114.86000061035156,34.11000061035156,4.599999904632568,21.829999923706055
2001-10-20,114.86000061035156,34.11000061035156,4.599999904632568,21.829999923706055
2001-10-21,114.86000061035156,34.11000061035156,4.599999904632568,21.829999923706055
2001-10-22,115.75,32.25,4.604000091552734,21.760000228881836
2001-10-23,115.8499984741211,32.0,4.635000228881836,21.850000381469727
2001-10-24,115.5999984741211,30.950000762939453,4.584000110626221,22.329999923706055
2001-10-25,115.55000305175781,29.459999084472656,4.5370001792907715,22.010000228881836
2001-10-26,115.6500015258789,28.420000076293945,4.520999908447266,22.049999237060547
2001-10-27,115.6500015258789,28.420000076293945,4.520999908447266,22.049999237060547
2001-10-28,115.6500015258789,28.420000076293945,4.520999908447266,22.049999237060547
2001-10-29,114.44000244140625,31.639999389648438,4.4670000076293945,22.149999618530273
2001-10-30,114.3499984741211,33.459999084472656,4.4120001792907715,21.8700008392334
2001-10-31,114.86000061035156,33.560001373291016,4.263000011444092,21.18000030517578
2001-11-01,114.45999908447266,32.310001373291016,4.2170000076293945,20.389999389648438
2001-11-02,114.54000091552734,30.709999084472656,4.3460001945495605,20.18000030517578
2001-11-03,114.54000091552734,30.709999084472656,4.3460001945495605,20.18000030517578
2001-11-04,114.54000091552734,30.709999084472656,4.3460001945495605,20.18000030517578
2001-11-05,114.54000091552734,30.5,4.296000003814697,20.020000457763672
2001-11-06,114.80999755859375,28.799999237060547,4.269000053405762,19.920000076293945
2001-11-07,114.9800033569336,29.1299991607666,4.201000213623047,20.09000015258789
2001-11-08,115.12999725341797,28.6200008392334,4.302999973297119,21.170000076293945
2001-11-09,115.08999633789062,27.440000534057617,4.307000160217285,22.219999313354492
2001-11-10,115.08999633789062,27.440000534057617,4.307000160217285,22.219999313354492
2001-11-11,115.08999633789062,27.440000534057617,4.307000160217285,22.219999313354492
2001-11-12,115.33999633789062,29.350000381469727,4.314000129699707,21.229999542236328
2001-11-13,116.4000015258789,26.469999313354492,4.368000030517578,21.670000076293945
2001-11-14,116.19999694824219,26.559999465942383,4.514999866485596,19.739999771118164
2001-11-15,116.51000213623047,25.559999465942383,4.728000164031982,17.450000762939453
2001-11-16,116.41000366210938,25.06999969482422,4.885000228881836,18.030000686645508
2001-11-17,116.41000366210938,25.06999969482422,4.885000228881836,18.030000686645508
2001-11-18,116.41000366210938,25.06999969482422,4.885000228881836,18.030000686645508
2001-11-19,116.93000030517578,24.459999084472656,4.75600004196167,17.719999313354492
2001-11-20,116.62000274658203,24.1200008392334,4.86899995803833,19.149999618530273
2001-11-21,117.1500015258789,24.190000534057617,4.966000080108643,18.959999084472656
2001-11-22,117.30000305175781,24.190000534057617,4.966000080108643,18.959999084472656
2001-11-23,117.33000183105469,23.25,4.991000175476074,18.959999084472656
2001-11-24,117.33000183105469,23.25,4.991000175476074,18.959999084472656
2001-11-25,117.33000183105469,23.25,4.991000175476074,18.959999084472656
2001-11-26,117.11000061035156,23.790000915527344,5.002999782562256,18.690000534057617
2001-11-27,116.88999938964844,24.0,4.949999809265137,19.479999542236328
2001-11-28,116.16999816894531,25.899999618530273,4.946000099182129,19.219999313354492
2001-11-29,116.12999725341797,25.18000030517578,4.75600004196167,18.6200008392334
2001-11-30,116.12999725341797,23.84000015258789,4.74399995803833,19.440000534057617
2001-12-01,116.12999725341797,23.84000015258789,4.74399995803833,19.440000534057617
2001-12-02,116.12999725341797,23.84000015258789,4.74399995803833,19.440000534057617
2001-12-03,115.95999908447266,25.770000457763672,4.703000068664551,20.09000015258789
2001-12-04,116.08000183105469,24.079999923706055,4.6479997634887695,19.649999618530273
2001-12-05,116.41000366210938,23.020000457763672,4.901000022888184,19.489999771118164
2001-12-06,115.62999725341797,23.709999084472656,5.002999782562256,18.540000915527344
2001-12-07,116.1500015258789,23.489999771118164,5.1479997634887695,19.040000915527344
2001-12-08,116.1500015258789,23.489999771118164,5.1479997634887695,19.040000915527344
2001-12-09,116.1500015258789,23.489999771118164,5.1479997634887695,19.040000915527344
2001-12-10,116.26000213623047,25.6200008392334,5.136000156402588,18.3700008392334
2001-12-11,116.05000305175781,25.299999237060547,5.077000141143799,18.079999923706055
2001-12-12,115.33000183105469,24.8700008392334,4.973999977111816,18.360000610351562
2001-12-13,115.80000305175781,25.90999984741211,5.090000152587891,18.1200008392334
2001-12-14,114.93000030517578,24.6299991607666,5.160999774932861,19.290000915527344
2001-12-15,114.93000030517578,24.6299991607666,5.160999774932861,19.290000915527344
2001-12-16,114.93000030517578,24.6299991607666,5.160999774932861,19.290000915527344
2001-12-17,114.93000030517578,24.260000228881836,5.27400016784668,19.219999313354492
2001-12-18,115.1500015258789,23.290000915527344,5.131999969482422,19.360000610351562
2001-12-19,115.4800033569336,22.579999923706055,5.035999774932861,19.799999237060547
2001-12-20,115.58999633789062,23.670000076293945,5.048999786376953,19.280000686645508
2001-12-21,116.9800033569336,22.5,5.078000068664551,19.6200008392334
2001-12-22,116.9800033569336,22.5,5.078000068664551,19.6200008392334
2001-12-23,116.9800033569336,22.5,5.078000068664551,19.6200008392334
2001-12-24,117.94000244140625,22.6200008392334,5.131999969482422,19.6200008392334
2001-12-25,117.94000244140625,22.6200008392334,5.131999969482422,19.6200008392334
2001-12-26,117.8499984741211,22.290000915527344,5.177999973297119,21.270000457763672
2001-12-27,117.56999969482422,21.59000015258789,5.09499979019165,20.899999618530273
2001-12-28,117.26000213623047,21.399999618530273,5.10699987411499,20.40999984741211
2001-12-29,117.26000213623047,21.399999618530273,5.10699987411499,20.40999984741211
2001-12-30,117.26000213623047,21.399999618530273,5.10699987411499,20.40999984741211
2001-12-31,116.75,23.799999237060547,5.0320000648498535,19.84000015258789
2002-01-01,116.75,23.799999237060547,5.0320000648498535,19.84000015258789
2002-01-02,115.79000091552734,22.709999084472656,5.1570000648498535,21.010000228881836
2002-01-03,116.11000061035156,21.34000015258789,5.119999885559082,20.3700008392334
2002-01-04,116.33000183105469,20.450000762939453,5.140999794006348,21.6200008392334
2002-01-05,116.33000183105469,20.450000762939453,5.140999794006348,21.6200008392334
2002-01-06,116.33000183105469,20.450000762939453,5.140999794006348,21.6200008392334
2002-01-07,116.33000183105469,21.940000534057617,5.057000160217285,21.479999542236328
2002-01-08,116.83000183105469,21.829999923706055,5.057000160217285,21.25
2002-01-09,117.01000213623047,22.1299991607666,5.061999797821045,20.18000030517578
2002-01-10,116.87999725341797,22.360000610351562,4.961999893188477,20.3799991607666
2002-01-11,116.63999938964844,22.600000381469727,4.859000205993652,19.68000030517578
2002-01-12,116.63999938964844,22.600000381469727,4.859000205993652,19.68000030517578
2002-01-13,116.63999938964844,22.600000381469727,4.859000205993652,19.68000030517578
2002-01-14,116.63999938964844,23.579999923706055,4.868000030517578,18.889999389648438
2002-01-15,117.29000091552734,22.700000762939453,4.830999851226807,18.899999618530273
2002-01-16,117.58999633789062,23.450000762939453,4.839000225067139,18.860000610351562
2002-01-17,117.8499984741211,22.25,4.933000087738037,18.040000915527344
2002-01-18,117.51000213623047,22.520000457763672,4.888000011444092,18.0
2002-01-19,117.51000213623047,22.520000457763672,4.888000011444092,18.0
2002-01-20,117.51000213623047,22.520000457763672,4.888000011444092,18.0
2002-01-21,117.66000366210938,22.520000457763672,4.888000011444092,18.0
2002-01-22,117.75,23.610000610351562,4.900000095367432,18.600000381469727
2002-01-23,118.47000122070312,21.8799991607666,5.0,19.479999542236328
2002-01-24,118.63999938964844,21.149999618530273,5.0289998054504395,19.719999313354492
2002-01-25,119.8499984741211,21.010000228881836,5.071000099182129,20.0
2002-01-26,119.8499984741211,21.010000228881836,5.071000099182129,20.0
2002-01-27,119.8499984741211,21.010000228881836,5.071000099182129,20.0
2002-01-28,120.04000091552734,21.139999389648438,5.078999996185303,20.049999237060547
2002-01-29,119.62000274658203,24.350000381469727,4.974999904632568,19.56999969482422
2002-01-30,119.7300033569336,23.219999313354492,4.9710001945495605,19.149999618530273
2002-01-31,120.23999786376953,21.09000015258789,5.025000095367432,19.479999542236328
2002-02-01,119.79000091552734,21.1200008392334,4.979000091552734,20.399999618530273
2002-02-02,119.79000091552734,21.1200008392334,4.979000091552734,20.399999618530273
2002-02-03,119.79000091552734,21.1200008392334,4.979000091552734,20.399999618530273
2002-02-04,118.9000015258789,24.8700008392334,4.895999908447266,20.059999465942383
2002-02-05,119.4000015258789,25.450000762939453,4.925000190734863,20.049999237060547
2002-02-06,119.30000305175781,26.09000015258789,4.928999900817871,19.75
2002-02-07,119.06999969482422,25.110000610351562,4.931000232696533,19.68000030517578
2002-02-08,118.9800033569336,23.260000228881836,4.879000186920166,20.25
2002-02-09,118.9800033569336,23.260000228881836,4.879000186920166,20.25
2002-02-10,118.9800033569336,23.260000228881836,4.879000186920166,20.25
2002-02-11,118.44000244140625,21.780000686645508,4.89900016784668,21.31999969482422
2002-02-12,118.25,21.6200008392334,4.9670000076293945,20.75
2002-02-13,118.80000305175781,20.850000381469727,5.002999782562256,21.149999618530273
2002-02-14,118.43000030517578,21.770000457763672,4.959000110626221,21.219999313354492
2002-02-15,118.5999984741211,22.3700008392334,4.86299991607666,21.5
2002-02-16,118.5999984741211,22.3700008392334,4.86299991607666,21.5
2002-02-17,118.5999984741211,22.3700008392334,4.86299991607666,21.5
2002-02-18,118.76000213623047,22.3700008392334,4.86299991607666,21.5
2002-02-19,118.36000061035156,24.43000030517578,4.882999897003174,20.8700008392334
2002-02-20,118.93000030517578,22.65999984741211,4.879000186920166,20.229999542236328
2002-02-21,119.16000366210938,23.799999237060547,4.870999813079834,21.049999237060547
2002-02-22,118.4800033569336,22.860000610351562,4.827000141143799,21.079999923706055
2002-02-23,118.4800033569336,22.860000610351562,4.827000141143799,21.079999923706055
2002-02-24,118.4800033569336,22.860000610351562,4.827000141143799,21.079999923706055
2002-02-25,119.12999725341797,21.84000015258789,4.85099983215332,20.420000076293945
2002-02-26,119.81999969482422,21.68000030517578,4.914999961853027,21.360000610351562
2002-02-27,119.56999969482422,21.489999771118164,4.8470001220703125,21.290000915527344
2002-02-28,119.16000366210938,21.59000015258789,4.859000205993652,21.850000381469727
2002-03-01,119.4000015258789,19.959999084472656,4.9710001945495605,22.360000610351562
2002-03-02,119.4000015258789,19.959999084472656,4.9710001945495605,22.360000610351562
2002-03-03,119.4000015258789,19.959999084472656,4.9710001945495605,22.360000610351562
2002-03-04,118.80999755859375,20.5,4.999000072479248,22.5
2002-03-05,118.56999969482422,20.299999237060547,5.007999897003174,23.170000076293945
2002-03-06,117.95999908447266,19.940000534057617,5.0320000648498535,23.219999313354492
2002-03-07,116.80000305175781,20.040000915527344,5.211999893188477,23.780000686645508
2002-03-08,117.98999786376953,19.270000457763672,5.315999984741211,23.850000381469727
2002-03-09,117.98999786376953,19.270000457763672,5.315999984741211,23.850000381469727
2002-03-10,117.98999786376953,19.270000457763672,5.315999984741211,23.850000381469727
2002-03-11,117.7300033569336,19.84000015258789,5.320000171661377,24.299999237060547
2002-03-12,117.80000305175781,19.59000015258789,5.303999900817871,24.149999618530273
2002-03-13,117.95999908447266,19.459999084472656,5.26200008392334,24.149999618530273
2002-03-14,117.29000091552734,19.200000762939453,5.395999908447266,24.549999237060547
2002-03-15,117.22000122070312,18.420000076293945,5.36299991607666,24.479999542236328
2002-03-16,117.22000122070312,18.420000076293945,5.36299991607666,24.479999542236328
2002-03-17,117.22000122070312,18.420000076293945,5.36299991607666,24.479999542236328
2002-03-18,117.5,18.93000030517578,5.303999900817871,25.049999237060547
2002-03-19,117.5,18.15999984741211,5.324999809265137,25.049999237060547
2002-03-20,117.22000122070312,18.459999084472656,5.396999835968018,24.700000762939453
2002-03-21,117.5199966430664,18.149999618530273,5.383999824523926,25.600000381469727
2002-03-22,118.05000305175781,17.770000457763672,5.388999938964844,25.260000228881836
2002-03-23,118.05000305175781,17.770000457763672,5.388999938964844,25.260000228881836
2002-03-24,118.05000305175781,17.770000457763672,5.388999938964844,25.260000228881836
2002-03-25,118.0999984741211,18.479999542236328,5.406000137329102,25.020000457763672
2002-03-26,118.13999938964844,18.1299991607666,5.334000110626221,25.43000030517578
2002-03-27,118.54000091552734,17.700000762939453,5.329999923706055,25.8700008392334
2002-03-28,118.62000274658203,17.399999618530273,5.406000137329102,26.229999542236328
2002-03-29,118.62000274658203,17.399999618530273,5.406000137329102,26.229999542236328
2002-03-30,118.62000274658203,17.399999618530273,5.406000137329102,26.229999542236328
2002-03-31,118.62000274658203,17.399999618530273,5.406000137329102,26.229999542236328
2002-04-01,117.7699966430664,18.729999542236328,5.427999973297119,26.860000610351562
2002-04-02,117.91999816894531,19.15999984741211,5.3480000495910645,27.700000762939453
2002-04-03,117.68000030517578,20.200000762939453,5.284999847412109,27.559999465942383
2002-04-04,117.94000244140625,19.780000686645508,5.271999835968018,26.68000030517578
2002-04-05,117.69000244140625,19.1299991607666,5.210000038146973,26.219999313354492
2002-04-06,117.69000244140625,19.1299991607666,5.210000038146973,26.219999313354492
2002-04-07,117.69000244140625,19.1299991607666,5.210000038146973,26.219999313354492
2002-04-08,118.19999694824219,19.610000610351562,5.235000133514404,26.549999237060547
2002-04-09,117.58999633789062,19.469999313354492,5.210000038146973,25.799999237060547
2002-04-10,117.51000213623047,18.190000534057617,5.2230000495910645,26.1200008392334
2002-04-11,117.37000274658203,20.299999237060547,5.202000141143799,25.020000457763672
2002-04-12,117.73999786376953,19.420000076293945,5.156000137329102,23.450000762939453
2002-04-13,117.73999786376953,19.420000076293945,5.156000137329102,23.450000762939453
2002-04-14,117.73999786376953,19.420000076293945,5.156000137329102,23.450000762939453
2002-04-15,117.63999938964844,19.81999969482422,5.126999855041504,24.549999237060547
2002-04-16,117.37000274658203,18.110000610351562,5.177000045776367,24.850000381469727
2002-04-17,116.5999984741211,18.43000030517578,5.218999862670898,25.920000076293945
2002-04-18,116.38999938964844,19.290000915527344,5.215000152587891,26.09000015258789
2002-04-19,116.29000091552734,18.299999237060547,5.190000057220459,26.399999618530273
2002-04-20,116.29000091552734,18.299999237060547,5.190000057220459,26.399999618530273
2002-04-21,116.29000091552734,18.299999237060547,5.190000057220459,26.399999618530273
2002-04-22,116.43000030517578,19.770000457763672,5.169000148773193,26.299999237060547
2002-04-23,116.56999969482422,20.280000686645508,5.164999961853027,26.59000015258789
2002-04-24,116.1500015258789,20.770000457763672,5.09499979019165,26.43000030517578
2002-04-25,115.44999694824219,20.950000762939453,5.091000080108643,26.670000076293945
2002-04-26,115.04000091552734,22.139999389648438,5.058000087738037,27.149999618530273
2002-04-27,115.04000091552734,22.139999389648438,5.058000087738037,27.149999618530273
2002-04-28,115.04000091552734,22.139999389648438,5.058000087738037,27.149999618530273
2002-04-29,114.88999938964844,24.049999237060547,5.098999977111816,27.520000457763672
2002-04-30,115.19000244140625,21.90999984741211,5.091000080108643,27.290000915527344
2002-05-01,114.54000091552734,20.059999465942383,5.058000087738037,26.739999771118164
2002-05-02,114.87000274658203,20.06999969482422,5.098999977111816,26.350000381469727
2002-05-03,113.58999633789062,20.190000534057617,5.061999797821045,26.719999313354492
2002-05-04,113.58999633789062,20.190000534057617,5.061999797821045,26.719999313354492
2002-05-05,113.58999633789062,20.190000534057617,5.061999797821045,26.719999313354492
2002-05-06,113.66000366210938,22.559999465942383,5.078999996185303,26.079999923706055
2002-05-07,113.91999816894531,21.940000534057617,5.072999954223633,26.6200008392334
2002-05-08,114.91000366210938,20.389999389648438,5.210000038146973,27.729999542236328
2002-05-09,114.5199966430664,21.559999465942383,5.186999797821045,27.700000762939453
2002-05-10,113.94999694824219,22.40999984741211,5.126999855041504,27.8799991607666
2002-05-11,113.94999694824219,22.40999984741211,5.126999855041504,27.8799991607666
2002-05-12,113.94999694824219,22.40999984741211,5.126999855041504,27.8799991607666
2002-05-13,114.1500015258789,20.719999313354492,5.21999979019165,28.450000762939453
2002-05-14,115.08999633789062,19.350000381469727,5.294000148773193,29.299999237060547
2002-05-15,114.12000274658203,19.190000534057617,5.251999855041504,28.200000762939453
2002-05-16,114.12999725341797,18.5,5.186999797821045,27.969999313354492
2002-05-17,113.0,17.700000762939453,5.241000175476074,28.200000762939453
2002-05-18,113.0,17.700000762939453,5.241000175476074,28.200000762939453
2002-05-19,113.0,17.700000762939453,5.241000175476074,28.200000762939453
2002-05-20,112.81999969482422,19.239999771118164,5.189000129699707,28.200000762939453
2002-05-21,112.80000305175781,20.049999237060547,5.1479997634887695,27.0
2002-05-22,112.33000183105469,19.579999923706055,5.099999904632568,26.450000762939453
2002-05-23,112.79000091552734,18.229999542236328,5.1479997634887695,26.149999618530273
2002-05-24,112.80000305175781,18.899999618530273,5.138000011444092,25.8799991607666
2002-05-25,112.80000305175781,18.899999618530273,5.138000011444092,25.8799991607666
2002-05-26,112.80000305175781,18.899999618530273,5.138000011444092,25.8799991607666
2002-05-27,113.0,18.899999618530273,5.138000011444092,25.8799991607666
2002-05-28,112.0999984741211,20.309999465942383,5.133999824523926,25.18000030517578
2002-05-29,111.48999786376953,20.389999389648438,5.077000141143799,25.719999313354492
2002-05-30,111.16999816894531,20.610000610351562,5.0320000648498535,24.700000762939453
2002-05-31,111.80999755859375,19.979999542236328,5.043000221252441,25.350000381469727
2002-06-01,111.80999755859375,19.979999542236328,5.043000221252441,25.350000381469727
2002-06-02,111.80999755859375,19.979999542236328,5.043000221252441,25.350000381469727
2002-06-03,111.30000305175781,23.3700008392334,5.039999961853027,25.110000610351562
2002-06-04,111.08999633789062,23.889999389648438,5.01200008392334,25.299999237060547
2002-06-05,111.33999633789062,22.610000610351562,5.040999889373779,24.889999389648438
2002-06-06,110.83000183105469,24.15999984741211,5.010000228881836,24.93000030517578
2002-06-07,110.98999786376953,23.510000228881836,5.061999797821045,24.729999542236328
2002-06-08,110.98999786376953,23.510000228881836,5.061999797821045,24.729999542236328
2002-06-09,110.98999786376953,23.510000228881836,5.061999797821045,24.729999542236328
2002-06-10,111.0999984741211,23.719999313354492,5.043000221252441,24.31999969482422
2002-06-11,110.77999877929688,24.450000762939453,4.991000175476074,24.18000030517578
2002-06-12,111.0,24.149999618530273,4.949999809265137,24.68000030517578
2002-06-13,111.1500015258789,25.020000457763672,4.9070000648498535,25.639999389648438
2002-06-14,110.76000213623047,25.959999084472656,4.806000232696533,25.8700008392334
2002-06-15,110.76000213623047,25.959999084472656,4.806000232696533,25.8700008392334
2002-06-16,110.76000213623047,25.959999084472656,4.806000232696533,25.8700008392334
2002-06-17,110.8499984741211,24.639999389648438,4.855999946594238,26.09000015258789
2002-06-18,110.19999694824219,24.239999771118164,4.8480000495910645,25.350000381469727
2002-06-19,109.66999816894531,26.059999465942383,4.72599983215332,25.299999237060547
2002-06-20,108.94000244140625,27.479999542236328,4.826000213623047,25.600000381469727
2002-06-21,108.19000244140625,27.229999542236328,4.755000114440918,25.75
2002-06-22,108.19000244140625,27.229999542236328,4.755000114440918,25.75
2002-06-23,108.19000244140625,27.229999542236328,4.755000114440918,25.75
2002-06-24,108.20999908447266,26.979999542236328,4.843999862670898,26.469999313354492
2002-06-25,107.56999969482422,27.84000015258789,4.841000080108643,26.31999969482422
2002-06-26,106.55999755859375,28.420000076293945,4.706999778747559,26.760000228881836
2002-06-27,106.37000274658203,26.290000915527344,4.809999942779541,26.860000610351562
2002-06-28,106.11000061035156,25.399999618530273,4.823999881744385,26.860000610351562
2002-06-29,106.11000061035156,25.399999618530273,4.823999881744385,26.860000610351562
2002-06-30,106.11000061035156,25.399999618530273,4.823999881744385,26.860000610351562
2002-07-01,106.51000213623047,27.110000610351562,4.815000057220459,26.809999465942383
2002-07-02,106.80000305175781,28.959999084472656,4.739999771118164,26.770000457763672
2002-07-03,107.05000305175781,29.420000076293945,4.74399995803833,26.799999237060547
2002-07-04,107.33999633789062,29.420000076293945,4.74399995803833,26.799999237060547
2002-07-05,107.66999816894531,27.110000610351562,4.863999843597412,26.799999237060547
2002-07-06,107.66999816894531,27.110000610351562,4.863999843597412,26.799999237060547
2002-07-07,107.66999816894531,27.110000610351562,4.863999843597412,26.799999237060547
2002-07-08,106.30000305175781,28.25,4.811999797821045,26.06999969482422
2002-07-09,105.6500015258789,30.219999313354492,4.741000175476074,26.09000015258789
2002-07-10,106.01000213623047,34.099998474121094,4.645999908447266,26.770000457763672
2002-07-11,105.72000122070312,33.849998474121094,4.617000102996826,26.829999923706055
2002-07-12,105.88999938964844,32.939998626708984,4.59499979019165,27.469999313354492
2002-07-13,105.88999938964844,32.939998626708984,4.59499979019165,27.469999313354492
2002-07-14,105.88999938964844,32.939998626708984,4.59499979019165,27.469999313354492
2002-07-15,104.66999816894531,35.029998779296875,4.620999813079834,27.06999969482422
2002-07-16,104.48999786376953,36.650001525878906,4.709000110626221,27.75
2002-07-17,104.41999816894531,35.45000076293945,4.664999961853027,27.8799991607666
2002-07-18,104.47000122070312,35.119998931884766,4.610000133514404,27.56999969482422
2002-07-19,104.05999755859375,38.16999816894531,4.565000057220459,27.829999923706055
2002-07-20,104.05999755859375,38.16999816894531,4.565000057220459,27.829999923706055
2002-07-21,104.05999755859375,38.16999816894531,4.565000057220459,27.829999923706055
2002-07-22,104.75,41.869998931884766,4.4670000076293945,26.600000381469727
2002-07-23,106.66000366210938,44.91999816894531,4.426000118255615,26.309999465942383
2002-07-24,105.5199966430664,39.86000061035156,4.4029998779296875,26.8700008392334
2002-07-25,105.12000274658203,39.27000045776367,4.388000011444092,26.770000457763672
2002-07-26,106.61000061035156,35.5099983215332,4.367000102996826,26.540000915527344
2002-07-27,106.61000061035156,35.5099983215332,4.367000102996826,26.540000915527344
2002-07-28,106.61000061035156,35.5099983215332,4.367000102996826,26.540000915527344
2002-07-29,107.0999984741211,31.329999923706055,4.5329999923706055,26.549999237060547
2002-07-30,106.80000305175781,31.920000076293945,4.580999851226807,27.360000610351562
2002-07-31,107.41000366210938,32.029998779296875,4.465000152587891,27.020000457763672
2002-08-01,107.0199966430664,36.95000076293945,4.401000022888184,26.469999313354492
2002-08-02,106.66999816894531,41.290000915527344,4.261000156402588,26.84000015258789
2002-08-03,106.66999816894531,41.290000915527344,4.261000156402588,26.84000015258789
2002-08-04,106.66999816894531,41.290000915527344,4.261000156402588,26.84000015258789
2002-08-05,107.2699966430664,45.08000183105469,4.23799991607666,26.579999923706055
2002-08-06,108.69000244140625,42.029998779296875,4.36899995803833,27.170000076293945
2002-08-07,107.8499984741211,38.72999954223633,4.291999816894531,26.5
2002-08-08,108.66000366210938,36.33000183105469,4.414999961853027,26.670000076293945
2002-08-09,108.20999908447266,35.33000183105469,4.267000198364258,26.860000610351562
2002-08-10,108.20999908447266,35.33000183105469,4.267000198364258,26.860000610351562
2002-08-11,108.20999908447266,35.33000183105469,4.267000198364258,26.860000610351562
2002-08-12,107.41000366210938,37.04999923706055,4.2170000076293945,27.860000610351562
2002-08-13,107.11000061035156,35.81999969482422,4.116000175476074,27.899999618530273
2002-08-14,106.79000091552734,32.36000061035156,4.063000202178955,28.149999618530273
2002-08-15,106.72000122070312,29.43000030517578,4.163000106811523,29.059999465942383
2002-08-16,106.72000122070312,28.809999465942383,4.316999912261963,29.329999923706055
2002-08-17,106.72000122070312,28.809999465942383,4.316999912261963,29.329999923706055
2002-08-18,106.72000122070312,28.809999465942383,4.316999912261963,29.329999923706055
2002-08-19,107.5199966430664,28.610000610351562,4.297999858856201,29.84000015258789
2002-08-20,107.30999755859375,29.59000015258789,4.158999919891357,30.110000610351562
2002-08-21,107.13999938964844,28.229999542236328,4.190000057220459,29.239999771118164
2002-08-22,108.12999725341797,27.75,4.289999961853027,28.84000015258789
2002-08-23,107.97000122070312,29.31999969482422,4.228000164031982,28.729999542236328
2002-08-24,107.97000122070312,29.31999969482422,4.228000164031982,28.729999542236328
2002-08-25,107.97000122070312,29.31999969482422,4.228000164031982,28.729999542236328
2002-08-26,107.86000061035156,29.889999389648438,4.205999851226807,29.280000686645508
2002-08-27,106.7699966430664,30.110000610351562,4.2820000648498535,28.829999923706055
2002-08-28,107.08000183105469,33.31999969482422,4.2179999351501465,28.34000015258789
2002-08-29,106.69999694824219,33.66999816894531,4.160999774932861,28.920000076293945
2002-08-30,106.9800033569336,32.63999938964844,4.13700008392334,28.979999542236328
2002-08-31,106.9800033569336,32.63999938964844,4.13700008392334,28.979999542236328
2002-09-01,106.9800033569336,32.63999938964844,4.13700008392334,28.979999542236328
2002-09-02,106.9800033569336,32.63999938964844,4.13700008392334,28.979999542236328
2002-09-03,105.56999969482422,39.970001220703125,3.9800000190734863,27.790000915527344
2002-09-04,106.0999984741211,37.439998626708984,3.953000068664551,28.270000457763672
2002-09-05,105.9800033569336,38.86000061035156,3.9100000858306885,28.979999542236328
2002-09-06,106.83999633789062,36.33000183105469,4.035999774932861,29.610000610351562
2002-09-07,106.83999633789062,36.33000183105469,4.035999774932861,29.610000610351562
2002-09-08,106.83999633789062,36.33000183105469,4.035999774932861,29.610000610351562
2002-09-09,107.0999984741211,36.45000076293945,4.046999931335449,29.729999542236328
2002-09-10,107.5199966430664,35.08000183105469,3.98799991607666,29.729999542236328
2002-09-11,107.62000274658203,34.810001373291016,4.058000087738037,29.770000457763672
2002-09-12,107.16000366210938,37.5,3.9670000076293945,28.850000381469727
2002-09-13,108.05999755859375,35.81999969482422,3.9000000953674316,29.809999465942383
2002-09-14,108.05999755859375,35.81999969482422,3.9000000953674316,29.809999465942383
2002-09-15,108.05999755859375,35.81999969482422,3.9000000953674316,29.809999465942383
2002-09-16,108.23999786376953,36.7400016784668,3.874000072479248,29.670000076293945
2002-09-17,108.33000183105469,38.0099983215332,3.86299991607666,29.079999923706055
2002-09-18,107.76000213623047,37.52000045776367,3.8489999771118164,29.479999542236328
2002-09-19,107.0,40.650001525878906,3.7799999713897705,29.5
2002-09-20,107.52999877929688,38.97999954223633,3.7760000228881836,29.84000015258789
2002-09-21,107.52999877929688,38.97999954223633,3.7760000228881836,29.84000015258789
2002-09-22,107.52999877929688,38.97999954223633,3.7760000228881836,29.84000015258789
2002-09-23,107.86000061035156,39.68000030517578,3.680999994277954,30.709999084472656
2002-09-24,107.5199966430664,40.52000045776367,3.6459999084472656,30.770000457763672
2002-09-25,107.79000091552734,37.33000183105469,3.759000062942505,30.639999389648438
2002-09-26,107.68000030517578,34.599998474121094,3.7660000324249268,30.40999984741211
2002-09-27,107.52999877929688,36.970001220703125,3.688999891281128,30.540000915527344
2002-09-28,107.52999877929688,36.970001220703125,3.688999891281128,30.540000915527344
2002-09-29,107.52999877929688,36.970001220703125,3.688999891281128,30.540000915527344
2002-09-30,106.87000274658203,39.689998626708984,3.6070001125335693,30.469999313354492
2002-10-01,107.06999969482422,34.119998931884766,3.6989998817443848,30.829999923706055
2002-10-02,107.16000366210938,36.83000183105469,3.700000047683716,30.489999771118164
2002-10-03,106.97000122070312,37.310001373291016,3.684000015258789,29.760000228881836
2002-10-04,107.5999984741211,39.459999084472656,3.684999942779541,29.6200008392334
2002-10-05,107.5999984741211,39.459999084472656,3.684999942779541,29.6200008392334
2002-10-06,107.5999984741211,39.459999084472656,3.684999942779541,29.6200008392334
2002-10-07,107.55000305175781,42.63999938964844,3.630000114440918,29.639999389648438
2002-10-08,108.06999969482422,41.02000045776367,3.635999917984009,29.479999542236328
2002-10-09,106.94000244140625,42.130001068115234,3.5799999237060547,29.350000381469727
2002-10-10,107.19999694824219,37.54999923706055,3.6549999713897705,28.969999313354492
2002-10-11,107.25,35.70000076293945,3.812999963760376,29.3700008392334
2002-10-12,107.25,35.70000076293945,3.812999963760376,29.3700008392334
2002-10-13,107.25,35.70000076293945,3.812999963760376,29.3700008392334
2002-10-14,107.1500015258789,36.040000915527344,3.811000108718872,30.030000686645508
2002-10-15,107.77999877929688,34.02000045776367,3.996000051498413,29.719999313354492
2002-10-16,107.62999725341797,36.0,4.033999919891357,29.469999313354492
2002-10-17,108.37000274658203,34.099998474121094,4.136000156402588,29.6200008392334
2002-10-18,108.5199966430664,33.529998779296875,4.133999824523926,29.600000381469727
2002-10-19,108.5199966430664,33.529998779296875,4.133999824523926,29.600000381469727
2002-10-20,108.5199966430664,33.529998779296875,4.133999824523926,29.600000381469727
2002-10-21,108.2300033569336,33.11000061035156,4.2210001945495605,28.3799991607666
2002-10-22,107.94000244140625,34.09000015258789,4.251999855041504,27.920000076293945
2002-10-23,108.0,33.20000076293945,4.236000061035156,28.18000030517578
2002-10-24,107.91000366210938,34.029998779296875,4.142000198364258,28.200000762939453
2002-10-25,107.91999816894531,30.0,4.09499979019165,27.049999237060547
2002-10-26,107.91999816894531,30.0,4.09499979019165,27.049999237060547
2002-10-27,107.91999816894531,30.0,4.09499979019165,27.049999237060547
2002-10-28,107.16000366210938,31.06999969482422,4.084000110626221,27.290000915527344
2002-10-29,107.06999969482422,32.27000045776367,3.934000015258789,26.860000610351562
2002-10-30,107.06999969482422,31.229999542236328,3.9660000801086426,26.809999465942383
2002-10-31,106.63999938964844,31.139999389648438,3.9110000133514404,27.219999313354492
2002-11-01,106.08000183105469,29.299999237060547,3.9769999980926514,27.1299991607666
2002-11-02,106.08000183105469,29.299999237060547,3.9769999980926514,27.1299991607666
2002-11-03,106.08000183105469,29.299999237060547,3.9769999980926514,27.1299991607666
2002-11-04,106.12000274658203,30.81999969482422,4.045000076293945,26.950000762939453
2002-11-05,105.87000274658203,31.229999542236328,4.080999851226807,26.139999389648438
2002-11-06,105.5999984741211,30.729999542236328,4.034999847412109,25.770000457763672
2002-11-07,104.97000122070312,31.420000076293945,3.881999969482422,25.3799991607666
2002-11-08,104.5,29.40999984741211,3.8519999980926514,25.780000686645508
2002-11-09,104.5,29.40999984741211,3.8519999980926514,25.780000686645508
2002-11-10,104.5,29.40999984741211,3.8519999980926514,25.780000686645508
2002-11-11,104.56999969482422,31.299999237060547,3.8519999980926514,25.940000534057617
2002-11-12,104.66000366210938,30.579999923706055,3.8510000705718994,25.899999618530273
2002-11-13,105.0999984741211,31.239999771118164,3.8380000591278076,25.190000534057617
2002-11-14,105.20999908447266,28.670000076293945,4.020999908447266,25.290000915527344
2002-11-15,105.04000091552734,26.649999618530273,4.051000118255615,25.510000228881836
2002-11-16,105.04000091552734,26.649999618530273,4.051000118255615,25.510000228881836
2002-11-17,105.04000091552734,26.649999618530273,4.051000118255615,25.510000228881836
2002-11-18,105.19999694824219,27.65999984741211,4.019000053405762,26.709999084472656
2002-11-19,105.66999816894531,27.40999984741211,3.9800000190734863,26.420000076293945
2002-11-20,105.87000274658203,25.31999969482422,4.074999809265137,26.979999542236328
2002-11-21,105.80999755859375,23.809999465942383,4.14300012588501,26.350000381469727
2002-11-22,106.12000274658203,23.15999984741211,4.175000190734863,26.760000228881836
2002-11-23,106.12000274658203,23.15999984741211,4.175000190734863,26.760000228881836
2002-11-24,106.12000274658203,23.15999984741211,4.175000190734863,26.760000228881836
2002-11-25,106.54000091552734,24.06999969482422,4.184000015258789,26.110000610351562
2002-11-26,106.52999877929688,25.969999313354492,4.078999996185303,26.399999618530273
2002-11-27,106.7699966430664,27.25,4.260000228881836,26.889999389648438
2002-11-28,106.54000091552734,27.25,4.260000228881836,26.889999389648438
2002-11-29,106.41000366210938,27.5,4.2129998207092285,26.889999389648438
2002-11-30,106.41000366210938,27.5,4.2129998207092285,26.889999389648438
2002-12-01,106.41000366210938,27.5,4.2129998207092285,26.889999389648438
2002-12-02,106.3499984741211,27.459999084472656,4.218999862670898,27.239999771118164
2002-12-03,106.37000274658203,28.329999923706055,4.232999801635742,27.299999237060547
2002-12-04,106.13999938964844,28.920000076293945,4.171999931335449,26.729999542236328
2002-12-05,106.0999984741211,30.100000381469727,4.113999843597412,27.290000915527344
2002-12-06,105.36000061035156,28.8799991607666,4.0929999351501465,26.93000030517578
2002-12-07,105.36000061035156,28.8799991607666,4.0929999351501465,26.93000030517578
2002-12-08,105.36000061035156,28.8799991607666,4.0929999351501465,26.93000030517578
2002-12-09,105.23999786376953,30.780000686645508,4.050000190734863,27.260000228881836
2002-12-10,105.37000274658203,28.760000228881836,4.048999786376953,27.75
2002-12-11,105.3499984741211,27.760000228881836,3.99399995803833,27.399999618530273
2002-12-12,104.51000213623047,27.290000915527344,4.00600004196167,27.920000076293945
2002-12-13,103.9800033569336,28.18000030517578,4.061999797821045,28.440000534057617
2002-12-14,103.9800033569336,28.18000030517578,4.061999797821045,28.440000534057617
2002-12-15,103.9800033569336,28.18000030517578,4.061999797821045,28.440000534057617
2002-12-16,104.05999755859375,26.239999771118164,4.130000114440918,30.100000381469727
2002-12-17,103.51000213623047,26.65999984741211,4.113999843597412,30.100000381469727
2002-12-18,103.62999725341797,28.290000915527344,4.053999900817871,30.440000534057617
2002-12-19,103.4800033569336,30.209999084472656,3.9489998817443848,30.559999465942383
2002-12-20,103.45999908447266,26.709999084472656,3.953000068664551,30.299999237060547
2002-12-21,103.45999908447266,26.709999084472656,3.953000068664551,30.299999237060547
2002-12-22,103.45999908447266,26.709999084472656,3.953000068664551,30.299999237060547
2002-12-23,103.63999938964844,26.200000762939453,3.9670000076293945,31.75
2002-12-24,103.25,26.489999771118164,3.936000108718872,31.969999313354492
2002-12-25,103.25,26.489999771118164,3.936000108718872,31.969999313354492
2002-12-26,102.81999969482422,27.3700008392334,3.9140000343322754,32.4900016784668
2002-12-27,102.41000366210938,29.549999237060547,3.812999963760376,32.720001220703125
2002-12-28,102.41000366210938,29.549999237060547,3.812999963760376,32.720001220703125
2002-12-29,102.41000366210938,29.549999237060547,3.812999963760376,32.720001220703125
2002-12-30,102.01000213623047,29.6200008392334,3.7839999198913574,31.3700008392334
2002-12-31,101.8499984741211,28.6200008392334,3.818000078201294,31.200000762939453
2003-01-01,101.8499984741211,28.6200008392334,3.818000078201294,31.200000762939453
2003-01-02,102.9800033569336,25.389999389648438,4.0320000648498535,31.850000381469727
2003-01-03,102.47000122070312,24.68000030517578,4.038000106811523,33.08000183105469
2003-01-04,102.47000122070312,24.68000030517578,4.038000106811523,33.08000183105469
2003-01-05,102.47000122070312,24.68000030517578,4.038000106811523,33.08000183105469
2003-01-06,101.97000122070312,24.90999984741211,4.065999984741211,32.099998474121094
2003-01-07,102.56999969482422,25.1299991607666,4.025000095367432,31.079999923706055
2003-01-08,101.87000274658203,25.530000686645508,3.9809999465942383,30.559999465942383
2003-01-09,101.94000244140625,24.25,4.1479997634887695,31.989999771118164
2003-01-10,101.2300033569336,24.31999969482422,4.1519999504089355,31.68000030517578
2003-01-11,101.2300033569336,24.31999969482422,4.1519999504089355,31.68000030517578
2003-01-12,101.2300033569336,24.31999969482422,4.1519999504089355,31.68000030517578
2003-01-13,101.47000122070312,24.899999618530273,4.127999782562256,32.2599983215332
2003-01-14,101.20999908447266,24.56999969482422,4.085000038146973,32.369998931884766
2003-01-15,101.33999633789062,25.510000228881836,4.072000026702881,33.20000076293945
2003-01-16,100.79000091552734,25.010000228881836,4.067999839782715,33.65999984741211
2003-01-17,100.55000305175781,25.700000762939453,4.014999866485596,33.90999984741211
2003-01-18,100.55000305175781,25.700000762939453,4.014999866485596,33.90999984741211
2003-01-19,100.55000305175781,25.700000762939453,4.014999866485596,33.90999984741211
2003-01-20,100.55000305175781,25.700000762939453,4.014999866485596,33.90999984741211
2003-01-21,100.2300033569336,27.59000015258789,3.989000082015991,34.61000061035156
2003-01-22,100.2300033569336,29.010000228881836,3.9230000972747803,32.849998474121094
2003-01-23,99.86000061035156,27.530000686645508,3.947000026702881,32.25
2003-01-24,99.22000122070312,31.510000228881836,3.9030001163482666,33.279998779296875
2003-01-25,99.22000122070312,31.510000228881836,3.9030001163482666,33.279998779296875
2003-01-26,99.22000122070312,31.510000228881836,3.9030001163482666,33.279998779296875
2003-01-27,99.26000213623047,34.689998626708984,3.9570000171661377,32.290000915527344
2003-01-28,99.4800033569336,31.93000030517578,3.9779999256134033,32.66999816894531
2003-01-29,99.27999877929688,31.260000228881836,4.0329999923706055,33.630001068115234
2003-01-30,99.5199966430664,31.31999969482422,3.990000009536743,33.849998474121094
2003-01-31,99.91000366210938,31.170000076293945,3.9749999046325684,33.5099983215332
2003-02-01,99.91000366210938,31.170000076293945,3.9749999046325684,33.5099983215332
2003-02-02,99.91000366210938,31.170000076293945,3.9749999046325684,33.5099983215332
2003-02-03,99.9000015258789,31.020000457763672,3.992000102996826,32.7599983215332
2003-02-04,99.13999938964844,32.7599983215332,3.930999994277954,33.58000183105469
2003-02-05,99.6500015258789,33.040000915527344,4.000999927520752,33.93000030517578
2003-02-06,99.45999908447266,33.349998474121094,3.944999933242798,34.15999984741211
2003-02-07,99.56999969482422,34.0099983215332,3.9240000247955322,35.119998931884766
2003-02-08,99.56999969482422,34.0099983215332,3.9240000247955322,35.119998931884766
2003-02-09,99.56999969482422,34.0099983215332,3.9240000247955322,35.119998931884766
2003-02-10,100.2699966430664,33.9900016784668,3.9769999980926514,34.47999954223633
2003-02-11,100.38999938964844,33.68000030517578,3.9570000171661377,35.439998626708984
2003-02-12,100.51000213623047,34.33000183105469,3.9119999408721924,35.77000045776367
2003-02-13,99.58999633789062,33.70000076293945,3.871000051498413,36.36000061035156
2003-02-14,100.04000091552734,32.619998931884766,3.9519999027252197,36.79999923706055
2003-02-15,100.04000091552734,32.619998931884766,3.9519999027252197,36.79999923706055
2003-02-16,100.04000091552734,32.619998931884766,3.9519999027252197,36.79999923706055
2003-02-17,100.04000091552734,32.619998931884766,3.9519999027252197,36.79999923706055
2003-02-18,100.52999877929688,31.110000610351562,3.947999954223633,36.959999084472656
2003-02-19,100.0,31.309999465942383,3.88100004196167,37.15999984741211
2003-02-20,99.55000305175781,31.15999984741211,3.8459999561309814,36.790000915527344
2003-02-21,100.08999633789062,30.25,3.8929998874664307,35.58000183105469
2003-02-22,100.08999633789062,30.25,3.8929998874664307,35.58000183105469
2003-02-23,100.08999633789062,30.25,3.8929998874664307,35.58000183105469
2003-02-24,99.66000366210938,31.979999542236328,3.8440001010894775,36.47999954223633
2003-02-25,99.83000183105469,31.739999771118164,3.808000087738037,36.060001373291016
2003-02-26,99.62000274658203,31.940000534057617,3.7730000019073486,37.70000076293945
2003-02-27,99.80999755859375,30.530000686645508,3.752000093460083,37.20000076293945
2003-02-28,99.70999908447266,29.6299991607666,3.696000099182129,36.599998474121094
2003-03-01,99.70999908447266,29.6299991607666,3.696000099182129,36.599998474121094
2003-03-02,99.70999908447266,29.6299991607666,3.696000099182129,36.599998474121094
2003-03-03,99.0999984741211,30.43000030517578,3.6760001182556152,35.880001068115234
2003-03-04,99.12999725341797,31.829999923706055,3.6449999809265137,36.88999938964844
2003-03-05,98.27999877929688,30.3799991607666,3.619999885559082,36.689998626708984
2003-03-06,98.30999755859375,31.3700008392334,3.6519999504089355,37.0
2003-03-07,98.04000091552734,31.079999923706055,3.619999885559082,37.779998779296875
2003-03-08,98.04000091552734,31.079999923706055,3.619999885559082,37.779998779296875
2003-03-09,98.04000091552734,31.079999923706055,3.619999885559082,37.779998779296875
2003-03-10,97.8499984741211,33.310001373291016,3.5739998817443848,37.27000045776367
2003-03-11,97.98999786376953,33.61000061035156,3.5859999656677246,36.720001220703125
2003-03-12,98.16000366210938,33.5099983215332,3.5889999866485596,37.83000183105469
2003-03-13,99.55000305175781,31.760000228881836,3.7320001125335693,36.0099983215332
2003-03-14,99.98999786376953,30.979999542236328,3.7070000171661377,35.380001068115234
2003-03-15,99.98999786376953,30.979999542236328,3.7070000171661377,35.380001068115234
2003-03-16,99.98999786376953,30.979999542236328,3.7070000171661377,35.380001068115234
2003-03-17,100.73999786376953,31.75,3.815999984741211,34.93000030517578
2003-03-18,100.86000061035156,30.43000030517578,3.8980000019073486,31.670000076293945
2003-03-19,101.58000183105469,31.540000915527344,3.9649999141693115,29.8799991607666
2003-03-20,101.1500015258789,30.440000534057617,4.00600004196167,28.610000610351562
2003-03-21,101.91999816894531,28.670000076293945,4.09499979019165,26.90999984741211
2003-03-22,101.91999816894531,28.670000076293945,4.09499979019165,26.90999984741211
2003-03-23,101.91999816894531,28.670000076293945,4.09499979019165,26.90999984741211
2003-03-24,100.9800033569336,30.389999389648438,3.9730000495910645,28.65999984741211
2003-03-25,100.87000274658203,28.75,3.9609999656677246,27.969999313354492
2003-03-26,100.61000061035156,28.229999542236328,3.944000005722046,28.6299991607666
2003-03-27,100.63999938964844,27.959999084472656,3.9260001182556152,30.3700008392334
2003-03-28,99.95999908447266,27.75,3.8959999084472656,30.15999984741211
2003-03-29,99.95999908447266,27.75,3.8959999084472656,30.15999984741211
2003-03-30,99.95999908447266,27.75,3.8959999084472656,30.15999984741211
2003-03-31,99.05999755859375,29.149999618530273,3.822999954223633,31.040000915527344
2003-04-01,99.1500015258789,28.360000610351562,3.8269999027252197,29.780000686645508
2003-04-02,100.08000183105469,28.020000457763672,3.931999921798706,28.559999465942383
2003-04-03,100.33999633789062,28.209999084472656,3.9159998893737793,28.969999313354492
2003-04-04,100.44999694824219,29.1299991607666,3.944000005722046,28.6200008392334
2003-04-05,100.44999694824219,29.1299991607666,3.944000005722046,28.6200008392334
2003-04-06,100.44999694824219,29.1299991607666,3.944000005722046,28.6200008392334
2003-04-07,101.04000091552734,28.450000762939453,4.013999938964844,27.959999084472656
2003-04-08,100.52999877929688,27.1299991607666,3.936000108718872,28.0
2003-04-09,100.16000366210938,27.110000610351562,3.9010000228881836,28.850000381469727
2003-04-10,99.81999969482422,25.600000381469727,3.934000015258789,27.459999084472656
2003-04-11,100.18000030517578,24.440000534057617,3.9809999465942383,28.139999389648438
2003-04-12,100.18000030517578,24.440000534057617,3.9809999465942383,28.139999389648438
2003-04-13,100.18000030517578,24.440000534057617,3.9809999465942383,28.139999389648438
2003-04-14,99.95999908447266,23.40999984741211,4.020999908447266,28.6299991607666
2003-04-15,99.76000213623047,22.559999465942383,3.9709999561309814,29.290000915527344
2003-04-16,99.05999755859375,22.520000457763672,3.937999963760376,29.18000030517578
2003-04-17,99.30000305175781,21.5,3.9570000171661377,30.549999237060547
2003-04-18,99.30000305175781,21.5,3.9570000171661377,30.549999237060547
2003-04-19,99.30000305175781,21.5,3.9570000171661377,30.549999237060547
2003-04-20,99.30000305175781,21.5,3.9570000171661377,30.549999237060547
2003-04-21,99.58999633789062,21.950000762939453,3.9790000915527344,30.8700008392334
2003-04-22,98.7300033569336,20.700000762939453,3.9830000400543213,29.90999984741211
2003-04-23,98.77999877929688,20.799999237060547,3.994999885559082,26.649999618530273
2003-04-24,98.33000183105469,20.329999923706055,3.9049999713897705,26.639999389648438
2003-04-25,98.36000061035156,20.799999237060547,3.885999917984009,26.260000228881836
2003-04-26,98.36000061035156,20.799999237060547,3.885999917984009,26.260000228881836
2003-04-27,98.36000061035156,20.799999237060547,3.885999917984009,26.260000228881836
2003-04-28,98.66999816894531,20.84000015258789,3.9000000953674316,25.489999771118164
2003-04-29,98.0199966430664,20.760000228881836,3.928999900817871,25.239999771118164
2003-04-30,97.19000244140625,21.209999084472656,3.8570001125335693,25.799999237060547
2003-05-01,96.69999694824219,21.59000015258789,3.8559999465942383,26.030000686645508
2003-05-02,96.76000213623047,20.6299991607666,3.9130001068115234,25.670000076293945
2003-05-03,96.76000213623047,20.6299991607666,3.9130001068115234,25.670000076293945
2003-05-04,96.76000213623047,20.6299991607666,3.9130001068115234,25.670000076293945
2003-05-05,96.37000274658203,21.1299991607666,3.88700008392334,26.489999771118164
2003-05-06,95.33999633789062,20.799999237060547,3.808000087738037,25.719999313354492
2003-05-07,95.58000183105469,21.0,3.693000078201294,26.229999542236328
2003-05-08,94.93000030517578,21.239999771118164,3.6710000038146973,26.979999542236328
2003-05-09,94.9800033569336,19.690000534057617,3.690999984741211,27.719999313354492
2003-05-10,94.9800033569336,19.690000534057617,3.690999984741211,27.719999313354492
2003-05-11,94.9800033569336,19.690000534057617,3.690999984741211,27.719999313354492
2003-05-12,94.55000305175781,19.520000457763672,3.6389999389648438,27.350000381469727
2003-05-13,94.72000122070312,19.90999984741211,3.622999906539917,28.5
2003-05-14,94.58000183105469,20.0,3.5369999408721924,29.170000076293945
2003-05-15,95.22000122070312,19.239999771118164,3.5369999408721924,28.739999771118164
2003-05-16,94.08000183105469,18.399999618530273,3.4619998931884766,29.139999389648438
2003-05-17,94.08000183105469,18.399999618530273,3.4619998931884766,29.139999389648438
2003-05-18,94.08000183105469,18.399999618530273,3.4619998931884766,29.139999389648438
2003-05-19,93.77999877929688,20.510000228881836,3.4519999027252197,28.829999923706055
2003-05-20,93.26000213623047,21.290000915527344,3.374000072479248,29.280000686645508
2003-05-21,93.54000091552734,21.209999084472656,3.390000104904175,29.030000686645508
2003-05-22,93.55999755859375,19.780000686645508,3.3389999866485596,28.850000381469727
2003-05-23,93.05000305175781,19.170000076293945,3.3329999446868896,29.15999984741211
2003-05-24,93.05000305175781,19.170000076293945,3.3329999446868896,29.15999984741211
2003-05-25,93.05000305175781,19.170000076293945,3.3329999446868896,29.15999984741211
2003-05-26,93.05000305175781,19.170000076293945,3.3329999446868896,29.15999984741211
2003-05-27,92.72000122070312,19.989999771118164,3.4010000228881836,29.350000381469727
2003-05-28,93.44999694824219,20.030000686645508,3.430999994277954,28.579999923706055
2003-05-29,92.70999908447266,20.43000030517578,3.3389999866485596,29.100000381469727
2003-05-30,93.2699966430664,19.469999313354492,3.3499999046325684,29.559999465942383
2003-05-31,93.2699966430664,19.469999313354492,3.3499999046325684,29.559999465942383
2003-06-01,93.2699966430664,19.469999313354492,3.3499999046325684,29.559999465942383
2003-06-02,93.33999633789062,20.850000381469727,3.428999900817871,30.709999084472656
2003-06-03,93.52999877929688,20.84000015258789,3.3420000076293945,30.670000076293945
2003-06-04,93.7300033569336,20.6200008392334,3.2909998893737793,30.049999237060547
2003-06-05,92.5199966430664,20.829999923706055,3.3310000896453857,30.739999771118164
2003-06-06,93.4800033569336,21.25,3.3519999980926514,31.280000686645508
2003-06-07,93.4800033569336,21.25,3.3519999980926514,31.280000686645508
2003-06-08,93.4800033569336,21.25,3.3519999980926514,31.280000686645508
2003-06-09,93.30000305175781,22.149999618530273,3.2790000438690186,31.450000762939453
2003-06-10,93.55999755859375,20.639999389648438,3.194000005722046,31.729999542236328
2003-06-11,92.97000122070312,20.209999084472656,3.187999963760376,32.36000061035156
2003-06-12,92.9000015258789,20.40999984741211,3.1679999828338623,31.510000228881836
2003-06-13,92.22000122070312,20.65999984741211,3.1040000915527344,30.649999618530273
2003-06-14,92.22000122070312,20.65999984741211,3.1040000915527344,30.649999618530273
2003-06-15,92.22000122070312,20.65999984741211,3.1040000915527344,30.649999618530273
2003-06-16,92.4000015258789,20.219999313354492,3.1700000762939453,31.18000030517578
2003-06-17,92.61000061035156,20.010000228881836,3.2660000324249268,31.06999969482422
2003-06-18,93.16999816894531,19.760000228881836,3.359999895095825,30.360000610351562
2003-06-19,93.16000366210938,19.799999237060547,3.3410000801086426,29.959999084472656
2003-06-20,94.04000091552734,19.139999389648438,3.3959999084472656,30.81999969482422
2003-06-21,94.04000091552734,19.139999389648438,3.3959999084472656,30.81999969482422
2003-06-22,94.04000091552734,19.139999389648438,3.3959999084472656,30.81999969482422
2003-06-23,94.08000183105469,20.579999923706055,3.315000057220459,29.170000076293945
2003-06-24,94.38999938964844,20.75,3.265000104904175,28.780000686645508
2003-06-25,94.12000274658203,20.809999465942383,3.3610000610351562,29.950000762939453
2003-06-26,94.97000122070312,19.399999618530273,3.5339999198913574,29.010000228881836
2003-06-27,95.1500015258789,19.15999984741211,3.5810000896453857,29.270000457763672
2003-06-28,95.1500015258789,19.15999984741211,3.5810000896453857,29.270000457763672
2003-06-29,95.1500015258789,19.15999984741211,3.5810000896453857,29.270000457763672
2003-06-30,94.7300033569336,19.520000457763672,3.5280001163482666,30.190000534057617
2003-07-01,94.30000305175781,19.459999084472656,3.5490000247955322,30.399999618530273
2003-07-02,94.12000274658203,19.030000686645508,3.5360000133514404,30.149999618530273
2003-07-03,94.41000366210938,19.389999389648438,3.6549999713897705,30.420000076293945
2003-07-04,94.55000305175781,19.389999389648438,3.6549999713897705,30.420000076293945
2003-07-05,94.55000305175781,19.389999389648438,3.6549999713897705,30.420000076293945
2003-07-06,94.55000305175781,19.389999389648438,3.6549999713897705,30.420000076293945
2003-07-07,95.51000213623047,20.059999465942383,3.7070000171661377,30.1299991607666
2003-07-08,95.81999969482422,19.479999542236328,3.7330000400543213,30.219999313354492
2003-07-09,95.58999633789062,18.93000030517578,3.7060000896453857,30.8799991607666
2003-07-10,95.38999938964844,19.190000534057617,3.677000045776367,31.059999465942383
2003-07-11,95.80000305175781,18.469999313354492,3.640000104904175,31.280000686645508
2003-07-12,95.80000305175781,18.469999313354492,3.640000104904175,31.280000686645508
2003-07-13,95.80000305175781,18.469999313354492,3.640000104904175,31.280000686645508
2003-07-14,96.06999969482422,19.59000015258789,3.7139999866485596,31.270000457763672
2003-07-15,96.06999969482422,19.549999237060547,3.9140000343322754,31.6200008392334
2003-07-16,96.72000122070312,19.760000228881836,3.944999933242798,31.049999237060547
2003-07-17,96.86000061035156,20.219999313354492,3.9539999961853027,31.40999984741211
2003-07-18,96.86000061035156,19.110000610351562,3.9690001010894775,31.959999084472656
2003-07-19,96.86000061035156,19.110000610351562,3.9690001010894775,31.959999084472656
2003-07-20,96.86000061035156,19.110000610351562,3.9690001010894775,31.959999084472656
2003-07-21,96.11000061035156,19.780000686645508,4.173999786376953,31.780000686645508
2003-07-22,96.37999725341797,19.170000076293945,4.150000095367432,30.190000534057617
2003-07-23,95.44000244140625,18.639999389648438,4.1020002365112305,29.670000076293945
2003-07-24,95.33999633789062,18.600000381469727,4.166999816894531,30.219999313354492
2003-07-25,94.95999908447266,17.75,4.177999973297119,30.170000076293945
2003-07-26,94.95999908447266,17.75,4.177999973297119,30.170000076293945
2003-07-27,94.95999908447266,17.75,4.177999973297119,30.170000076293945
2003-07-28,95.05999755859375,18.360000610351562,4.283999919891357,30.110000610351562
2003-07-29,95.33000183105469,18.670000076293945,4.3979997634887695,30.239999771118164
2003-07-30,96.06999969482422,18.850000381469727,4.315000057220459,30.68000030517578
2003-07-31,96.88999938964844,19.489999771118164,4.473999977111816,30.540000915527344
2003-08-01,96.66000366210938,20.75,4.414999961853027,32.310001373291016
2003-08-02,96.66000366210938,20.75,4.414999961853027,32.310001373291016
2003-08-03,96.66000366210938,20.75,4.414999961853027,32.310001373291016
2003-08-04,96.18000030517578,21.270000457763672,4.320000171661377,31.84000015258789
2003-08-05,96.16000366210938,22.68000030517578,4.440999984741211,32.220001220703125
2003-08-06,96.2300033569336,21.5,4.288000106811523,31.700000762939453
2003-08-07,95.83000183105469,20.260000228881836,4.229000091552734,32.38999938964844
2003-08-08,96.36000061035156,19.59000015258789,4.289000034332275,32.18000030517578
2003-08-09,96.36000061035156,19.59000015258789,4.289000034332275,32.18000030517578
2003-08-10,96.36000061035156,19.59000015258789,4.289000034332275,32.18000030517578
2003-08-11,95.87000274658203,19.75,4.370999813079834,32.0099983215332
2003-08-12,96.1500015258789,17.940000534057617,4.35699987411499,31.920000076293945
2003-08-13,96.18000030517578,18.770000457763672,4.559999942779541,30.780000686645508
2003-08-14,96.68000030517578,18.469999313354492,4.585999965667725,31.09000015258789
2003-08-15,96.6500015258789,18.270000457763672,4.5279998779296875,31.049999237060547
2003-08-16,96.6500015258789,18.270000457763672,4.5279998779296875,31.049999237060547
2003-08-17,96.6500015258789,18.270000457763672,4.5279998779296875,31.049999237060547
2003-08-18,97.3499984741211,18.18000030517578,4.4770002365112305,30.889999389648438
2003-08-19,97.30999755859375,17.860000610351562,4.38100004196167,30.700000762939453
2003-08-20,97.37000274658203,17.81999969482422,4.440999984741211,30.950000762939453
2003-08-21,98.61000061035156,17.84000015258789,4.506999969482422,31.8799991607666
2003-08-22,98.83000183105469,18.549999237060547,4.459000110626221,31.84000015258789
2003-08-23,98.83000183105469,18.549999237060547,4.459000110626221,31.84000015258789
2003-08-24,98.83000183105469,18.549999237060547,4.459000110626221,31.84000015258789
2003-08-25,98.83000183105469,19.530000686645508,4.5269999504089355,31.559999465942383
2003-08-26,98.76000213623047,19.489999771118164,4.486000061035156,31.950000762939453
2003-08-27,98.86000061035156,19.1299991607666,4.535999774932861,31.209999084472656
2003-08-28,98.83000183105469,18.479999542236328,4.429999828338623,31.5
2003-08-29,98.0999984741211,18.6299991607666,4.453999996185303,31.56999969482422
2003-08-30,98.0999984741211,18.6299991607666,4.453999996185303,31.56999969482422
2003-08-31,98.0999984741211,18.6299991607666,4.453999996185303,31.56999969482422
2003-09-01,98.0,18.6299991607666,4.453999996185303,31.56999969482422
2003-09-02,98.94999694824219,19.020000457763672,4.60099983215332,29.40999984741211
2003-09-03,98.70999908447266,19.440000534057617,4.598999977111816,29.489999771118164
2003-09-04,98.19999694824219,18.709999084472656,4.513000011444092,28.979999542236328
2003-09-05,97.08999633789062,18.170000076293945,4.354000091552734,28.8799991607666
2003-09-06,97.08999633789062,18.170000076293945,4.354000091552734,28.8799991607666
2003-09-07,97.08999633789062,18.170000076293945,4.354000091552734,28.8799991607666
2003-09-08,97.16000366210938,18.260000228881836,4.388999938964844,28.850000381469727
2003-09-09,96.44000244140625,18.850000381469727,4.370999813079834,29.18000030517578
2003-09-10,96.5,20.010000228881836,4.269000053405762,29.350000381469727
2003-09-11,96.55999755859375,19.25,4.334000110626221,28.81999969482422
2003-09-12,96.01000213623047,18.68000030517578,4.269000053405762,28.270000457763672
2003-09-13,96.01000213623047,18.68000030517578,4.269000053405762,28.270000457763672
2003-09-14,96.01000213623047,18.68000030517578,4.269000053405762,28.270000457763672
2003-09-15,95.9800033569336,19.280000686645508,4.244999885559082,28.139999389648438
2003-09-16,96.66999816894531,18.030000686645508,4.290999889373779,27.559999465942383
2003-09-17,95.73999786376953,18.149999618530273,4.190999984741211,27.030000686645508
2003-09-18,95.94999694824219,17.56999969482422,4.184000015258789,27.170000076293945
2003-09-19,94.95999908447266,17.540000915527344,4.1620001792907715,27.030000686645508
2003-09-20,94.95999908447266,17.540000915527344,4.1620001792907715,27.030000686645508
2003-09-21,94.95999908447266,17.540000915527344,4.1620001792907715,27.030000686645508
2003-09-22,93.8499984741211,19.649999618530273,4.241000175476074,26.959999084472656
2003-09-23,93.98999786376953,19.469999313354492,4.214000225067139,27.1299991607666
2003-09-24,93.69999694824219,21.219999313354492,4.135000228881836,28.239999771118164
2003-09-25,93.76000213623047,22.260000228881836,4.1020002365112305,28.290000915527344
2003-09-26,93.87000274658203,22.229999542236328,4.0229997634887695,28.15999984741211
2003-09-27,93.87000274658203,22.229999542236328,4.0229997634887695,28.15999984741211
2003-09-28,93.87000274658203,22.229999542236328,4.0229997634887695,28.15999984741211
2003-09-29,93.08000183105469,21.670000076293945,4.077000141143799,28.399999618530273
2003-09-30,92.8499984741211,22.719999313354492,3.937000036239624,29.200000762939453
2003-10-01,92.38999938964844,21.06999969482422,3.931999921798706,29.389999389648438
2003-10-02,92.41999816894531,20.799999237060547,4.008999824523926,29.84000015258789
2003-10-03,93.2300033569336,19.5,4.195000171661377,30.399999618530273
2003-10-04,93.2300033569336,19.5,4.195000171661377,30.399999618530273
2003-10-05,93.2300033569336,19.5,4.195000171661377,30.399999618530273
2003-10-06,92.41000366210938,19.510000228881836,4.151000022888184,30.469999313354492
2003-10-07,91.88999938964844,19.40999984741211,4.24399995803833,30.40999984741211
2003-10-08,91.7300033569336,19.18000030517578,4.242000102996826,29.809999465942383
2003-10-09,91.98999786376953,18.81999969482422,4.302000045776367,31.010000228881836
2003-10-10,91.5199966430664,18.450000762939453,4.248000144958496,31.969999313354492
2003-10-11,91.5199966430664,18.450000762939453,4.248000144958496,31.969999313354492
2003-10-12,91.5199966430664,18.450000762939453,4.248000144958496,31.969999313354492
2003-10-13,91.88999938964844,17.549999237060547,4.255000114440918,31.950000762939453
2003-10-14,91.83000183105469,17.3700008392334,4.349999904632568,31.81999969482422
2003-10-15,92.41999816894531,17.690000534057617,4.396999835968018,31.770000457763672
2003-10-16,92.61000061035156,17.190000534057617,4.454999923706055,31.540000915527344
2003-10-17,92.29000091552734,17.6200008392334,4.388000011444092,30.68000030517578
2003-10-18,92.29000091552734,17.6200008392334,4.388000011444092,30.68000030517578
2003-10-19,92.29000091552734,17.6200008392334,4.388000011444092,30.68000030517578
2003-10-20,92.43000030517578,17.040000915527344,4.380000114440918,30.350000381469727
2003-10-21,92.37000274658203,16.549999237060547,4.366000175476074,30.18000030517578
2003-10-22,91.2699966430664,17.670000076293945,4.2729997634887695,29.920000076293945
2003-10-23,91.51000213623047,17.68000030517578,4.315999984741211,30.299999237060547
2003-10-24,91.27999877929688,17.709999084472656,4.211999893188477,30.15999984741211
2003-10-25,91.27999877929688,17.709999084472656,4.211999893188477,30.15999984741211
2003-10-26,91.27999877929688,17.709999084472656,4.211999893188477,30.15999984741211
2003-10-27,91.61000061035156,18.049999237060547,4.264999866485596,29.920000076293945
2003-10-28,91.86000061035156,16.81999969482422,4.189000129699707,29.559999465942383
2003-10-29,91.86000061035156,16.43000030517578,4.275000095367432,28.90999984741211
2003-10-30,92.20999908447266,16.329999923706055,4.339000225067139,28.469999313354492
2003-10-31,92.7300033569336,16.100000381469727,4.301000118255615,29.110000610351562
2003-11-01,92.7300033569336,16.100000381469727,4.301000118255615,29.110000610351562
2003-11-02,92.7300033569336,16.100000381469727,4.301000118255615,29.110000610351562
2003-11-03,93.66000366210938,16.549999237060547,4.368000030517578,28.899999618530273
2003-11-04,93.2300033569336,16.549999237060547,4.304999828338623,28.75
2003-11-05,93.62999725341797,16.860000610351562,4.349999904632568,30.299999237060547
2003-11-06,93.88999938964844,16.739999771118164,4.418000221252441,30.260000228881836
2003-11-07,93.0199966430664,16.93000030517578,4.449999809265137,30.850000381469727
2003-11-08,93.0199966430664,16.93000030517578,4.449999809265137,30.850000381469727
2003-11-09,93.0199966430664,16.93000030517578,4.449999809265137,30.850000381469727
2003-11-10,93.05000305175781,17.6200008392334,4.460000038146973,30.8799991607666
2003-11-11,93.0999984741211,17.540000915527344,4.460000038146973,31.149999618530273
2003-11-12,92.30999755859375,16.75,4.4120001792907715,31.329999923706055
2003-11-13,91.61000061035156,16.469999313354492,4.270999908447266,31.899999618530273
2003-11-14,91.44000244140625,16.940000534057617,4.232999801635742,32.369998931884766
2003-11-15,91.44000244140625,16.940000534057617,4.232999801635742,32.369998931884766
2003-11-16,91.44000244140625,16.940000534057617,4.232999801635742,32.369998931884766
2003-11-17,91.52999877929688,18.600000381469727,4.188000202178955,31.729999542236328
2003-11-18,90.33000183105469,19.110000610351562,4.166999816894531,33.279998779296875
2003-11-19,90.9000015258789,18.799999237060547,4.235000133514404,32.91999816894531
2003-11-20,90.66000366210938,19.479999542236328,4.1539998054504395,32.86000061035156
2003-11-21,90.5999984741211,18.979999542236328,4.146999835968018,31.610000610351562
2003-11-22,90.5999984741211,18.979999542236328,4.146999835968018,31.610000610351562
2003-11-23,90.5999984741211,18.979999542236328,4.146999835968018,31.610000610351562
2003-11-24,91.58999633789062,17.440000534057617,4.2270002365112305,29.739999771118164
2003-11-25,91.45999908447266,16.709999084472656,4.185999870300293,29.770000457763672
2003-11-26,90.5999984741211,16.229999542236328,4.242000102996826,30.40999984741211
2003-11-27,90.5999984741211,16.229999542236328,4.242000102996826,30.40999984741211
2003-11-28,90.20999908447266,16.31999969482422,4.320000171661377,30.40999984741211
2003-11-29,90.20999908447266,16.31999969482422,4.320000171661377,30.40999984741211
2003-11-30,90.20999908447266,16.31999969482422,4.320000171661377,30.40999984741211
2003-12-01,90.3499984741211,16.770000457763672,4.392000198364258,29.950000762939453
2003-12-02,89.63999938964844,16.270000457763672,4.380000114440918,30.780000686645508
2003-12-03,89.5,16.6299991607666,4.409999847412109,31.100000381469727
2003-12-04,89.5999984741211,16.299999237060547,4.36899995803833,31.260000228881836
2003-12-05,89.13999938964844,17.09000015258789,4.215000152587891,30.729999542236328
2003-12-06,89.13999938964844,17.09000015258789,4.215000152587891,30.729999542236328
2003-12-07,89.13999938964844,17.09000015258789,4.215000152587891,30.729999542236328
2003-12-08,88.75,16.540000915527344,4.2779998779296875,32.099998474121094
2003-12-09,88.61000061035156,17.6299991607666,4.3520002365112305,31.760000228881836
2003-12-10,88.8499984741211,17.8700008392334,4.317999839782715,31.8799991607666
2003-12-11,88.87999725341797,16.729999542236328,4.23799991607666,31.850000381469727
2003-12-12,88.48999786376953,16.40999984741211,4.242000102996826,33.040000915527344
2003-12-13,88.48999786376953,16.40999984741211,4.242000102996826,33.040000915527344
2003-12-14,88.48999786376953,16.40999984741211,4.242000102996826,33.040000915527344
2003-12-15,88.45999908447266,17.229999542236328,4.275000095367432,33.18000030517578
2003-12-16,88.30999755859375,15.930000305175781,4.234000205993652,32.88999938964844
2003-12-17,87.94000244140625,15.579999923706055,4.189000129699707,33.349998474121094
2003-12-18,87.8499984741211,16.15999984741211,4.140999794006348,33.709999084472656
2003-12-19,88.11000061035156,16.420000076293945,4.132999897003174,33.02000045776367
2003-12-20,88.11000061035156,16.420000076293945,4.132999897003174,33.02000045776367
2003-12-21,88.11000061035156,16.420000076293945,4.132999897003174,33.02000045776367
2003-12-22,87.98999786376953,16.940000534057617,4.164000034332275,31.8700008392334
2003-12-23,87.98999786376953,16.489999771118164,4.269000053405762,31.950000762939453
2003-12-24,87.54000091552734,16.65999984741211,4.186999797821045,32.86000061035156
2003-12-25,87.54000091552734,16.65999984741211,4.186999797821045,32.86000061035156
2003-12-26,87.62999725341797,17.450000762939453,4.1479997634887695,32.86000061035156
2003-12-27,87.62999725341797,17.450000762939453,4.1479997634887695,32.86000061035156
2003-12-28,87.62999725341797,17.450000762939453,4.1479997634887695,32.86000061035156
2003-12-29,87.3499984741211,17.09000015258789,4.230000019073486,32.400001525878906
2003-12-30,87.0,17.68000030517578,4.2789998054504395,32.790000915527344
2003-12-31,86.91999816894531,18.309999465942383,4.256999969482422,32.52000045776367
2004-01-01,86.91999816894531,18.309999465942383,4.256999969482422,32.52000045776367
2004-01-02,86.91999816894531,18.219999313354492,4.373000144958496,32.52000045776367
2004-01-03,86.91999816894531,18.219999313354492,4.373000144958496,32.52000045776367
2004-01-04,86.91999816894531,18.219999313354492,4.373000144958496,32.52000045776367
2004-01-05,86.06999969482422,17.489999771118164,4.38700008392334,33.779998779296875
2004-01-06,85.62999725341797,16.729999542236328,4.2769999504089355,33.70000076293945
2004-01-07,86.19999694824219,15.5,4.245999813079834,33.619998931884766
2004-01-08,85.56999969482422,15.609999656677246,4.249000072479248,33.97999954223633
2004-01-09,85.11000061035156,16.75,4.085999965667725,34.310001373291016
2004-01-10,85.11000061035156,16.75,4.085999965667725,34.310001373291016
2004-01-11,85.11000061035156,16.75,4.085999965667725,34.310001373291016
2004-01-12,85.55000305175781,16.81999969482422,4.083000183105469,34.720001220703125
2004-01-13,85.51000213623047,18.040000915527344,4.0279998779296875,34.43000030517578
2004-01-14,86.02999877929688,16.75,3.9860000610351562,34.5
2004-01-15,86.55999755859375,15.5600004196167,3.9709999561309814,33.439998626708984
2004-01-16,87.7300033569336,15.0,4.013999938964844,35.06999969482422
2004-01-17,87.7300033569336,15.0,4.013999938964844,35.06999969482422
2004-01-18,87.7300033569336,15.0,4.013999938964844,35.06999969482422
2004-01-19,87.66000366210938,15.0,4.013999938964844,35.06999969482422
2004-01-20,86.70999908447266,15.210000038146973,4.057000160217285,36.20000076293945
2004-01-21,86.36000061035156,14.34000015258789,4.0370001792907715,34.58000183105469
2004-01-22,85.81999969482422,14.710000038146973,3.9690001010894775,34.93000030517578
2004-01-23,86.55999755859375,14.84000015258789,4.065999984741211,34.939998626708984
2004-01-24,86.55999755859375,14.84000015258789,4.065999984741211,34.939998626708984
2004-01-25,86.55999755859375,14.84000015258789,4.065999984741211,34.939998626708984
2004-01-26,87.25,14.550000190734863,4.139999866485596,34.470001220703125
2004-01-27,86.27999877929688,15.350000381469727,4.086999893188477,34.119998931884766
2004-01-28,86.97000122070312,16.780000686645508,4.195000171661377,33.619998931884766
2004-01-29,87.58000183105469,17.139999389648438,4.197000026702881,32.810001373291016
2004-01-30,87.19999694824219,16.6299991607666,4.138000011444092,33.04999923706055
2004-01-31,87.19999694824219,16.6299991607666,4.138000011444092,33.04999923706055
2004-02-01,87.19999694824219,16.6299991607666,4.138000011444092,33.04999923706055
2004-02-02,87.52999877929688,17.110000610351562,4.151000022888184,34.97999954223633
2004-02-03,86.79000091552734,17.34000015258789,4.099999904632568,34.099998474121094
2004-02-04,86.83999633789062,17.8700008392334,4.124000072479248,33.099998474121094
2004-02-05,86.9000015258789,17.709999084472656,4.173999786376953,33.08000183105469
2004-02-06,86.0199966430664,16.0,4.089000225067139,32.47999954223633
2004-02-07,86.0199966430664,16.0,4.089000225067139,32.47999954223633
2004-02-08,86.0199966430664,16.0,4.089000225067139,32.47999954223633
2004-02-09,86.0,16.389999389648438,4.065000057220459,32.83000183105469
2004-02-10,85.83999633789062,15.9399995803833,4.1020002365112305,33.869998931884766
2004-02-11,85.19999694824219,15.390000343322754,4.020999908447266,34.0
2004-02-12,85.29000091552734,15.3100004196167,4.058000087738037,33.97999954223633
2004-02-13,85.55999755859375,15.579999923706055,4.047999858856201,34.560001373291016
2004-02-14,85.55999755859375,15.579999923706055,4.047999858856201,34.560001373291016
2004-02-15,85.55999755859375,15.579999923706055,4.047999858856201,34.560001373291016
2004-02-16,85.47000122070312,15.579999923706055,4.047999858856201,34.560001373291016
2004-02-17,85.0199966430664,15.399999618530273,4.047999858856201,35.15999984741211
2004-02-18,85.87999725341797,15.59000015258789,4.048999786376953,35.45000076293945
2004-02-19,85.94999694824219,15.800000190734863,4.052000045776367,36.0
2004-02-20,87.23999786376953,16.040000915527344,4.0980000495910645,35.599998474121094
2004-02-21,87.23999786376953,16.040000915527344,4.0980000495910645,35.599998474121094
2004-02-22,87.23999786376953,16.040000915527344,4.0980000495910645,35.599998474121094
2004-02-23,87.04000091552734,16.290000915527344,4.050000190734863,34.349998474121094
2004-02-24,86.13999938964844,15.899999618530273,4.0289998054504395,34.58000183105469
2004-02-25,87.25,14.930000305175781,4.014999866485596,35.68000030517578
2004-02-26,87.68000030517578,14.829999923706055,4.046000003814697,35.5099983215332
2004-02-27,87.30999755859375,14.550000190734863,3.9839999675750732,36.15999984741211
2004-02-28,87.30999755859375,14.550000190734863,3.9839999675750732,36.15999984741211
2004-02-29,87.30999755859375,14.550000190734863,3.9839999675750732,36.15999984741211
2004-03-01,87.5199966430664,14.4399995803833,3.992000102996826,36.86000061035156
2004-03-02,88.83000183105469,14.859999656677246,4.046000003814697,36.65999984741211
2004-03-03,89.02999877929688,14.550000190734863,4.059999942779541,35.79999923706055
2004-03-04,89.13999938964844,14.399999618530273,4.0289998054504395,36.63999938964844
2004-03-05,88.18000030517578,14.479999542236328,3.8310000896453857,37.2599983215332
2004-03-06,88.18000030517578,14.479999542236328,3.8310000896453857,37.2599983215332
2004-03-07,88.18000030517578,14.479999542236328,3.8310000896453857,37.2599983215332
2004-03-08,88.0,15.789999961853027,3.7760000228881836,36.56999969482422
2004-03-09,88.29000091552734,16.600000381469727,3.7190001010894775,36.279998779296875
2004-03-10,88.94999694824219,18.670000076293945,3.734999895095825,36.099998474121094
2004-03-11,88.51000213623047,20.670000076293945,3.746999979019165,36.779998779296875
2004-03-12,89.12000274658203,18.299999237060547,3.759999990463257,36.189998626708984
2004-03-13,89.12000274658203,18.299999237060547,3.759999990463257,36.189998626708984
2004-03-14,89.12000274658203,18.299999237060547,3.759999990463257,36.189998626708984
2004-03-15,88.80999755859375,21.1299991607666,3.7679998874664307,37.439998626708984
2004-03-16,88.58999633789062,20.34000015258789,3.687999963760376,37.47999954223633
2004-03-17,88.6500015258789,18.110000610351562,3.683000087738037,38.18000030517578
2004-03-18,87.69999694824219,18.530000686645508,3.749000072479248,37.93000030517578
2004-03-19,88.16000366210938,19.149999618530273,3.7880001068115234,38.08000183105469
2004-03-20,88.16000366210938,19.149999618530273,3.7880001068115234,38.08000183105469
2004-03-21,88.16000366210938,19.149999618530273,3.7880001068115234,38.08000183105469
2004-03-22,87.80999755859375,21.579999923706055,3.7239999771118164,37.11000061035156
2004-03-23,87.8499984741211,20.670000076293945,3.7109999656677246,37.45000076293945
2004-03-24,88.93000030517578,19.809999465942383,3.7139999866485596,37.0099983215332
2004-03-25,88.9000015258789,17.8799991607666,3.739000082015991,35.5099983215332
2004-03-26,88.88999938964844,17.329999923706055,3.8429999351501465,35.72999954223633
2004-03-27,88.88999938964844,17.329999923706055,3.8429999351501465,35.72999954223633
2004-03-28,88.88999938964844,17.329999923706055,3.8429999351501465,35.72999954223633
2004-03-29,88.62999725341797,16.5,3.890000104904175,35.45000076293945
2004-03-30,88.43000030517578,16.280000686645508,3.9019999504089355,36.25
2004-03-31,87.61000061035156,16.739999771118164,3.8369998931884766,35.7599983215332
2004-04-01,87.20999908447266,16.649999618530273,3.8980000019073486,34.27000045776367
2004-04-02,88.51000213623047,15.640000343322754,4.139999866485596,34.38999938964844
2004-04-03,88.51000213623047,15.640000343322754,4.139999866485596,34.38999938964844
2004-04-04,88.51000213623047,15.640000343322754,4.139999866485596,34.38999938964844
2004-04-05,89.22000122070312,14.970000267028809,4.21999979019165,34.380001068115234
2004-04-06,88.75,15.319999694824219,4.171000003814697,34.970001220703125
2004-04-07,88.2699966430664,15.760000228881836,4.166999816894531,36.150001525878906
2004-04-08,89.0199966430664,16.260000228881836,4.197000026702881,37.13999938964844
2004-04-09,89.0199966430664,16.260000228881836,4.197000026702881,37.13999938964844
2004-04-10,89.0199966430664,16.260000228881836,4.197000026702881,37.13999938964844
2004-04-11,89.0199966430664,16.260000228881836,4.197000026702881,37.13999938964844
2004-04-12,88.94999694824219,15.279999732971191,4.230000019073486,37.84000015258789
2004-04-13,89.83000183105469,17.260000228881836,4.340000152587891,37.209999084472656
2004-04-14,90.23999786376953,15.619999885559082,4.381999969482422,36.720001220703125
2004-04-15,90.05999755859375,15.739999771118164,4.40500020980835,37.56999969482422
2004-04-16,89.94000244140625,14.9399995803833,4.3520002365112305,37.7400016784668
2004-04-17,89.94000244140625,14.9399995803833,4.3520002365112305,37.7400016784668
2004-04-18,89.94000244140625,14.9399995803833,4.3520002365112305,37.7400016784668
2004-04-19,89.80000305175781,15.420000076293945,4.372000217437744,37.41999816894531
2004-04-20,90.48999786376953,16.670000076293945,4.414999961853027,37.599998474121094
2004-04-21,91.12000274658203,15.600000381469727,4.422999858856201,35.72999954223633
2004-04-22,90.81999969482422,14.609999656677246,4.370999813079834,36.709999084472656
2004-04-23,91.08000183105469,14.010000228881836,4.452000141143799,36.459999084472656
2004-04-24,91.08000183105469,14.010000228881836,4.452000141143799,36.459999084472656
2004-04-25,91.08000183105469,14.010000228881836,4.452000141143799,36.459999084472656
2004-04-26,90.62000274658203,14.770000457763672,4.433000087738037,36.970001220703125
2004-04-27,90.41000366210938,15.069999694824219,4.4039998054504395,37.529998779296875
2004-04-28,91.16999816894531,16.290000915527344,4.4670000076293945,37.459999084472656
2004-04-29,90.56999969482422,16.600000381469727,4.539999961853027,37.310001373291016
2004-04-30,90.4800033569336,17.190000534057617,4.500999927520752,37.380001068115234
2004-05-01,90.4800033569336,17.190000534057617,4.500999927520752,37.380001068115234
2004-05-02,90.4800033569336,17.190000534057617,4.500999927520752,37.380001068115234
2004-05-03,90.76000213623047,16.6200008392334,4.500999927520752,38.209999084472656
2004-05-04,89.80999755859375,16.549999237060547,4.543000221252441,38.97999954223633
2004-05-05,89.30999755859375,15.770000457763672,4.571000099182129,39.56999969482422
2004-05-06,89.87999725341797,17.049999237060547,4.6020002365112305,39.369998931884766
2004-05-07,91.12999725341797,18.1299991607666,4.765999794006348,39.93000030517578
2004-05-08,91.12999725341797,18.1299991607666,4.765999794006348,39.93000030517578
2004-05-09,91.12999725341797,18.1299991607666,4.765999794006348,39.93000030517578
2004-05-10,91.55999755859375,19.770000457763672,4.781000137329102,38.93000030517578
2004-05-11,91.66000366210938,18.56999969482422,4.76800012588501,40.060001373291016
2004-05-12,91.29000091552734,18.139999389648438,4.796999931335449,40.77000045776367
2004-05-13,91.95999908447266,18.860000610351562,4.85099983215332,41.08000183105469
2004-05-14,91.66000366210938,18.469999313354492,4.788000106811523,41.380001068115234
2004-05-15,91.66000366210938,18.469999313354492,4.788000106811523,41.380001068115234
2004-05-16,91.66000366210938,18.469999313354492,4.788000106811523,41.380001068115234
2004-05-17,91.0,19.959999084472656,4.698999881744385,41.54999923706055
2004-05-18,91.25,19.329999923706055,4.736000061035156,40.540000915527344
2004-05-19,90.52999877929688,18.93000030517578,4.794000148773193,41.5
2004-05-20,91.02999877929688,18.670000076293945,4.7179999351501465,40.91999816894531
2004-05-21,90.48999786376953,18.489999771118164,4.763999938964844,39.93000030517578
2004-05-22,90.48999786376953,18.489999771118164,4.763999938964844,39.93000030517578
2004-05-23,90.48999786376953,18.489999771118164,4.763999938964844,39.93000030517578
2004-05-24,90.4800033569336,18.079999923706055,4.739999771118164,41.720001220703125
2004-05-25,89.83999633789062,15.960000038146973,4.723999977111816,41.13999938964844
2004-05-26,89.72000122070312,15.970000267028809,4.671000003814697,40.70000076293945
2004-05-27,88.66999816894531,15.279999732971191,4.5879998207092285,39.439998626708984
2004-05-28,88.94999694824219,15.5,4.65500020980835,39.880001068115234
2004-05-29,88.94999694824219,15.5,4.65500020980835,39.880001068115234
2004-05-30,88.94999694824219,15.5,4.65500020980835,39.880001068115234
2004-05-31,88.94999694824219,15.5,4.65500020980835,39.880001068115234
2004-06-01,88.87999725341797,16.299999237060547,4.703999996185303,42.33000183105469
2004-06-02,88.83999633789062,16.079999923706055,4.730000019073486,39.959999084472656
2004-06-03,88.94999694824219,17.030000686645508,4.711999893188477,39.279998779296875
2004-06-04,88.54000091552734,16.780000686645508,4.77400016784668,38.4900016784668
2004-06-05,88.54000091552734,16.780000686645508,4.77400016784668,38.4900016784668
2004-06-06,88.54000091552734,16.780000686645508,4.77400016784668,38.4900016784668
2004-06-07,88.25,15.390000343322754,4.764999866485596,38.65999984741211
2004-06-08,88.51000213623047,15.010000228881836,4.770999908447266,37.279998779296875
2004-06-09,89.7300033569336,15.390000343322754,4.811999797821045,37.540000915527344
2004-06-10,89.25,15.039999961853027,4.790999889373779,38.45000076293945
2004-06-11,90.01000213623047,15.039999961853027,4.790999889373779,38.45000076293945
2004-06-12,90.01000213623047,15.039999961853027,4.790999889373779,38.45000076293945
2004-06-13,90.01000213623047,15.039999961853027,4.790999889373779,38.45000076293945
2004-06-14,89.94000244140625,16.06999969482422,4.869999885559082,37.59000015258789
2004-06-15,89.08999633789062,15.050000190734863,4.685999870300293,37.189998626708984
2004-06-16,90.04000091552734,14.789999961853027,4.73199987411499,37.31999969482422
2004-06-17,89.5999984741211,15.149999618530273,4.691999912261963,38.459999084472656
2004-06-18,89.08000183105469,14.989999771118164,4.710000038146973,38.75
2004-06-19,89.08000183105469,14.989999771118164,4.710000038146973,38.75
2004-06-20,89.08000183105469,14.989999771118164,4.710000038146973,38.75
2004-06-21,89.29000091552734,15.260000228881836,4.690000057220459,37.630001068115234
2004-06-22,89.43000030517578,14.3100004196167,4.703999996185303,38.11000061035156
2004-06-23,89.41999816894531,13.979999542236328,4.697999954223633,37.56999969482422
2004-06-24,88.75,14.8100004196167,4.645999908447266,37.93000030517578
2004-06-25,88.87999725341797,15.1899995803833,4.644999980926514,37.54999923706055
2004-06-26,88.87999725341797,15.1899995803833,4.644999980926514,37.54999923706055
2004-06-27,88.87999725341797,15.1899995803833,4.644999980926514,37.54999923706055
2004-06-28,88.72000122070312,16.06999969482422,4.738999843597412,36.2400016784668
2004-06-29,89.41000366210938,15.470000267028809,4.695000171661377,35.65999984741211
2004-06-30,88.80000305175781,14.34000015258789,4.617000102996826,37.04999923706055
2004-07-01,88.79000091552734,15.199999809265137,4.564000129699707,38.7400016784668
2004-07-02,87.97000122070312,15.079999923706055,4.458000183105469,38.38999938964844
2004-07-03,87.97000122070312,15.079999923706055,4.458000183105469,38.38999938964844
2004-07-04,87.97000122070312,15.079999923706055,4.458000183105469,38.38999938964844
2004-07-05,88.2300033569336,15.079999923706055,4.458000183105469,38.38999938964844
2004-07-06,88.12000274658203,16.25,4.480000019073486,39.650001525878906
2004-07-07,87.6500015258789,15.8100004196167,4.4720001220703125,39.08000183105469
2004-07-08,87.54000091552734,16.200000762939453,4.46999979019165,40.33000183105469
2004-07-09,87.41999816894531,15.779999732971191,4.466000080108643,39.959999084472656
2004-07-10,87.41999816894531,15.779999732971191,4.466000080108643,39.959999084472656
2004-07-11,87.41999816894531,15.779999732971191,4.466000080108643,39.959999084472656
2004-07-12,87.38999938964844,14.960000038146973,4.442999839782715,39.5
2004-07-13,87.81999969482422,14.460000038146973,4.479000091552734,39.439998626708984
2004-07-14,87.58000183105469,13.760000228881836,4.484000205993652,40.970001220703125
2004-07-15,87.98999786376953,14.710000038146973,4.485000133514404,40.77000045776367
2004-07-16,87.13999938964844,14.34000015258789,4.361000061035156,41.25
2004-07-17,87.13999938964844,14.34000015258789,4.361000061035156,41.25
2004-07-18,87.13999938964844,14.34000015258789,4.361000061035156,41.25
2004-07-19,87.18000030517578,15.170000076293945,4.361000061035156,41.63999938964844
2004-07-20,87.83000183105469,14.170000076293945,4.447999954223633,40.86000061035156
2004-07-21,88.55999755859375,16.40999984741211,4.486999988555908,40.58000183105469
2004-07-22,88.44999694824219,15.75,4.461999893188477,41.36000061035156
2004-07-23,89.26000213623047,16.5,4.432000160217285,41.709999084472656
2004-07-24,89.26000213623047,16.5,4.432000160217285,41.709999084472656
2004-07-25,89.26000213623047,16.5,4.432000160217285,41.709999084472656
2004-07-26,89.02999877929688,17.299999237060547,4.474999904632568,41.439998626708984
2004-07-27,89.79000091552734,16.549999237060547,4.59499979019165,41.84000015258789
2004-07-28,89.75,16.149999618530273,4.585000038146973,42.900001525878906
2004-07-29,89.94999694824219,15.680000305175781,4.572999954223633,42.75
2004-07-30,89.95999908447266,15.319999694824219,4.474999904632568,43.79999923706055
2004-07-31,89.95999908447266,15.319999694824219,4.474999904632568,43.79999923706055
2004-08-01,89.95999908447266,15.319999694824219,4.474999904632568,43.79999923706055
2004-08-02,89.75,15.369999885559082,4.454999923706055,43.81999969482422
2004-08-03,89.56999969482422,16.030000686645508,4.421999931335449,44.150001525878906
2004-08-04,89.68000030517578,16.209999084472656,4.428999900817871,42.83000183105469
2004-08-05,89.63999938964844,18.31999969482422,4.400000095367432,44.40999984741211
2004-08-06,88.36000061035156,19.34000015258789,4.218999862670898,43.95000076293945
2004-08-07,88.36000061035156,19.34000015258789,4.218999862670898,43.95000076293945
2004-08-08,88.36000061035156,19.34000015258789,4.218999862670898,43.95000076293945
2004-08-09,88.38999938964844,18.889999389648438,4.24399995803833,44.84000015258789
2004-08-10,88.79000091552734,17.469999313354492,4.2870001792907715,44.52000045776367
2004-08-11,88.8499984741211,18.040000915527344,4.275000095367432,44.79999923706055
2004-08-12,88.69000244140625,19.079999923706055,4.25,45.5
2004-08-13,87.9000015258789,17.979999542236328,4.2129998207092285,46.58000183105469
2004-08-14,87.9000015258789,17.979999542236328,4.2129998207092285,46.58000183105469
2004-08-15,87.9000015258789,17.979999542236328,4.2129998207092285,46.58000183105469
2004-08-16,87.95999908447266,17.56999969482422,4.257999897003174,46.04999923706055
2004-08-17,88.05999755859375,17.020000457763672,4.205999851226807,46.75
2004-08-18,88.08000183105469,16.229999542236328,4.2270002365112305,47.27000045776367
2004-08-19,87.79000091552734,16.959999084472656,4.210999965667725,48.70000076293945
2004-08-20,88.12000274658203,16.0,4.230999946594238,47.86000061035156
2004-08-21,88.12000274658203,16.0,4.230999946594238,47.86000061035156
2004-08-22,88.12000274658203,16.0,4.230999946594238,47.86000061035156
2004-08-23,89.05999755859375,15.880000114440918,4.2789998054504395,46.04999923706055
2004-08-24,89.45999908447266,15.329999923706055,4.2829999923706055,45.209999084472656
2004-08-25,89.41999816894531,14.979999542236328,4.261000156402588,43.470001220703125
2004-08-26,89.30000305175781,14.90999984741211,4.2270002365112305,43.099998474121094
2004-08-27,89.7699966430664,14.710000038146973,4.2270002365112305,43.18000030517578
2004-08-28,89.7699966430664,14.710000038146973,4.2270002365112305,43.18000030517578
2004-08-29,89.7699966430664,14.710000038146973,4.2270002365112305,43.18000030517578
2004-08-30,89.69000244140625,15.4399995803833,4.188000202178955,42.279998779296875
2004-08-31,88.94000244140625,15.289999961853027,4.131999969482422,42.119998931884766
2004-09-01,88.87000274658203,14.90999984741211,4.123000144958496,44.0
2004-09-02,88.9800033569336,14.279999732971191,4.193999767303467,44.060001373291016
2004-09-03,89.62999725341797,13.90999984741211,4.293000221252441,43.9900016784668
2004-09-04,89.62999725341797,13.90999984741211,4.293000221252441,43.9900016784668
2004-09-05,89.62999725341797,13.90999984741211,4.293000221252441,43.9900016784668
2004-09-06,89.52999877929688,13.90999984741211,4.293000221252441,43.9900016784668
2004-09-07,89.2300033569336,14.069999694824219,4.245999813079834,43.310001373291016
2004-09-08,88.7699966430664,14.0600004196167,4.163000106811523,42.77000045776367
2004-09-09,88.83000183105469,14.010000228881836,4.198999881744385,44.61000061035156
2004-09-10,88.38999938964844,13.760000228881836,4.179999828338623,42.810001373291016
2004-09-11,88.38999938964844,13.760000228881836,4.179999828338623,42.810001373291016
2004-09-12,88.38999938964844,13.760000228881836,4.179999828338623,42.810001373291016
2004-09-13,88.55000305175781,13.170000076293945,4.151000022888184,43.869998931884766
2004-09-14,88.45999908447266,13.5600004196167,4.132999897003174,44.38999938964844
2004-09-15,89.1500015258789,14.640000343322754,4.170000076293945,43.58000183105469
2004-09-16,88.79000091552734,14.390000343322754,4.068999767303467,43.880001068115234
2004-09-17,88.91000366210938,14.029999732971191,4.126999855041504,45.59000015258789
2004-09-18,88.91000366210938,14.029999732971191,4.126999855041504,45.59000015258789
2004-09-19,88.91000366210938,14.029999732971191,4.126999855041504,45.59000015258789
2004-09-20,88.98999786376953,14.430000305175781,4.058000087738037,46.349998474121094
2004-09-21,88.12999725341797,13.65999984741211,4.0370001792907715,47.099998474121094
2004-09-22,88.51000213623047,14.739999771118164,3.989000082015991,48.349998474121094
2004-09-23,88.44000244140625,14.800000190734863,4.0279998779296875,48.459999084472656
2004-09-24,88.4000015258789,14.279999732971191,4.031000137329102,48.880001068115234
2004-09-25,88.4000015258789,14.279999732971191,4.031000137329102,48.880001068115234
2004-09-26,88.4000015258789,14.279999732971191,4.031000137329102,48.880001068115234
2004-09-27,88.29000091552734,14.619999885559082,3.996999979019165,49.63999938964844
2004-09-28,88.11000061035156,13.829999923706055,4.01200008392334,49.900001525878906
2004-09-29,88.0999984741211,13.210000038146973,4.090000152587891,49.5099983215332
2004-09-30,87.36000061035156,13.34000015258789,4.11899995803833,49.63999938964844
2004-10-01,87.62999725341797,12.75,4.190999984741211,50.119998931884766
2004-10-02,87.62999725341797,12.75,4.190999984741211,50.119998931884766
2004-10-03,87.62999725341797,12.75,4.190999984741211,50.119998931884766
2004-10-04,88.37999725341797,13.40999984741211,4.172999858856201,49.90999984741211
2004-10-05,88.16999816894531,13.949999809265137,4.172999858856201,51.09000015258789
2004-10-06,88.4800033569336,13.279999732971191,4.223999977111816,52.02000045776367
2004-10-07,88.33999633789062,14.5,4.24399995803833,52.66999816894531
2004-10-08,87.44999694824219,15.050000190734863,4.132999897003174,53.310001373291016
2004-10-09,87.44999694824219,15.050000190734863,4.132999897003174,53.310001373291016
2004-10-10,87.44999694824219,15.050000190734863,4.132999897003174,53.310001373291016
2004-10-11,87.54000091552734,14.710000038146973,4.132999897003174,53.63999938964844
2004-10-12,88.0199966430664,15.050000190734863,4.1020002365112305,52.5099983215332
2004-10-13,87.87999725341797,15.420000076293945,4.078000068664551,53.63999938964844
2004-10-14,87.55000305175781,16.43000030517578,4.014999866485596,54.7599983215332
2004-10-15,87.08999633789062,15.039999961853027,4.052999973297119,54.93000030517578
2004-10-16,87.08999633789062,15.039999961853027,4.052999973297119,54.93000030517578
2004-10-17,87.08999633789062,15.039999961853027,4.052999973297119,54.93000030517578
2004-10-18,87.0199966430664,14.710000038146973,4.052999973297119,53.66999816894531
2004-10-19,86.83999633789062,15.130000114440918,4.038000106811523,53.290000915527344
2004-10-20,86.3499984741211,14.850000381469727,3.990999937057495,54.91999816894531
2004-10-21,86.0199966430664,14.539999961853027,3.996999979019165,54.470001220703125
2004-10-22,85.87000274658203,15.279999732971191,3.9839999675750732,55.16999816894531
2004-10-23,85.87000274658203,15.279999732971191,3.9839999675750732,55.16999816894531
2004-10-24,85.87000274658203,15.279999732971191,3.9839999675750732,55.16999816894531
2004-10-25,84.97000122070312,16.579999923706055,3.9709999561309814,54.540000915527344
2004-10-26,85.20999908447266,16.389999389648438,3.989000082015991,55.16999816894531
2004-10-27,85.44000244140625,15.720000267028809,4.0879998207092285,52.459999084472656
2004-10-28,85.27999877929688,15.390000343322754,4.079999923706055,50.91999816894531
2004-10-29,84.91000366210938,16.270000457763672,4.0289998054504395,51.7599983215332
2004-10-30,84.91000366210938,16.270000457763672,4.0289998054504395,51.7599983215332
2004-10-31,84.91000366210938,16.270000457763672,4.0289998054504395,51.7599983215332
2004-11-01,85.19999694824219,16.270000457763672,4.090000152587891,50.130001068115234
2004-11-02,85.47000122070312,16.18000030517578,4.074999809265137,49.619998931884766
2004-11-03,84.69999694824219,14.039999961853027,4.070000171661377,50.880001068115234
2004-11-04,84.54000091552734,13.970000267028809,4.067999839782715,48.81999969482422
2004-11-05,84.01000213623047,13.84000015258789,4.185999870300293,49.61000061035156
2004-11-06,84.01000213623047,13.84000015258789,4.185999870300293,49.61000061035156
2004-11-07,84.01000213623047,13.84000015258789,4.185999870300293,49.61000061035156
2004-11-08,84.08999633789062,13.800000190734863,4.215000152587891,49.09000015258789
2004-11-09,84.29000091552734,13.609999656677246,4.2179999351501465,47.369998931884766
2004-11-10,84.43000030517578,13.079999923706055,4.252999782562256,48.86000061035156
2004-11-11,84.37000274658203,13.039999961853027,4.252999782562256,47.41999816894531
2004-11-12,83.69000244140625,13.329999923706055,4.197999954223633,47.31999969482422
2004-11-13,83.69000244140625,13.329999923706055,4.197999954223633,47.31999969482422
2004-11-14,83.69000244140625,13.329999923706055,4.197999954223633,47.31999969482422
2004-11-15,84.0,13.380000114440918,4.190000057220459,46.869998931884766
2004-11-16,83.80000305175781,13.210000038146973,4.208000183105469,46.11000061035156
2004-11-17,83.29000091552734,13.210000038146973,4.144000053405762,46.84000015258789
2004-11-18,83.69000244140625,12.979999542236328,4.117000102996826,46.220001220703125
2004-11-19,83.30999755859375,13.5,4.196000099182129,48.439998626708984
2004-11-20,83.30999755859375,13.5,4.196000099182129,48.439998626708984
2004-11-21,83.30999755859375,13.5,4.196000099182129,48.439998626708984
2004-11-22,83.19000244140625,12.970000267028809,4.164999961853027,48.63999938964844
2004-11-23,82.97000122070312,12.670000076293945,4.184000015258789,48.939998626708984
2004-11-24,82.41000366210938,12.720000267028809,4.195000171661377,49.439998626708984
2004-11-25,82.18000030517578,12.720000267028809,4.195000171661377,49.439998626708984
2004-11-26,81.77999877929688,12.779999732971191,4.23799991607666,49.439998626708984
2004-11-27,81.77999877929688,12.779999732971191,4.23799991607666,49.439998626708984
2004-11-28,81.77999877929688,12.779999732971191,4.23799991607666,49.439998626708984
2004-11-29,81.93000030517578,13.300000190734863,4.329999923706055,49.7599983215332
2004-11-30,81.81999969482422,13.239999771118164,4.357999801635742,49.130001068115234
2004-12-01,81.55999755859375,12.970000267028809,4.375,45.4900016784668
2004-12-02,81.94999694824219,12.979999542236328,4.396999835968018,43.25
2004-12-03,80.9800033569336,12.960000038146973,4.269999980926514,42.540000915527344
2004-12-04,80.9800033569336,12.960000038146973,4.269999980926514,42.540000915527344
2004-12-05,80.9800033569336,12.960000038146973,4.269999980926514,42.540000915527344
2004-12-06,81.27999877929688,13.1899995803833,4.239999771118164,42.97999954223633
2004-12-07,81.23999786376953,13.670000076293945,4.2270002365112305,41.459999084472656
2004-12-08,81.9000015258789,13.1899995803833,4.133999824523926,41.939998626708984
2004-12-09,82.02999877929688,12.880000114440918,4.160999774932861,42.529998779296875
2004-12-10,82.55000305175781,12.760000228881836,4.156000137329102,40.709999084472656
2004-12-11,82.55000305175781,12.760000228881836,4.156000137329102,40.709999084472656
2004-12-12,82.55000305175781,12.760000228881836,4.156000137329102,40.709999084472656
2004-12-13,82.0999984741211,12.539999961853027,4.151000022888184,41.0099983215332
2004-12-14,82.31999969482422,12.729999542236328,4.131999969482422,41.81999969482422
2004-12-15,81.62999725341797,12.350000381469727,4.076000213623047,44.189998626708984
2004-12-16,82.5,12.270000457763672,4.184999942779541,44.18000030517578
2004-12-17,82.16000366210938,11.949999809265137,4.206999778747559,46.279998779296875
2004-12-18,82.16000366210938,11.949999809265137,4.206999778747559,46.279998779296875
2004-12-19,82.16000366210938,11.949999809265137,4.206999778747559,46.279998779296875
2004-12-20,81.66999816894531,11.829999923706055,4.198999881744385,45.63999938964844
2004-12-21,81.94000244140625,11.550000190734863,4.168000221252441,45.7599983215332
2004-12-22,81.93000030517578,11.449999809265137,4.201000213623047,44.2400016784668
2004-12-23,81.33999633789062,11.229999542236328,4.2179999351501465,44.18000030517578
2004-12-24,81.22000122070312,11.229999542236328,4.2179999351501465,44.18000030517578
2004-12-25,81.22000122070312,11.229999542236328,4.2179999351501465,44.18000030517578
2004-12-26,81.22000122070312,11.229999542236328,4.2179999351501465,44.18000030517578
2004-12-27,80.72000122070312,12.140000343322754,4.290999889373779,41.31999969482422
2004-12-28,80.72000122070312,12.0,4.290999889373779,41.77000045776367
2004-12-29,80.97000122070312,11.619999885559082,4.322000026702881,43.63999938964844
2004-12-30,80.52999877929688,12.5600004196167,4.263000011444092,43.45000076293945
2004-12-31,80.8499984741211,13.289999961853027,4.216000080108643,43.45000076293945
2005-01-01,80.8499984741211,13.289999961853027,4.216000080108643,43.45000076293945
2005-01-02,80.8499984741211,13.289999961853027,4.216000080108643,43.45000076293945
2005-01-03,81.30000305175781,14.079999923706055,4.21999979019165,42.119998931884766
2005-01-04,82.56999969482422,13.979999542236328,4.2829999923706055,43.90999984741211
2005-01-05,82.54000091552734,14.09000015258789,4.2769999504089355,43.38999938964844
2005-01-06,83.1500015258789,13.579999923706055,4.271999835968018,45.560001373291016
2005-01-07,83.61000061035156,13.489999771118164,4.284999847412109,45.43000030517578
2005-01-08,83.61000061035156,13.489999771118164,4.284999847412109,45.43000030517578
2005-01-09,83.61000061035156,13.489999771118164,4.284999847412109,45.43000030517578
2005-01-10,83.29000091552734,13.229999542236328,4.2779998779296875,45.33000183105469
2005-01-11,83.0199966430664,13.1899995803833,4.24399995803833,45.68000030517578
2005-01-12,82.13999938964844,12.5600004196167,4.236000061035156,46.369998931884766
2005-01-13,82.51000213623047,12.84000015258789,4.186999797821045,48.040000915527344
2005-01-14,83.05999755859375,12.430000305175781,4.216000080108643,48.380001068115234
2005-01-15,83.05999755859375,12.430000305175781,4.216000080108643,48.380001068115234
2005-01-16,83.05999755859375,12.430000305175781,4.216000080108643,48.380001068115234
2005-01-17,83.05999755859375,12.430000305175781,4.216000080108643,48.380001068115234
2005-01-18,83.36000061035156,12.470000267028809,4.195000171661377,48.380001068115234
2005-01-19,83.5999984741211,13.180000305175781,4.186999797821045,47.54999923706055
2005-01-20,83.83999633789062,13.829999923706055,4.164999961853027,46.90999984741211
2005-01-21,83.26000213623047,14.359999656677246,4.142000198364258,48.529998779296875
2005-01-22,83.26000213623047,14.359999656677246,4.142000198364258,48.529998779296875
2005-01-23,83.26000213623047,14.359999656677246,4.142000198364258,48.529998779296875
2005-01-24,83.23999786376953,14.649999618530273,4.122000217437744,48.810001373291016
2005-01-25,83.98999786376953,14.0600004196167,4.189000129699707,49.63999938964844
2005-01-26,83.30000305175781,13.4399995803833,4.191999912261963,48.779998779296875
2005-01-27,83.43000030517578,13.239999771118164,4.206999778747559,48.84000015258789
2005-01-28,83.4800033569336,13.239999771118164,4.138000011444092,47.18000030517578
2005-01-29,83.4800033569336,13.239999771118164,4.138000011444092,47.18000030517578
2005-01-30,83.4800033569336,13.239999771118164,4.138000011444092,47.18000030517578
2005-01-31,83.5999984741211,12.819999694824219,4.132999897003174,48.20000076293945
2005-02-01,83.44999694824219,12.029999732971191,4.136000156402588,47.119998931884766
2005-02-02,83.5199966430664,11.65999984741211,4.139999866485596,46.689998626708984
2005-02-03,83.97000122070312,11.789999961853027,4.163000106811523,46.45000076293945
2005-02-04,84.38999938964844,11.210000038146973,4.072999954223633,46.47999954223633
2005-02-05,84.38999938964844,11.210000038146973,4.072999954223633,46.47999954223633
2005-02-06,84.38999938964844,11.210000038146973,4.072999954223633,46.47999954223633
2005-02-07,85.04000091552734,11.729999542236328,4.052000045776367,45.279998779296875
2005-02-08,85.0999984741211,11.600000381469727,4.0370001792907715,45.400001525878906
2005-02-09,85.0199966430664,12.0,3.9769999980926514,45.459999084472656
2005-02-10,84.54000091552734,11.510000228881836,4.072999954223633,47.099998474121094
2005-02-11,84.56999969482422,11.430000305175781,4.09499979019165,47.15999984741211
2005-02-12,84.56999969482422,11.430000305175781,4.09499979019165,47.15999984741211
2005-02-13,84.56999969482422,11.430000305175781,4.09499979019165,47.15999984741211
2005-02-14,83.95999908447266,11.520000457763672,4.072999954223633,47.439998626708984
2005-02-15,83.58999633789062,11.270000457763672,4.0980000495910645,47.2599983215332
2005-02-16,83.66999816894531,11.100000381469727,4.1579999923706055,48.33000183105469
2005-02-17,83.47000122070312,11.770000457763672,4.184999942779541,47.540000915527344
2005-02-18,83.48999786376953,11.180000305175781,4.260000228881836,48.349998474121094
2005-02-19,83.48999786376953,11.180000305175781,4.260000228881836,48.349998474121094
2005-02-20,83.48999786376953,11.180000305175781,4.260000228881836,48.349998474121094
2005-02-21,83.55000305175781,11.180000305175781,4.260000228881836,48.349998474121094
2005-02-22,82.41000366210938,13.140000343322754,4.284999847412109,51.150001525878906
2005-02-23,82.68000030517578,12.390000343322754,4.26800012588501,51.16999816894531
2005-02-24,82.87999725341797,11.569999694824219,4.281000137329102,51.38999938964844
2005-02-25,82.66000366210938,11.489999771118164,4.271999835968018,51.4900016784668
2005-02-26,82.66000366210938,11.489999771118164,4.271999835968018,51.4900016784668
2005-02-27,82.66000366210938,11.489999771118164,4.271999835968018,51.4900016784668
2005-02-28,82.51000213623047,12.079999923706055,4.359000205993652,51.75
2005-03-01,82.7699966430664,12.039999961853027,4.372000217437744,51.68000030517578
2005-03-02,83.08000183105469,12.5,4.379000186920166,53.04999923706055
2005-03-03,83.27999877929688,12.930000305175781,4.382999897003174,53.56999969482422
2005-03-04,82.54000091552734,11.9399995803833,4.309999942779541,53.779998779296875
2005-03-05,82.54000091552734,11.9399995803833,4.309999942779541,53.779998779296875
2005-03-06,82.54000091552734,11.9399995803833,4.309999942779541,53.779998779296875
2005-03-07,82.79000091552734,12.260000228881836,4.303999900817871,53.88999938964844
2005-03-08,81.9800033569336,12.399999618530273,4.375,54.59000015258789
2005-03-09,81.62999725341797,12.699999809265137,4.513999938964844,54.77000045776367
2005-03-10,81.56999969482422,12.489999771118164,4.459000110626221,53.540000915527344
2005-03-11,81.41999816894531,12.800000190734863,4.534999847412109,54.43000030517578
2005-03-12,81.41999816894531,12.800000190734863,4.534999847412109,54.43000030517578
2005-03-13,81.41999816894531,12.800000190734863,4.534999847412109,54.43000030517578
2005-03-14,81.97000122070312,12.390000343322754,4.515999794006348,54.95000076293945
2005-03-15,82.12000274658203,13.149999618530273,4.541999816894531,55.04999923706055
2005-03-16,81.62000274658203,13.489999771118164,4.51800012588501,56.459999084472656
2005-03-17,81.83999633789062,13.289999961853027,4.46999979019165,56.400001525878906
2005-03-18,82.12999725341797,13.140000343322754,4.511000156402588,56.720001220703125
2005-03-19,82.12999725341797,13.140000343322754,4.511000156402588,56.720001220703125
2005-03-20,82.12999725341797,13.140000343322754,4.511000156402588,56.720001220703125
2005-03-21,82.87999725341797,13.609999656677246,4.525000095367432,56.619998931884766
2005-03-22,83.36000061035156,14.270000457763672,4.610000133514404,56.029998779296875
2005-03-23,84.0,14.0600004196167,4.60699987411499,53.810001373291016
2005-03-24,84.12999725341797,13.420000076293945,4.591000080108643,54.84000015258789
2005-03-25,84.12999725341797,13.420000076293945,4.591000080108643,54.84000015258789
2005-03-26,84.12999725341797,13.420000076293945,4.591000080108643,54.84000015258789
2005-03-27,84.12999725341797,13.420000076293945,4.591000080108643,54.84000015258789
2005-03-28,84.62000274658203,13.75,4.624000072479248,54.04999923706055
2005-03-29,84.31999969482422,14.489999771118164,4.591000080108643,54.22999954223633
2005-03-30,84.29000091552734,13.640000343322754,4.558000087738037,53.9900016784668
2005-03-31,84.05999755859375,14.020000457763672,4.495999813079834,55.400001525878906
2005-04-01,84.43000030517578,14.09000015258789,4.451000213623047,57.27000045776367
2005-04-02,84.43000030517578,14.09000015258789,4.451000213623047,57.27000045776367
2005-04-03,84.43000030517578,14.09000015258789,4.451000213623047,57.27000045776367
2005-04-04,84.77999877929688,14.109999656677246,4.455999851226807,57.0099983215332
2005-04-05,84.66000366210938,13.680000305175781,4.46999979019165,56.040000915527344
2005-04-06,84.68000030517578,13.149999618530273,4.435999870300293,55.849998474121094
2005-04-07,84.87000274658203,12.329999923706055,4.4720001220703125,54.11000061035156
2005-04-08,84.47000122070312,12.619999885559082,4.491000175476074,53.31999969482422
2005-04-09,84.47000122070312,12.619999885559082,4.491000175476074,53.31999969482422
2005-04-10,84.47000122070312,12.619999885559082,4.491000175476074,53.31999969482422
2005-04-11,84.16000366210938,11.979999542236328,4.445000171661377,53.709999084472656
2005-04-12,84.41999816894531,11.300000190734863,4.360000133514404,51.86000061035156
2005-04-13,84.41999816894531,13.3100004196167,4.374000072479248,50.220001220703125
2005-04-14,85.0,14.529999732971191,4.357999801635742,51.130001068115234
2005-04-15,84.55999755859375,17.739999771118164,4.270999908447266,50.4900016784668
2005-04-16,84.55999755859375,17.739999771118164,4.270999908447266,50.4900016784668
2005-04-17,84.55999755859375,17.739999771118164,4.270999908447266,50.4900016784668
2005-04-18,84.0,16.559999465942383,4.249000072479248,50.369998931884766
2005-04-19,83.76000213623047,14.960000038146973,4.203000068664551,52.290000915527344
2005-04-20,83.5199966430664,16.920000076293945,4.210999965667725,52.439998626708984
2005-04-21,83.69999694824219,14.40999984741211,4.300000190734863,54.20000076293945
2005-04-22,83.5,15.380000114440918,4.255000114440918,55.38999938964844
2005-04-23,83.5,15.380000114440918,4.255000114440918,55.38999938964844
2005-04-24,83.5,15.380000114440918,4.255000114440918,55.38999938964844
2005-04-25,83.81999969482422,14.619999885559082,4.250999927520752,54.56999969482422
2005-04-26,83.95999908447266,14.90999984741211,4.267000198364258,54.20000076293945
2005-04-27,84.12000274658203,14.869999885559082,4.236999988555908,51.61000061035156
2005-04-28,84.3499984741211,16.860000610351562,4.172999858856201,51.77000045776367
2005-04-29,84.43000030517578,15.3100004196167,4.201000213623047,49.720001220703125
2005-04-30,84.43000030517578,15.3100004196167,4.201000213623047,49.720001220703125
2005-05-01,84.43000030517578,15.3100004196167,4.201000213623047,49.720001220703125
2005-05-02,84.48999786376953,15.119999885559082,4.193999767303467,50.91999816894531
2005-05-03,84.51000213623047,14.529999732971191,4.185999870300293,49.5
2005-05-04,84.0,13.850000381469727,4.185999870300293,50.130001068115234
2005-05-05,83.94000244140625,13.979999542236328,4.1620001792907715,50.83000183105469
2005-05-06,84.61000061035156,14.050000190734863,4.265999794006348,50.959999084472656
2005-05-07,84.61000061035156,14.050000190734863,4.265999794006348,50.959999084472656
2005-05-08,84.61000061035156,14.050000190734863,4.265999794006348,50.959999084472656
2005-05-09,84.63999938964844,13.75,4.2779998779296875,52.029998779296875
2005-05-10,84.44999694824219,14.90999984741211,4.2220001220703125,52.06999969482422
2005-05-11,84.94000244140625,14.449999809265137,4.202000141143799,50.45000076293945
2005-05-12,85.48999786376953,16.1200008392334,4.184000015258789,48.540000915527344
2005-05-13,86.0999984741211,16.31999969482422,4.120999813079834,48.66999816894531
2005-05-14,86.0999984741211,16.31999969482422,4.120999813079834,48.66999816894531
2005-05-15,86.0999984741211,16.31999969482422,4.120999813079834,48.66999816894531
2005-05-16,86.12000274658203,15.680000305175781,4.125,48.61000061035156
2005-05-17,86.20999908447266,14.569999694824219,4.117000102996826,48.970001220703125
2005-05-18,85.81999969482422,13.630000114440918,4.067999839782715,47.25
2005-05-19,86.08999633789062,13.319999694824219,4.107999801635742,46.91999816894531
2005-05-20,86.62999725341797,13.140000343322754,4.125,46.79999923706055
2005-05-21,86.62999725341797,13.140000343322754,4.125,46.79999923706055
2005-05-22,86.62999725341797,13.140000343322754,4.125,46.79999923706055
2005-05-23,86.4000015258789,12.949999809265137,4.072000026702881,49.15999984741211
2005-05-24,86.37000274658203,12.6899995803833,4.0370001792907715,49.66999816894531
2005-05-25,86.3499984741211,12.579999923706055,4.072000026702881,50.97999954223633
2005-05-26,86.8499984741211,12.239999771118164,4.080999851226807,51.0099983215332
2005-05-27,86.41999816894531,12.149999618530273,4.072999954223633,51.849998474121094
2005-05-28,86.41999816894531,12.149999618530273,4.072999954223633,51.849998474121094
2005-05-29,86.41999816894531,12.149999618530273,4.072999954223633,51.849998474121094
2005-05-30,86.41999816894531,12.149999618530273,4.072999954223633,51.849998474121094
2005-05-31,87.76000213623047,13.289999961853027,4.00600004196167,51.970001220703125
2005-06-01,88.11000061035156,12.359999656677246,3.9070000648498535,54.599998474121094
2005-06-02,87.75,11.84000015258789,3.890000104904175,53.630001068115234
2005-06-03,88.04000091552734,12.149999618530273,3.9790000915527344,55.029998779296875
2005-06-04,88.04000091552734,12.149999618530273,3.9790000915527344,55.029998779296875
2005-06-05,88.04000091552734,12.149999618530273,3.9790000915527344,55.029998779296875
2005-06-06,87.5999984741211,12.279999732971191,3.9619998931884766,54.4900016784668
2005-06-07,87.48999786376953,12.390000343322754,3.9110000133514404,53.7599983215332
2005-06-08,87.87999725341797,12.699999809265137,3.940000057220459,52.540000915527344
2005-06-09,88.06999969482422,12.079999923706055,3.9649999141693115,54.279998779296875
2005-06-10,88.69000244140625,11.960000038146973,4.046999931335449,53.540000915527344
2005-06-11,88.69000244140625,11.960000038146973,4.046999931335449,53.540000915527344
2005-06-12,88.69000244140625,11.960000038146973,4.046999931335449,53.540000915527344
2005-06-13,88.94999694824219,11.649999618530273,4.085999965667725,55.619998931884766
2005-06-14,89.26000213623047,11.789999961853027,4.126999855041504,55.0
2005-06-15,88.6500015258789,11.460000038146973,4.114999771118164,55.56999969482422
2005-06-16,88.72000122070312,11.149999618530273,4.076000213623047,56.58000183105469
2005-06-17,87.7300033569336,11.479999542236328,4.078000068664551,58.470001220703125
2005-06-18,87.7300033569336,11.479999542236328,4.078000068664551,58.470001220703125
2005-06-19,87.7300033569336,11.479999542236328,4.078000068664551,58.470001220703125
2005-06-20,88.48999786376953,11.470000267028809,4.103000164031982,59.369998931884766
2005-06-21,88.18000030517578,11.079999923706055,4.048999786376953,58.900001525878906
2005-06-22,88.55999755859375,11.050000190734863,3.944999933242798,58.09000015258789
2005-06-23,89.12000274658203,12.130000114440918,3.9590001106262207,59.41999816894531
2005-06-24,88.77999877929688,12.180000305175781,3.9140000343322754,59.84000015258789
2005-06-25,88.77999877929688,12.180000305175781,3.9140000343322754,59.84000015258789
2005-06-26,88.77999877929688,12.180000305175781,3.9140000343322754,59.84000015258789
2005-06-27,88.44999694824219,12.520000457763672,3.9019999504089355,60.540000915527344
2005-06-28,88.98999786376953,11.579999923706055,3.9760000705718994,58.20000076293945
2005-06-29,89.11000061035156,11.770000457763672,3.990000009536743,57.2599983215332
2005-06-30,89.11000061035156,12.039999961853027,3.944999933242798,56.5
2005-07-01,90.12999725341797,11.399999618530273,4.048999786376953,58.75
2005-07-02,90.12999725341797,11.399999618530273,4.048999786376953,58.75
2005-07-03,90.12999725341797,11.399999618530273,4.048999786376953,58.75
2005-07-04,90.43000030517578,11.399999618530273,4.048999786376953,58.75
2005-07-05,90.44000244140625,11.680000305175781,4.098999977111816,59.59000015258789
2005-07-06,90.37999725341797,12.270000457763672,4.074999809265137,61.279998779296875
2005-07-07,90.27999877929688,12.489999771118164,4.031000137329102,60.72999954223633
2005-07-08,90.25,11.449999809265137,4.109000205993652,59.630001068115234
2005-07-09,90.25,11.449999809265137,4.109000205993652,59.630001068115234
2005-07-10,90.25,11.449999809265137,4.109000205993652,59.630001068115234
2005-07-11,89.45999908447266,11.279999732971191,4.1020002365112305,58.91999816894531
2005-07-12,88.41000366210938,10.949999809265137,4.140999794006348,60.619998931884766
2005-07-13,89.30999755859375,10.84000015258789,4.163000106811523,60.0099983215332
2005-07-14,89.4000015258789,10.8100004196167,4.179999828338623,57.79999923706055
2005-07-15,89.72000122070312,10.329999923706055,4.175000190734863,58.09000015258789
2005-07-16,89.72000122070312,10.329999923706055,4.175000190734863,58.09000015258789
2005-07-17,89.72000122070312,10.329999923706055,4.175000190734863,58.09000015258789
2005-07-18,89.63999938964844,10.770000457763672,4.2230000495910645,57.31999969482422
2005-07-19,89.8499984741211,10.449999809265137,4.189000129699707,57.459999084472656
2005-07-20,89.33999633789062,10.229999542236328,4.177000045776367,56.720001220703125
2005-07-21,88.93000030517578,10.970000267028809,4.2820000648498535,57.130001068115234
2005-07-22,89.63999938964844,10.520000457763672,4.2230000495910645,58.650001525878906
2005-07-23,89.63999938964844,10.520000457763672,4.2230000495910645,58.650001525878906
2005-07-24,89.63999938964844,10.520000457763672,4.2230000495910645,58.650001525878906
2005-07-25,89.5999984741211,11.100000381469727,4.247000217437744,59.0
2005-07-26,90.0,10.989999771118164,4.238999843597412,59.20000076293945
2005-07-27,89.7300033569336,10.359999656677246,4.261000156402588,59.11000061035156
2005-07-28,89.33999633789062,10.520000457763672,4.196000099182129,59.939998626708984
2005-07-29,89.3499984741211,11.569999694824219,4.285999774932861,60.56999969482422
2005-07-30,89.3499984741211,11.569999694824219,4.285999774932861,60.56999969482422
2005-07-31,89.3499984741211,11.569999694824219,4.285999774932861,60.56999969482422
2005-08-01,88.80000305175781,12.079999923706055,4.318999767303467,61.56999969482422
2005-08-02,88.76000213623047,11.75,4.335999965667725,61.88999938964844
2005-08-03,87.98999786376953,11.829999923706055,4.300000190734863,60.86000061035156
2005-08-04,87.80000305175781,12.520000457763672,4.318999767303467,61.380001068115234
2005-08-05,88.05999755859375,12.479999542236328,4.392000198364258,62.310001373291016
2005-08-06,88.05999755859375,12.479999542236328,4.392000198364258,62.310001373291016
2005-08-07,88.05999755859375,12.479999542236328,4.392000198364258,62.310001373291016
2005-08-08,87.91999816894531,13.210000038146973,4.419000148773193,63.939998626708984
2005-08-09,87.88999938964844,12.399999618530273,4.394000053405762,63.06999969482422
2005-08-10,87.61000061035156,12.380000114440918,4.4039998054504395,64.9000015258789
2005-08-11,87.0999984741211,12.420000076293945,4.334000110626221,65.80000305175781
2005-08-12,86.9800033569336,12.739999771118164,4.23799991607666,66.86000061035156
2005-08-13,86.9800033569336,12.739999771118164,4.23799991607666,66.86000061035156
2005-08-14,86.9800033569336,12.739999771118164,4.23799991607666,66.86000061035156
2005-08-15,87.31999969482422,12.260000228881836,4.269999980926514,66.2699966430664
2005-08-16,87.43000030517578,13.520000457763672,4.2270002365112305,66.08000183105469
2005-08-17,88.0,13.300000190734863,4.2729997634887695,63.25
2005-08-18,88.58999633789062,13.420000076293945,4.216000080108643,63.27000045776367
2005-08-19,88.58000183105469,13.420000076293945,4.210999965667725,65.3499984741211
2005-08-20,88.58000183105469,13.420000076293945,4.210999965667725,65.3499984741211
2005-08-21,88.58000183105469,13.420000076293945,4.210999965667725,65.3499984741211
2005-08-22,88.13999938964844,13.420000076293945,4.218999862670898,65.44999694824219
2005-08-23,88.08000183105469,13.34000015258789,4.186999797821045,65.70999908447266
2005-08-24,87.91000366210938,14.170000076293945,4.178999900817871,67.31999969482422
2005-08-25,87.63999938964844,13.729999542236328,4.159999847412109,67.48999786376953
2005-08-26,87.86000061035156,13.720000267028809,4.189000129699707,66.12999725341797
2005-08-27,87.86000061035156,13.720000267028809,4.189000129699707,66.12999725341797
2005-08-28,87.86000061035156,13.720000267028809,4.189000129699707,66.12999725341797
2005-08-29,88.25,13.520000457763672,4.172999858856201,67.19999694824219
2005-08-30,88.3499984741211,13.649999618530273,4.090000152587891,69.80999755859375
2005-08-31,87.58000183105469,12.600000381469727,4.019999980926514,68.94000244140625
2005-09-01,86.55000305175781,13.149999618530273,4.019000053405762,69.47000122070312
2005-09-02,86.30000305175781,13.569999694824219,4.0289998054504395,67.56999969482422
2005-09-03,86.30000305175781,13.569999694824219,4.0289998054504395,67.56999969482422
2005-09-04,86.30000305175781,13.569999694824219,4.0289998054504395,67.56999969482422
2005-09-05,86.30000305175781,13.569999694824219,4.0289998054504395,67.56999969482422
2005-09-06,86.56999969482422,12.930000305175781,4.085000038146973,65.95999908447266
2005-09-07,86.97000122070312,12.520000457763672,4.138000011444092,64.37000274658203
2005-09-08,87.04000091552734,12.930000305175781,4.138999938964844,64.48999786376953
2005-09-09,86.88999938964844,11.979999542236328,4.123000144958496,64.08000183105469
2005-09-10,86.88999938964844,11.979999542236328,4.123000144958496,64.08000183105469
2005-09-11,86.88999938964844,11.979999542236328,4.123000144958496,64.08000183105469
2005-09-12,87.70999908447266,11.649999618530273,4.169000148773193,63.33000183105469
2005-09-13,87.75,12.390000343322754,4.133999824523926,63.11000061035156
2005-09-14,87.66999816894531,12.90999984741211,4.168000221252441,65.08999633789062
2005-09-15,88.12999725341797,12.489999771118164,4.214000225067139,64.75
2005-09-16,88.05000305175781,11.220000267028809,4.26200008392334,63.0
2005-09-17,88.05000305175781,11.220000267028809,4.26200008392334,63.0
2005-09-18,88.05000305175781,11.220000267028809,4.26200008392334,63.0
2005-09-19,88.44000244140625,12.140000343322754,4.247000217437744,67.38999938964844
2005-09-20,88.5999984741211,12.640000343322754,4.243000030517578,66.2300033569336
2005-09-21,88.13999938964844,13.789999961853027,4.188000202178955,66.80000305175781
2005-09-22,88.55999755859375,13.329999923706055,4.176000118255615,66.5
2005-09-23,89.20999908447266,12.960000038146973,4.248000144958496,64.19000244140625
2005-09-24,89.20999908447266,12.960000038146973,4.248000144958496,64.19000244140625
2005-09-25,89.20999908447266,12.960000038146973,4.248000144958496,64.19000244140625
2005-09-26,89.11000061035156,13.039999961853027,4.294000148773193,65.81999969482422
2005-09-27,89.5999984741211,12.760000228881836,4.301000118255615,65.06999969482422
2005-09-28,89.47000122070312,12.630000114440918,4.26200008392334,66.3499984741211
2005-09-29,89.4000015258789,12.239999771118164,4.289000034332275,66.79000091552734
2005-09-30,89.5199966430664,11.920000076293945,4.328000068664551,66.23999786376953
2005-10-01,89.5199966430664,11.920000076293945,4.328000068664551,66.23999786376953
2005-10-02,89.5199966430664,11.920000076293945,4.328000068664551,66.23999786376953
2005-10-03,90.12999725341797,12.460000038146973,4.386000156402588,65.47000122070312
2005-10-04,90.0999984741211,13.199999809265137,4.375999927520752,63.900001525878906
2005-10-05,89.9800033569336,14.550000190734863,4.361000061035156,62.790000915527344
2005-10-06,88.66000366210938,14.960000038146973,4.366000175476074,61.36000061035156
2005-10-07,89.16999816894531,14.59000015258789,4.361000061035156,61.84000015258789
2005-10-08,89.16999816894531,14.59000015258789,4.361000061035156,61.84000015258789
2005-10-09,89.16999816894531,14.59000015258789,4.361000061035156,61.84000015258789
2005-10-10,89.45999908447266,15.550000190734863,4.361000061035156,61.79999923706055
2005-10-11,89.97000122070312,15.630000114440918,4.383999824523926,63.529998779296875
2005-10-12,89.62999725341797,16.219999313354492,4.440999984741211,64.12000274658203
2005-10-13,89.80999755859375,16.469999313354492,4.474999904632568,63.08000183105469
2005-10-14,89.3499984741211,14.869999885559082,4.491000175476074,62.630001068115234
2005-10-15,89.3499984741211,14.869999885559082,4.491000175476074,62.630001068115234
2005-10-16,89.3499984741211,14.869999885559082,4.491000175476074,62.630001068115234
2005-10-17,89.80000305175781,14.670000076293945,4.488999843597412,64.36000061035156
2005-10-18,90.29000091552734,15.329999923706055,4.480999946594238,63.20000076293945
2005-10-19,89.98999786376953,13.5,4.4629998207092285,62.40999984741211
2005-10-20,89.91000366210938,16.110000610351562,4.459000110626221,61.029998779296875
2005-10-21,90.30999755859375,16.1299991607666,4.389999866485596,60.630001068115234
2005-10-22,90.30999755859375,16.1299991607666,4.389999866485596,60.630001068115234
2005-10-23,90.30999755859375,16.1299991607666,4.389999866485596,60.630001068115234
2005-10-24,90.11000061035156,14.739999771118164,4.446000099182129,60.31999969482422
2005-10-25,89.23999786376953,14.529999732971191,4.507999897003174,62.439998626708984
2005-10-26,89.48999786376953,14.59000015258789,4.591000080108643,60.65999984741211
2005-10-27,89.0999984741211,16.020000457763672,4.558000087738037,61.09000015258789
2005-10-28,89.58999633789062,14.25,4.566999912261963,61.220001220703125
2005-10-29,89.58999633789062,14.25,4.566999912261963,61.220001220703125
2005-10-30,89.58999633789062,14.25,4.566999912261963,61.220001220703125
2005-10-31,90.06999969482422,15.319999694824219,4.559000015258789,59.7599983215332
2005-11-01,90.08000183105469,14.850000381469727,4.577000141143799,59.849998474121094
2005-11-02,89.72000122070312,13.479999542236328,4.610000133514404,59.75
2005-11-03,90.44000244140625,13.0,4.644000053405762,61.779998779296875
2005-11-04,91.26000213623047,13.170000076293945,4.6570000648498535,60.58000183105469
2005-11-05,91.26000213623047,13.170000076293945,4.6570000648498535,60.58000183105469
2005-11-06,91.26000213623047,13.170000076293945,4.6570000648498535,60.58000183105469
2005-11-07,91.29000091552734,13.100000381469727,4.638999938964844,59.470001220703125
2005-11-08,91.37000274658203,13.079999923706055,4.565000057220459,59.709999084472656
2005-11-09,91.5,12.800000190734863,4.635000228881836,58.93000030517578
2005-11-10,92.08000183105469,11.899999618530273,4.564000129699707,57.79999923706055
2005-11-11,91.9800033569336,11.630000114440918,4.564000129699707,57.529998779296875
2005-11-12,91.9800033569336,11.630000114440918,4.564000129699707,57.529998779296875
2005-11-13,91.9800033569336,11.630000114440918,4.564000129699707,57.529998779296875
2005-11-14,92.12999725341797,12.180000305175781,4.604000091552734,57.689998626708984
2005-11-15,92.08999633789062,12.229999542236328,4.557000160217285,56.97999954223633
2005-11-16,92.33000183105469,12.260000228881836,4.484000205993652,57.880001068115234
2005-11-17,91.87999725341797,11.25,4.459000110626221,56.33000183105469
2005-11-18,91.93000030517578,11.119999885559082,4.501999855041504,56.13999938964844
2005-11-19,91.93000030517578,11.119999885559082,4.501999855041504,56.13999938964844
2005-11-20,91.93000030517578,11.119999885559082,4.501999855041504,56.13999938964844
2005-11-21,92.02999877929688,10.819999694824219,4.460999965667725,57.70000076293945
2005-11-22,91.5,10.600000381469727,4.427999973297119,58.84000015258789
2005-11-23,91.51000213623047,10.960000038146973,4.473999977111816,58.709999084472656
2005-11-24,91.51000213623047,10.960000038146973,4.473999977111816,58.709999084472656
2005-11-25,92.04000091552734,10.880000114440918,4.431000232696533,58.709999084472656
2005-11-26,92.04000091552734,10.880000114440918,4.431000232696533,58.709999084472656
2005-11-27,92.04000091552734,10.880000114440918,4.431000232696533,58.709999084472656
2005-11-28,90.9800033569336,11.84000015258789,4.406000137329102,57.36000061035156
2005-11-29,91.62000274658203,11.890000343322754,4.48199987411499,56.5
2005-11-30,91.56999969482422,12.0600004196167,4.5,57.31999969482422
2005-12-01,91.81999969482422,11.239999771118164,4.520999908447266,58.470001220703125
2005-12-02,91.94999694824219,11.010000228881836,4.519000053405762,59.31999969482422
2005-12-03,91.94999694824219,11.010000228881836,4.519000053405762,59.31999969482422
2005-12-04,91.94999694824219,11.010000228881836,4.519000053405762,59.31999969482422
2005-12-05,91.4800033569336,11.600000381469727,4.566999912261963,59.90999984741211
2005-12-06,91.44000244140625,11.520000457763672,4.49399995803833,59.939998626708984
2005-12-07,91.88999938964844,12.180000305175781,4.517000198364258,59.209999084472656
2005-12-08,91.26000213623047,12.210000038146973,4.464000225067139,60.65999984741211
2005-12-09,91.25,11.6899995803833,4.5370001792907715,59.38999938964844
2005-12-10,91.25,11.6899995803833,4.5370001792907715,59.38999938964844
2005-12-11,91.25,11.6899995803833,4.5370001792907715,59.38999938964844
2005-12-12,90.3499984741211,11.470000267028809,4.546999931335449,61.29999923706055
2005-12-13,90.37999725341797,11.109999656677246,4.534999847412109,61.369998931884766
2005-12-14,89.83000183105469,10.479999542236328,4.449999809265137,60.849998474121094
2005-12-15,90.0199966430664,10.729999542236328,4.4679999351501465,59.9900016784668
2005-12-16,89.69999694824219,10.680000305175781,4.447999954223633,58.060001373291016
2005-12-17,89.69999694824219,10.680000305175781,4.447999954223633,58.060001373291016
2005-12-18,89.69999694824219,10.680000305175781,4.447999954223633,58.060001373291016
2005-12-19,89.87000274658203,11.380000114440918,4.441999912261963,57.33000183105469
2005-12-20,90.77999877929688,11.1899995803833,4.466000080108643,57.97999954223633
2005-12-21,90.94000244140625,10.8100004196167,4.486000061035156,58.560001373291016
2005-12-22,90.72000122070312,10.289999961853027,4.433000087738037,58.279998779296875
2005-12-23,90.83999633789062,10.270000457763672,4.380000114440918,58.43000030517578
2005-12-24,90.83999633789062,10.270000457763672,4.380000114440918,58.43000030517578
2005-12-25,90.83999633789062,10.270000457763672,4.380000114440918,58.43000030517578
2005-12-26,90.83999633789062,10.270000457763672,4.380000114440918,58.43000030517578
2005-12-27,91.19000244140625,11.569999694824219,4.341000080108643,58.15999984741211
2005-12-28,91.26000213623047,11.350000381469727,4.377999782562256,59.81999969482422
2005-12-29,91.0999984741211,11.609999656677246,4.375999927520752,60.31999969482422
2005-12-30,91.16999816894531,12.069999694824219,4.394999980926514,61.040000915527344
2005-12-31,91.16999816894531,12.069999694824219,4.394999980926514,61.040000915527344
2006-01-01,91.16999816894531,12.069999694824219,4.394999980926514,61.040000915527344
2006-01-02,91.16999816894531,12.069999694824219,4.394999980926514,61.040000915527344
2006-01-03,89.83999633789062,11.140000343322754,4.369999885559082,63.13999938964844
2006-01-04,89.13999938964844,11.369999885559082,4.355999946594238,63.41999816894531
2006-01-05,89.33000183105469,11.3100004196167,4.355999946594238,62.790000915527344
2006-01-06,88.8499984741211,11.0,4.379000186920166,64.20999908447266
2006-01-07,88.8499984741211,11.0,4.379000186920166,64.20999908447266
2006-01-08,88.8499984741211,11.0,4.379000186920166,64.20999908447266
2006-01-09,89.25,11.130000114440918,4.379000186920166,63.5
2006-01-10,89.33000183105469,10.859999656677246,4.427999973297119,63.369998931884766
2006-01-11,88.98999786376953,10.9399995803833,4.458000183105469,63.939998626708984
2006-01-12,89.44000244140625,11.199999809265137,4.409999847412109,63.939998626708984
2006-01-13,88.88999938964844,11.229999542236328,4.349999904632568,63.91999816894531
2006-01-14,88.88999938964844,11.229999542236328,4.349999904632568,63.91999816894531
2006-01-15,88.88999938964844,11.229999542236328,4.349999904632568,63.91999816894531
2006-01-16,88.88999938964844,11.229999542236328,4.349999904632568,63.91999816894531
2006-01-17,89.30000305175781,11.90999984741211,4.331999778747559,66.30999755859375
2006-01-18,89.26000213623047,12.25,4.340000152587891,65.7300033569336
2006-01-19,89.38999938964844,11.979999542236328,4.379000186920166,66.83000183105469
2006-01-20,88.94999694824219,14.5600004196167,4.361000061035156,68.3499984741211
2006-01-21,88.94999694824219,14.5600004196167,4.361000061035156,68.3499984741211
2006-01-22,88.94999694824219,14.5600004196167,4.361000061035156,68.3499984741211
2006-01-23,87.94999694824219,13.930000305175781,4.35699987411499,68.0999984741211
2006-01-24,88.05999755859375,13.3100004196167,4.389999866485596,67.05999755859375
2006-01-25,88.33000183105469,12.869999885559082,4.479000091552734,65.8499984741211
2006-01-26,88.62000274658203,12.420000076293945,4.5229997634887695,66.26000213623047
2006-01-27,89.31999969482422,11.970000267028809,4.502999782562256,67.76000213623047
2006-01-28,89.31999969482422,11.970000267028809,4.502999782562256,67.76000213623047
2006-01-29,89.31999969482422,11.970000267028809,4.502999782562256,67.76000213623047
2006-01-30,89.41999816894531,12.390000343322754,4.534999847412109,68.3499984741211
2006-01-31,88.95999908447266,12.949999809265137,4.5269999504089355,67.91999816894531
2006-02-01,89.51000213623047,12.359999656677246,4.560999870300293,66.55999755859375
2006-02-02,89.37000274658203,13.229999542236328,4.560999870300293,64.68000030517578
2006-02-03,89.88999938964844,12.960000038146973,4.5329999923706055,65.37000274658203
2006-02-04,89.88999938964844,12.960000038146973,4.5329999923706055,65.37000274658203
2006-02-05,89.88999938964844,12.960000038146973,4.5329999923706055,65.37000274658203
2006-02-06,90.29000091552734,13.039999961853027,4.545000076293945,65.11000061035156
2006-02-07,90.23999786376953,13.59000015258789,4.566999912261963,63.09000015258789
2006-02-08,90.43000030517578,12.829999923706055,4.59499979019165,62.54999923706055
2006-02-09,90.29000091552734,13.119999885559082,4.540999889373779,62.619998931884766
2006-02-10,90.55000305175781,12.869999885559082,4.580999851226807,61.84000015258789
2006-02-11,90.55000305175781,12.869999885559082,4.580999851226807,61.84000015258789
2006-02-12,90.55000305175781,12.869999885559082,4.580999851226807,61.84000015258789
2006-02-13,90.54000091552734,13.350000381469727,4.583000183105469,61.2400016784668
2006-02-14,90.54000091552734,12.25,4.613999843597412,59.56999969482422
2006-02-15,90.72000122070312,12.3100004196167,4.605999946594238,57.70000076293945
2006-02-16,90.7300033569336,11.479999542236328,4.5960001945495605,58.459999084472656
2006-02-17,90.63999938964844,12.010000228881836,4.540999889373779,59.880001068115234
2006-02-18,90.63999938964844,12.010000228881836,4.540999889373779,59.880001068115234
2006-02-19,90.63999938964844,12.010000228881836,4.540999889373779,59.880001068115234
2006-02-20,90.63999938964844,12.010000228881836,4.540999889373779,59.880001068115234
2006-02-21,90.55000305175781,12.40999984741211,4.563000202178955,61.099998474121094
2006-02-22,90.66999816894531,11.880000114440918,4.531000137329102,61.0099983215332
2006-02-23,90.38999938964844,11.869999885559082,4.566999912261963,60.540000915527344
2006-02-24,90.61000061035156,11.460000038146973,4.566999912261963,62.90999984741211
2006-02-25,90.61000061035156,11.460000038146973,4.566999912261963,62.90999984741211
2006-02-26,90.61000061035156,11.460000038146973,4.566999912261963,62.90999984741211
2006-02-27,90.62999725341797,11.59000015258789,4.590000152587891,61.0
2006-02-28,90.11000061035156,12.34000015258789,4.546999931335449,61.40999984741211
2006-03-01,90.22000122070312,11.539999961853027,4.589000225067139,61.970001220703125
2006-03-02,89.55999755859375,11.720000267028809,4.638000011444092,63.36000061035156
2006-03-03,89.66000366210938,11.960000038146973,4.684000015258789,63.66999816894531
2006-03-04,89.66000366210938,11.960000038146973,4.684000015258789,63.66999816894531
2006-03-05,89.66000366210938,11.960000038146973,4.684000015258789,63.66999816894531
2006-03-06,89.88999938964844,12.739999771118164,4.73799991607666,62.40999984741211
2006-03-07,90.7699966430664,12.65999984741211,4.736000061035156,61.58000183105469
2006-03-08,90.62000274658203,12.319999694824219,4.734000205993652,60.02000045776367
2006-03-09,90.75,12.680000305175781,4.730000019073486,60.470001220703125
2006-03-10,90.8499984741211,11.850000381469727,4.755000114440918,59.959999084472656
2006-03-11,90.8499984741211,11.850000381469727,4.755000114440918,59.959999084472656
2006-03-12,90.8499984741211,11.850000381469727,4.755000114440918,59.959999084472656
2006-03-13,90.54000091552734,11.369999885559082,4.775000095367432,61.77000045776367
2006-03-14,90.0,10.739999771118164,4.696000099182129,63.099998474121094
2006-03-15,89.69999694824219,11.350000381469727,4.730999946594238,62.16999816894531
2006-03-16,89.06999969482422,11.979999542236328,4.645999908447266,63.58000183105469
2006-03-17,88.91999816894531,12.119999885559082,4.673999786376953,62.77000045776367
2006-03-18,88.91999816894531,12.119999885559082,4.673999786376953,62.77000045776367
2006-03-19,88.91999816894531,12.119999885559082,4.673999786376953,62.77000045776367
2006-03-20,89.12999725341797,11.789999961853027,4.656000137329102,60.41999816894531
2006-03-21,89.62000274658203,11.619999885559082,4.7170000076293945,60.56999969482422
2006-03-22,89.72000122070312,11.210000038146973,4.703000068664551,61.77000045776367
2006-03-23,90.45999908447266,11.170000076293945,4.738999843597412,63.90999984741211
2006-03-24,90.06999969482422,11.1899995803833,4.675000190734863,64.26000213623047
2006-03-25,90.06999969482422,11.1899995803833,4.675000190734863,64.26000213623047
2006-03-26,90.06999969482422,11.1899995803833,4.675000190734863,64.26000213623047
2006-03-27,90.06999969482422,11.460000038146973,4.701000213623047,64.16000366210938
2006-03-28,90.25,11.579999923706055,4.7779998779296875,66.06999969482422
2006-03-29,90.25,10.949999809265137,4.809999942779541,66.44999694824219
2006-03-30,89.38999938964844,11.569999694824219,4.855000019073486,67.1500015258789
2006-03-31,89.7300033569336,11.390000343322754,4.853000164031982,66.62999725341797
2006-04-01,89.7300033569336,11.390000343322754,4.853000164031982,66.62999725341797
2006-04-02,89.7300033569336,11.390000343322754,4.853000164031982,66.62999725341797
2006-04-03,89.62999725341797,11.569999694824219,4.874000072479248,66.73999786376953
2006-04-04,88.83000183105469,11.140000343322754,4.872000217437744,66.2300033569336
2006-04-05,88.62999725341797,11.130000114440918,4.839000225067139,67.06999969482422
2006-04-06,88.95999908447266,11.449999809265137,4.89300012588501,67.94000244140625
2006-04-07,89.62999725341797,12.260000228881836,4.9629998207092285,67.38999938964844
2006-04-08,89.62999725341797,12.260000228881836,4.9629998207092285,67.38999938964844
2006-04-09,89.62999725341797,12.260000228881836,4.9629998207092285,67.38999938964844
2006-04-10,89.72000122070312,12.1899995803833,4.9629998207092285,68.73999786376953
2006-04-11,89.44000244140625,13.0,4.932000160217285,68.9800033569336
2006-04-12,89.62000274658203,12.760000228881836,4.97599983215332,68.62000274658203
2006-04-13,89.62000274658203,12.380000114440918,5.035999774932861,69.31999969482422
2006-04-14,89.62000274658203,12.380000114440918,5.035999774932861,69.31999969482422
2006-04-15,89.62000274658203,12.380000114440918,5.035999774932861,69.31999969482422
2006-04-16,89.62000274658203,12.380000114440918,5.035999774932861,69.31999969482422
2006-04-17,88.63999938964844,12.579999923706055,5.006999969482422,70.4000015258789
2006-04-18,88.23999786376953,11.399999618530273,4.973999977111816,71.3499984741211
2006-04-19,87.79000091552734,11.319999694824219,5.0279998779296875,72.16999816894531
2006-04-20,88.25,11.640000343322754,5.039000034332275,71.94999694824219
2006-04-21,88.05000305175781,11.59000015258789,5.01200008392334,75.16999816894531
2006-04-22,88.05000305175781,11.59000015258789,5.01200008392334,75.16999816894531
2006-04-23,88.05000305175781,11.59000015258789,5.01200008392334,75.16999816894531
2006-04-24,87.44999694824219,11.75,4.985000133514404,73.33000183105469
2006-04-25,87.31999969482422,11.75,5.071000099182129,72.87999725341797
2006-04-26,87.22000122070312,11.760000228881836,5.105000019073486,71.93000030517578
2006-04-27,86.62999725341797,11.84000015258789,5.084000110626221,70.97000122070312
2006-04-28,86.11000061035156,11.59000015258789,5.068999767303467,71.87999725341797
2006-04-29,86.11000061035156,11.59000015258789,5.068999767303467,71.87999725341797
2006-04-30,86.11000061035156,11.59000015258789,5.068999767303467,71.87999725341797
2006-05-01,85.97000122070312,12.539999961853027,5.13100004196167,73.69999694824219
2006-05-02,85.79000091552734,11.989999771118164,5.110000133514404,74.61000061035156
2006-05-03,85.83999633789062,11.989999771118164,5.144000053405762,72.27999877929688
2006-05-04,85.83999633789062,11.859999656677246,5.150000095367432,69.94000244140625
2006-05-05,85.12000274658203,11.619999885559082,5.107999801635742,70.19000244140625
2006-05-06,85.12000274658203,11.619999885559082,5.107999801635742,70.19000244140625
2006-05-07,85.12000274658203,11.619999885559082,5.107999801635742,70.19000244140625
2006-05-08,85.2300033569336,12.0,5.11899995803833,69.7699966430664
2006-05-09,84.83000183105469,11.989999771118164,5.125,70.69000244140625
2006-05-10,84.5,11.779999732971191,5.125,72.12999725341797
2006-05-11,84.2699966430664,12.489999771118164,5.15500020980835,73.31999969482422
2006-05-12,83.95999908447266,14.1899995803833,5.185999870300293,72.04000091552734
2006-05-13,83.95999908447266,14.1899995803833,5.185999870300293,72.04000091552734
2006-05-14,83.95999908447266,14.1899995803833,5.185999870300293,72.04000091552734
2006-05-15,84.54000091552734,13.569999694824219,5.1529998779296875,69.41000366210938
2006-05-16,84.16999816894531,13.350000381469727,5.105000019073486,69.52999877929688
2006-05-17,84.8499984741211,16.260000228881836,5.1529998779296875,68.69999694824219
2006-05-18,84.51000213623047,16.989999771118164,5.072999954223633,69.44999694824219
2006-05-19,84.87999725341797,17.18000030517578,5.053999900817871,68.52999877929688
2006-05-20,84.87999725341797,17.18000030517578,5.053999900817871,68.52999877929688
2006-05-21,84.87999725341797,17.18000030517578,5.053999900817871,68.52999877929688
2006-05-22,84.3499984741211,17.719999313354492,5.035999774932861,69.2300033569336
2006-05-23,84.3499984741211,18.260000228881836,5.065999984741211,71.76000213623047
2006-05-24,84.94999694824219,17.360000610351562,5.033999919891357,69.86000061035156
2006-05-25,84.6500015258789,15.5,5.073999881744385,71.31999969482422
2006-05-26,85.26000213623047,14.260000228881836,5.052000045776367,71.37000274658203
2006-05-27,85.26000213623047,14.260000228881836,5.052000045776367,71.37000274658203
2006-05-28,85.26000213623047,14.260000228881836,5.052000045776367,71.37000274658203
2006-05-29,85.26000213623047,14.260000228881836,5.052000045776367,71.37000274658203
2006-05-30,84.27999877929688,18.65999984741211,5.085999965667725,72.02999877929688
2006-05-31,84.72000122070312,16.440000534057617,5.11299991607666,71.29000091552734
2006-06-01,84.79000091552734,14.520000457763672,5.107999801635742,70.33999633789062
2006-06-02,84.05000305175781,14.319999694824219,4.99399995803833,72.33000183105469
2006-06-03,84.05000305175781,14.319999694824219,4.99399995803833,72.33000183105469
2006-06-04,84.05000305175781,14.319999694824219,4.99399995803833,72.33000183105469
2006-06-05,84.13999938964844,16.649999618530273,5.026000022888184,72.5999984741211
2006-06-06,84.7300033569336,17.34000015258789,5.00600004196167,72.5
2006-06-07,84.98999786376953,17.799999237060547,5.026000022888184,70.81999969482422
2006-06-08,85.91000366210938,18.350000381469727,4.992000102996826,70.3499984741211
2006-06-09,85.72000122070312,18.1200008392334,4.980999946594238,71.62999725341797
2006-06-10,85.72000122070312,18.1200008392334,4.980999946594238,71.62999725341797
2006-06-11,85.72000122070312,18.1200008392334,4.980999946594238,71.62999725341797
2006-06-12,85.8499984741211,20.959999084472656,4.986999988555908,70.36000061035156
2006-06-13,86.43000030517578,23.809999465942383,4.960999965667725,68.55999755859375
2006-06-14,86.13999938964844,21.459999084472656,5.050000190734863,69.13999938964844
2006-06-15,86.0199966430664,15.899999618530273,5.0980000495910645,69.5
2006-06-16,85.91999816894531,17.25,5.127999782562256,69.87999725341797
2006-06-17,85.91999816894531,17.25,5.127999782562256,69.87999725341797
2006-06-18,85.91999816894531,17.25,5.127999782562256,69.87999725341797
2006-06-19,86.30999755859375,17.829999923706055,5.144999980926514,68.9800033569336
2006-06-20,86.18000030517578,16.690000534057617,5.1570000648498535,68.94000244140625
2006-06-21,85.77999877929688,15.520000457763672,5.15500020980835,70.33000183105469
2006-06-22,86.38999938964844,15.880000114440918,5.197999954223633,70.83999633789062
2006-06-23,86.81999969482422,15.890000343322754,5.228000164031982,70.87000274658203
2006-06-24,86.81999969482422,15.890000343322754,5.228000164031982,70.87000274658203
2006-06-25,86.81999969482422,15.890000343322754,5.228000164031982,70.87000274658203
2006-06-26,86.48999786376953,15.619999885559082,5.238999843597412,71.80000305175781
2006-06-27,86.47000122070312,16.399999618530273,5.210000038146973,71.91999816894531
2006-06-28,86.62999725341797,15.789999961853027,5.244999885559082,72.19000244140625
2006-06-29,85.87000274658203,13.029999732971191,5.199999809265137,73.5199966430664
2006-06-30,85.22000122070312,13.079999923706055,5.138000011444092,73.9800033569336
2006-07-01,85.22000122070312,13.079999923706055,5.138000011444092,73.9800033569336
2006-07-02,85.22000122070312,13.079999923706055,5.138000011444092,73.9800033569336
2006-07-03,85.18000030517578,13.050000190734863,5.151000022888184,73.9800033569336
2006-07-04,85.18000030517578,13.050000190734863,5.151000022888184,73.9800033569336
2006-07-05,85.5999984741211,14.149999618530273,5.2270002365112305,75.19000244140625
2006-07-06,85.3499984741211,13.649999618530273,5.184999942779541,75.13999938964844
2006-07-07,84.9800033569336,13.970000267028809,5.131999969482422,74.08999633789062
2006-07-08,84.9800033569336,13.970000267028809,5.131999969482422,74.08999633789062
2006-07-09,84.9800033569336,13.970000267028809,5.131999969482422,74.08999633789062
2006-07-10,85.5,14.020000457763672,5.130000114440918,73.61000061035156
2006-07-11,85.36000061035156,13.140000343322754,5.099999904632568,74.16000366210938
2006-07-12,85.91000366210938,14.489999771118164,5.099999904632568,74.94999694824219
2006-07-13,85.79000091552734,17.790000915527344,5.071000099182129,76.69999694824219
2006-07-14,86.08999633789062,18.049999237060547,5.059000015258789,77.02999877929688
2006-07-15,86.08999633789062,18.049999237060547,5.059000015258789,77.02999877929688
2006-07-16,86.08999633789062,18.049999237060547,5.059000015258789,77.02999877929688
2006-07-17,86.95999908447266,18.639999389648438,5.068999767303467,75.30000305175781
2006-07-18,87.01000213623047,17.739999771118164,5.130000114440918,73.54000091552734
2006-07-19,86.45999908447266,15.550000190734863,5.059000015258789,72.66000366210938
2006-07-20,86.22000122070312,16.209999084472656,5.0279998779296875,73.08000183105469
2006-07-21,85.93000030517578,17.399999618530273,5.045000076293945,74.43000030517578
2006-07-22,85.93000030517578,17.399999618530273,5.045000076293945,74.43000030517578
2006-07-23,85.93000030517578,17.399999618530273,5.045000076293945,74.43000030517578
2006-07-24,86.33999633789062,14.979999542236328,5.044000148773193,75.05000305175781
2006-07-25,86.63999938964844,14.850000381469727,5.065000057220459,73.75
2006-07-26,85.93000030517578,14.619999885559082,5.035999774932861,73.94000244140625
2006-07-27,85.87000274658203,14.9399995803833,5.039999961853027,74.54000091552734
2006-07-28,85.44000244140625,14.329999923706055,4.989999771118164,73.23999786376953
2006-07-29,85.44000244140625,14.329999923706055,4.989999771118164,73.23999786376953
2006-07-30,85.44000244140625,14.329999923706055,4.989999771118164,73.23999786376953
2006-07-31,85.30000305175781,14.949999809265137,4.98799991607666,74.4000015258789
2006-08-01,85.05000305175781,15.050000190734863,4.982999801635742,74.91000366210938
2006-08-02,85.05000305175781,14.34000015258789,4.960999965667725,75.80999755859375
2006-08-03,85.0199966430664,14.460000038146973,4.951000213623047,75.45999908447266
2006-08-04,84.56999969482422,14.34000015258789,4.901000022888184,74.76000213623047
2006-08-05,84.56999969482422,14.34000015258789,4.901000022888184,74.76000213623047
2006-08-06,84.56999969482422,14.34000015258789,4.901000022888184,74.76000213623047
2006-08-07,84.75,15.229999542236328,4.921000003814697,76.9800033569336
2006-08-08,84.66000366210938,15.229999542236328,4.922999858856201,76.30999755859375
2006-08-09,84.70999908447266,15.199999809265137,4.936999797821045,76.3499984741211
2006-08-10,85.08000183105469,14.460000038146973,4.927000045776367,74.0
2006-08-11,85.5199966430664,14.300000190734863,4.9670000076293945,74.3499984741211
2006-08-12,85.5199966430664,14.300000190734863,4.9670000076293945,74.3499984741211
2006-08-13,85.5199966430664,14.300000190734863,4.9670000076293945,74.3499984741211
2006-08-14,85.63999938964844,14.260000228881836,5.000999927520752,73.52999877929688
2006-08-15,85.22000122070312,13.420000076293945,4.931000232696533,73.05000305175781
2006-08-16,84.87999725341797,12.40999984741211,4.870999813079834,71.88999938964844
2006-08-17,85.04000091552734,12.239999771118164,4.867000102996826,70.05999755859375
2006-08-18,85.08999633789062,11.640000343322754,4.835000038146973,71.13999938964844
2006-08-19,85.08999633789062,11.640000343322754,4.835000038146973,71.13999938964844
2006-08-20,85.08999633789062,11.640000343322754,4.835000038146973,71.13999938964844
2006-08-21,84.62999725341797,12.220000267028809,4.818999767303467,72.44999694824219
2006-08-22,85.18000030517578,12.1899995803833,4.810999870300293,72.62999725341797
2006-08-23,85.12999725341797,12.399999618530273,4.818999767303467,71.76000213623047
2006-08-24,85.27999877929688,12.399999618530273,4.802999973297119,72.36000061035156
2006-08-25,85.37999725341797,12.3100004196167,4.790999889373779,72.51000213623047
2006-08-26,85.37999725341797,12.3100004196167,4.790999889373779,72.51000213623047
2006-08-27,85.37999725341797,12.3100004196167,4.790999889373779,72.51000213623047
2006-08-28,85.2300033569336,12.180000305175781,4.796999931335449,70.61000061035156
2006-08-29,84.91000366210938,12.279999732971191,4.7829999923706055,69.70999908447266
2006-08-30,84.97000122070312,12.220000267028809,4.763000011444092,70.02999877929688
2006-08-31,85.05000305175781,12.3100004196167,4.73199987411499,70.26000213623047
2006-09-01,84.94000244140625,11.960000038146973,4.72599983215332,69.19000244140625
2006-09-02,84.94000244140625,11.960000038146973,4.72599983215332,69.19000244140625
2006-09-03,84.94000244140625,11.960000038146973,4.72599983215332,69.19000244140625
2006-09-04,84.94000244140625,11.960000038146973,4.72599983215332,68.0199966430664
2006-09-05,85.0,12.630000114440918,4.781000137329102,68.5999984741211
2006-09-06,85.0999984741211,13.739999771118164,4.801000118255615,67.5
2006-09-07,85.52999877929688,13.880000114440918,4.795000076293945,67.31999969482422
2006-09-08,85.94999694824219,13.15999984741211,4.770999908447266,66.25
2006-09-09,85.94999694824219,13.15999984741211,4.770999908447266,66.25
2006-09-10,85.94999694824219,13.15999984741211,4.770999908447266,66.25
2006-09-11,85.91999816894531,12.989999771118164,4.798999786376953,65.61000061035156
2006-09-12,85.91999816894531,11.920000076293945,4.7729997634887695,63.7599983215332
2006-09-13,85.87000274658203,11.180000305175781,4.764999866485596,63.970001220703125
2006-09-14,85.66000366210938,11.550000190734863,4.793000221252441,63.220001220703125
2006-09-15,85.98999786376953,11.760000228881836,4.797999858856201,63.33000183105469
2006-09-16,85.98999786376953,11.760000228881836,4.797999858856201,63.33000183105469
2006-09-17,85.98999786376953,11.760000228881836,4.797999858856201,63.33000183105469
2006-09-18,85.80999755859375,11.779999732971191,4.809999942779541,63.79999923706055
2006-09-19,85.94000244140625,11.979999542236328,4.736999988555908,61.65999984741211
2006-09-20,85.80999755859375,11.390000343322754,4.729000091552734,60.459999084472656
2006-09-21,85.18000030517578,12.25,4.6479997634887695,61.59000015258789
2006-09-22,85.19999694824219,12.59000015258789,4.5970001220703125,60.54999923706055
2006-09-23,85.19999694824219,12.59000015258789,4.5970001220703125,60.54999923706055
2006-09-24,85.19999694824219,12.59000015258789,4.5970001220703125,60.54999923706055
2006-09-25,85.29000091552734,12.119999885559082,4.554999828338623,61.45000076293945
2006-09-26,85.62999725341797,11.529999732971191,4.585000038146973,61.0099983215332
2006-09-27,85.66000366210938,11.579999923706055,4.593999862670898,62.959999084472656
2006-09-28,85.72000122070312,11.720000267028809,4.625999927520752,62.7599983215332
2006-09-29,85.97000122070312,11.979999542236328,4.632999897003174,62.90999984741211
2006-09-30,85.97000122070312,11.979999542236328,4.632999897003174,62.90999984741211
2006-10-01,85.97000122070312,11.979999542236328,4.632999897003174,62.90999984741211
2006-10-02,85.58999633789062,12.569999694824219,4.618000030517578,61.029998779296875
2006-10-03,85.70999908447266,12.239999771118164,4.616000175476074,58.68000030517578
2006-10-04,85.83999633789062,11.859999656677246,4.565000057220459,59.40999984741211
2006-10-05,85.91999816894531,11.979999542236328,4.607999801635742,60.029998779296875
2006-10-06,86.44000244140625,11.5600004196167,4.696000099182129,59.7599983215332
2006-10-07,86.44000244140625,11.5600004196167,4.696000099182129,59.7599983215332
2006-10-08,86.44000244140625,11.5600004196167,4.696000099182129,59.7599983215332
2006-10-09,86.5199966430664,11.680000305175781,4.696000099182129,59.959999084472656
2006-10-10,87.0199966430664,11.520000457763672,4.748000144958496,58.52000045776367
2006-10-11,87.12000274658203,11.619999885559082,4.783999919891357,57.59000015258789
2006-10-12,86.91999816894531,11.09000015258789,4.7779998779296875,57.86000061035156
2006-10-13,87.12000274658203,10.75,4.806000232696533,58.56999969482422
2006-10-14,87.12000274658203,10.75,4.806000232696533,58.56999969482422
2006-10-15,87.12000274658203,10.75,4.806000232696533,58.56999969482422
2006-10-16,87.0,11.09000015258789,4.788000106811523,59.939998626708984
2006-10-17,86.87000274658203,11.729999542236328,4.7779998779296875,58.93000030517578
2006-10-18,86.87999725341797,11.34000015258789,4.763999938964844,57.650001525878906
2006-10-19,86.23999786376953,10.899999618530273,4.785999774932861,58.5
2006-10-20,86.2699966430664,10.630000114440918,4.783999919891357,56.81999969482422
2006-10-21,86.2699966430664,10.630000114440918,4.783999919891357,56.81999969482422
2006-10-22,86.2699966430664,10.630000114440918,4.783999919891357,56.81999969482422
2006-10-23,86.70999908447266,11.079999923706055,4.826000213623047,58.810001373291016
2006-10-24,86.62999725341797,10.779999732971191,4.823999881744385,59.349998474121094
2006-10-25,86.37999725341797,10.65999984741211,4.7729997634887695,61.400001525878906
2006-10-26,85.88999938964844,10.5600004196167,4.7210001945495605,60.36000061035156
2006-10-27,85.55999755859375,10.800000190734863,4.675000190734863,60.75
2006-10-28,85.55999755859375,10.800000190734863,4.675000190734863,60.75
2006-10-29,85.55999755859375,10.800000190734863,4.675000190734863,60.75
2006-10-30,85.58999633789062,11.199999809265137,4.672999858856201,58.36000061035156
2006-10-31,85.31999969482422,11.100000381469727,4.605999946594238,58.72999954223633
2006-11-01,85.31999969482422,11.510000228881836,4.560999870300293,58.709999084472656
2006-11-02,85.33999633789062,11.420000076293945,4.5960001945495605,57.880001068115234
2006-11-03,85.70999908447266,11.15999984741211,4.715000152587891,59.13999938964844
2006-11-04,85.70999908447266,11.15999984741211,4.715000152587891,59.13999938964844
2006-11-05,85.70999908447266,11.15999984741211,4.715000152587891,59.13999938964844
2006-11-06,85.75,11.15999984741211,4.709000110626221,60.02000045776367
2006-11-07,85.43000030517578,11.09000015258789,4.658999919891357,58.93000030517578
2006-11-08,85.41000366210938,10.75,4.632999897003174,59.83000183105469
2006-11-09,85.18000030517578,11.010000228881836,4.632999897003174,61.15999984741211
2006-11-10,85.05000305175781,10.789999961853027,4.585999965667725,59.59000015258789
2006-11-11,85.05000305175781,10.789999961853027,4.585999965667725,59.59000015258789
2006-11-12,85.05000305175781,10.789999961853027,4.585999965667725,59.59000015258789
2006-11-13,85.36000061035156,10.859999656677246,4.605000019073486,58.58000183105469
2006-11-14,85.23999786376953,10.5,4.567999839782715,58.279998779296875
2006-11-15,85.33999633789062,10.3100004196167,4.614999771118164,58.7599983215332
2006-11-16,85.5,10.15999984741211,4.65500020980835,56.2599983215332
2006-11-17,85.37000274658203,10.050000190734863,4.60699987411499,55.810001373291016
2006-11-18,85.37000274658203,10.050000190734863,4.60699987411499,55.810001373291016
2006-11-19,85.37000274658203,10.050000190734863,4.60699987411499,55.810001373291016
2006-11-20,85.41999816894531,9.970000267028809,4.59499979019165,58.79999923706055
2006-11-21,85.23999786376953,9.899999618530273,4.578000068664551,60.16999816894531
2006-11-22,84.6500015258789,10.140000343322754,4.567999839782715,59.2400016784668
2006-11-23,84.4800033569336,10.140000343322754,4.567999839782715,59.2400016784668
2006-11-24,83.70999908447266,10.729999542236328,4.547999858856201,59.2400016784668
2006-11-25,83.70999908447266,10.729999542236328,4.547999858856201,59.2400016784668
2006-11-26,83.70999908447266,10.729999542236328,4.547999858856201,59.2400016784668
2006-11-27,83.51000213623047,12.300000190734863,4.538000106811523,60.31999969482422
2006-11-28,83.20999908447266,11.619999885559082,4.508999824523926,60.9900016784668
2006-11-29,83.44000244140625,10.829999923706055,4.520999908447266,62.459999084472656
2006-11-30,82.91999816894531,10.90999984741211,4.458000183105469,63.130001068115234
2006-12-01,82.4800033569336,11.65999984741211,4.425000190734863,63.43000030517578
2006-12-02,82.4800033569336,11.65999984741211,4.425000190734863,63.43000030517578
2006-12-03,82.4800033569336,11.65999984741211,4.425000190734863,63.43000030517578
2006-12-04,82.48999786376953,11.229999542236328,4.433000087738037,62.439998626708984
2006-12-05,82.44999694824219,11.270000457763672,4.441999912261963,62.43000030517578
2006-12-06,82.7699966430664,11.329999923706055,4.480999946594238,62.189998626708984
2006-12-07,82.80000305175781,12.670000076293945,4.482999801635742,62.4900016784668
2006-12-08,83.33000183105469,12.069999694824219,4.552000045776367,62.029998779296875
2006-12-09,83.33000183105469,12.069999694824219,4.552000045776367,62.029998779296875
2006-12-10,83.33000183105469,12.069999694824219,4.552000045776367,62.029998779296875
2006-12-11,83.12000274658203,10.710000038146973,4.519999980926514,61.220001220703125
2006-12-12,82.97000122070312,10.649999618530273,4.491000175476074,61.02000045776367
2006-12-13,82.97000122070312,10.180000305175781,4.577000141143799,61.369998931884766
2006-12-14,83.6500015258789,9.970000267028809,4.59499979019165,62.5099983215332
2006-12-15,84.05999755859375,10.050000190734863,4.5970001220703125,63.43000030517578
2006-12-16,84.05999755859375,10.050000190734863,4.5970001220703125,63.43000030517578
2006-12-17,84.05999755859375,10.050000190734863,4.5970001220703125,63.43000030517578
2006-12-18,83.9800033569336,10.600000381469727,4.586999893188477,62.209999084472656
2006-12-19,83.45999908447266,10.300000190734863,4.598999977111816,63.150001525878906
2006-12-20,83.5199966430664,10.260000228881836,4.59499979019165,63.720001220703125
2006-12-21,83.56999969482422,10.529999732971191,4.548999786376953,62.65999984741211
2006-12-22,83.94000244140625,11.359999656677246,4.624000072479248,62.40999984741211
2006-12-23,83.94000244140625,11.359999656677246,4.624000072479248,62.40999984741211
2006-12-24,83.94000244140625,11.359999656677246,4.624000072479248,62.40999984741211
2006-12-25,83.94000244140625,11.359999656677246,4.624000072479248,62.40999984741211
2006-12-26,84.06999969482422,11.260000228881836,4.603000164031982,61.099998474121094
2006-12-27,83.94000244140625,10.640000343322754,4.6539998054504395,60.34000015258789
2006-12-28,83.81999969482422,10.989999771118164,4.690000057220459,60.529998779296875
2006-12-29,83.72000122070312,11.5600004196167,4.710000038146973,61.04999923706055
2006-12-30,83.72000122070312,11.5600004196167,4.710000038146973,61.04999923706055
2006-12-31,83.72000122070312,11.5600004196167,4.710000038146973,61.04999923706055
2007-01-01,83.72000122070312,11.5600004196167,4.710000038146973,61.04999923706055
2007-01-02,83.19999694824219,11.5600004196167,4.710000038146973,61.04999923706055
2007-01-03,83.91999816894531,12.039999961853027,4.664000034332275,58.31999969482422
2007-01-04,84.31999969482422,11.510000228881836,4.618000030517578,55.59000015258789
2007-01-05,84.62999725341797,12.140000343322754,4.645999908447266,56.310001373291016
2007-01-06,84.62999725341797,12.140000343322754,4.645999908447266,56.310001373291016
2007-01-07,84.62999725341797,12.140000343322754,4.645999908447266,56.310001373291016
2007-01-08,84.5999984741211,12.0,4.659999847412109,56.09000015258789
2007-01-09,84.73999786376953,11.90999984741211,4.656000137329102,55.63999938964844
2007-01-10,85.08000183105469,11.470000267028809,4.682000160217285,54.02000045776367
2007-01-11,85.30999755859375,10.869999885559082,4.736999988555908,51.880001068115234
2007-01-12,85.02999877929688,10.149999618530273,4.770999908447266,52.9900016784668
2007-01-13,85.02999877929688,10.149999618530273,4.770999908447266,52.9900016784668
2007-01-14,85.02999877929688,10.149999618530273,4.770999908447266,52.9900016784668
2007-01-15,85.02999877929688,10.149999618530273,4.770999908447266,52.9900016784668
2007-01-16,85.05000305175781,10.739999771118164,4.750999927520752,51.209999084472656
2007-01-17,84.9800033569336,10.59000015258789,4.7870001792907715,52.2400016784668
2007-01-18,84.91000366210938,10.850000381469727,4.750999927520752,50.47999954223633
2007-01-19,84.86000061035156,10.399999618530273,4.7729997634887695,51.9900016784668
2007-01-20,84.86000061035156,10.399999618530273,4.7729997634887695,51.9900016784668
2007-01-21,84.86000061035156,10.399999618530273,4.7729997634887695,51.9900016784668
2007-01-22,85.0199966430664,10.770000457763672,4.758999824523926,51.130001068115234
2007-01-23,84.66999816894531,10.34000015258789,4.803999900817871,55.040000915527344
2007-01-24,84.94000244140625,9.890000343322754,4.809999942779541,55.369998931884766
2007-01-25,85.11000061035156,11.220000267028809,4.867000102996826,54.22999954223633
2007-01-26,85.27999877929688,11.130000114440918,4.879000186920166,55.41999816894531
2007-01-27,85.27999877929688,11.130000114440918,4.879000186920166,55.41999816894531
2007-01-28,85.27999877929688,11.130000114440918,4.879000186920166,55.41999816894531
2007-01-29,85.0999984741211,11.449999809265137,4.892000198364258,54.0099983215332
2007-01-30,85.02999877929688,10.960000038146973,4.875,56.970001220703125
2007-01-31,84.61000061035156,10.420000076293945,4.826000213623047,58.13999938964844
2007-02-01,84.62999725341797,10.3100004196167,4.836999893188477,57.29999923706055
2007-02-02,84.95999908447266,10.079999923706055,4.827000141143799,59.02000045776367
2007-02-03,84.95999908447266,10.079999923706055,4.827000141143799,59.02000045776367
2007-02-04,84.95999908447266,10.079999923706055,4.827000141143799,59.02000045776367
2007-02-05,85.08000183105469,10.550000190734863,4.808000087738037,58.7400016784668
2007-02-06,84.77999877929688,10.649999618530273,4.764999866485596,58.880001068115234
2007-02-07,84.75,10.319999694824219,4.744999885559082,57.709999084472656
2007-02-08,84.69999694824219,10.4399995803833,4.730000019073486,59.709999084472656
2007-02-09,84.87000274658203,11.100000381469727,4.783999919891357,59.88999938964844
2007-02-10,84.87000274658203,11.100000381469727,4.783999919891357,59.88999938964844
2007-02-11,84.87000274658203,11.100000381469727,4.783999919891357,59.88999938964844
2007-02-12,85.1500015258789,11.609999656677246,4.803999900817871,57.810001373291016
2007-02-13,84.7300033569336,10.34000015258789,4.814000129699707,59.060001373291016
2007-02-14,84.19999694824219,10.229999542236328,4.730000019073486,58.0
2007-02-15,84.01000213623047,10.220000267028809,4.705999851226807,57.9900016784668
2007-02-16,84.08999633789062,10.020000457763672,4.690000057220459,59.38999938964844
2007-02-17,84.08999633789062,10.020000457763672,4.690000057220459,59.38999938964844
2007-02-18,84.08999633789062,10.020000457763672,4.690000057220459,59.38999938964844
2007-02-19,84.08999633789062,10.020000457763672,4.690000057220459,59.38999938964844
2007-02-20,84.19000244140625,10.239999771118164,4.679999828338623,58.06999969482422
2007-02-21,84.20999908447266,10.199999809265137,4.691999912261963,60.06999969482422
2007-02-22,84.31999969482422,10.180000305175781,4.730000019073486,60.95000076293945
2007-02-23,84.06999969482422,10.579999923706055,4.677999973297119,61.13999938964844
2007-02-24,84.06999969482422,10.579999923706055,4.677999973297119,61.13999938964844
2007-02-25,84.06999969482422,10.579999923706055,4.677999973297119,61.13999938964844
2007-02-26,83.93000030517578,11.149999618530273,4.63100004196167,61.38999938964844
2007-02-27,83.4800033569336,18.309999465942383,4.513000011444092,61.459999084472656
2007-02-28,83.56999969482422,15.420000076293945,4.550000190734863,61.790000915527344
2007-03-01,83.68000030517578,15.819999694824219,4.556000232696533,62.0
2007-03-02,83.73999786376953,18.610000610351562,4.514999866485596,61.63999938964844
2007-03-03,83.73999786376953,18.610000610351562,4.514999866485596,61.63999938964844
2007-03-04,83.73999786376953,18.610000610351562,4.514999866485596,61.63999938964844
2007-03-05,84.1500015258789,19.6299991607666,4.51800012588501,60.06999969482422
2007-03-06,84.06999969482422,15.960000038146973,4.5279998779296875,60.689998626708984
2007-03-07,83.77999877929688,15.239999771118164,4.497000217437744,61.81999969482422
2007-03-08,84.0999984741211,14.289999961853027,4.508999824523926,61.63999938964844
2007-03-09,84.23999786376953,14.09000015258789,4.589000225067139,60.04999923706055
2007-03-10,84.23999786376953,14.09000015258789,4.589000225067139,60.04999923706055
2007-03-11,84.23999786376953,14.09000015258789,4.589000225067139,60.04999923706055
2007-03-12,83.86000061035156,13.989999771118164,4.552999973297119,58.90999984741211
2007-03-13,83.7300033569336,18.1299991607666,4.494999885559082,57.93000030517578
2007-03-14,83.61000061035156,17.270000457763672,4.521999835968018,58.15999984741211
2007-03-15,83.68000030517578,16.43000030517578,4.535999774932861,57.54999923706055
2007-03-16,83.2300033569336,16.790000915527344,4.545000076293945,57.11000061035156
2007-03-17,83.2300033569336,16.790000915527344,4.545000076293945,57.11000061035156
2007-03-18,83.2300033569336,16.790000915527344,4.545000076293945,57.11000061035156
2007-03-19,83.38999938964844,14.59000015258789,4.571000099182129,56.59000015258789
2007-03-20,83.11000061035156,13.270000457763672,4.546999931335449,56.72999954223633
2007-03-21,82.7699966430664,12.1899995803833,4.51800012588501,59.61000061035156
2007-03-22,83.08999633789062,12.930000305175781,4.589000225067139,61.689998626708984
2007-03-23,83.27999877929688,12.949999809265137,4.61299991607666,62.279998779296875
2007-03-24,83.27999877929688,12.949999809265137,4.61299991607666,62.279998779296875
2007-03-25,83.27999877929688,12.949999809265137,4.61299991607666,62.279998779296875
2007-03-26,83.08000183105469,13.15999984741211,4.586999893188477,62.90999984741211
2007-03-27,83.01000213623047,13.479999542236328,4.611999988555908,62.93000030517578
2007-03-28,83.02999877929688,14.979999542236328,4.619999885559082,64.08000183105469
2007-03-29,83.08999633789062,15.140000343322754,4.631999969482422,66.02999877929688
2007-03-30,82.93000030517578,14.640000343322754,4.6479997634887695,65.87000274658203
2007-03-31,82.93000030517578,14.640000343322754,4.6479997634887695,65.87000274658203
2007-04-01,82.93000030517578,14.640000343322754,4.6479997634887695,65.87000274658203
2007-04-02,82.87000274658203,14.529999732971191,4.642000198364258,65.94000244140625
2007-04-03,83.1500015258789,13.460000038146973,4.664000034332275,64.63999938964844
2007-04-04,82.95999908447266,13.239999771118164,4.6519999504089355,64.37999725341797
2007-04-05,82.68000030517578,13.229999542236328,4.673999786376953,64.27999877929688
2007-04-06,82.68000030517578,13.229999542236328,4.673999786376953,64.27999877929688
2007-04-07,82.68000030517578,13.229999542236328,4.673999786376953,64.27999877929688
2007-04-08,82.68000030517578,13.229999542236328,4.673999786376953,64.27999877929688
2007-04-09,83.0999984741211,13.140000343322754,4.744999885559082,61.5099983215332
2007-04-10,82.69999694824219,12.680000305175781,4.723999977111816,61.88999938964844
2007-04-11,82.66999816894531,13.489999771118164,4.738999843597412,62.0099983215332
2007-04-12,82.37000274658203,12.710000038146973,4.736999988555908,63.849998474121094
2007-04-13,82.12999725341797,12.199999809265137,4.761000156402588,63.630001068115234
2007-04-14,82.12999725341797,12.199999809265137,4.761000156402588,63.630001068115234
2007-04-15,82.12999725341797,12.199999809265137,4.761000156402588,63.630001068115234
2007-04-16,82.06999969482422,11.979999542236328,4.735000133514404,63.61000061035156
2007-04-17,81.83000183105469,12.140000343322754,4.688000202178955,63.099998474121094
2007-04-18,81.73999786376953,12.420000076293945,4.6539998054504395,63.130001068115234
2007-04-19,81.63999938964844,12.539999961853027,4.670000076293945,61.83000183105469
2007-04-20,81.63999938964844,12.069999694824219,4.671999931335449,63.380001068115234
2007-04-21,81.63999938964844,12.069999694824219,4.671999931335449,63.380001068115234
2007-04-22,81.63999938964844,12.069999694824219,4.671999931335449,63.380001068115234
2007-04-23,81.73999786376953,13.039999961853027,4.650000095367432,65.88999938964844
2007-04-24,81.55000305175781,13.119999885559082,4.622000217437744,64.58000183105469
2007-04-25,81.43000030517578,13.210000038146973,4.645999908447266,65.83999633789062
2007-04-26,81.75,12.789999961853027,4.684000015258789,65.05999755859375
2007-04-27,81.52999877929688,12.449999809265137,4.697999954223633,66.45999908447266
2007-04-28,81.52999877929688,12.449999809265137,4.697999954223633,66.45999908447266
2007-04-29,81.52999877929688,12.449999809265137,4.697999954223633,66.45999908447266
2007-04-30,81.44999694824219,14.220000267028809,4.630000114440918,65.70999908447266
2007-05-01,81.5999984741211,13.510000228881836,4.642000198364258,64.4000015258789
2007-05-02,81.73999786376953,13.079999923706055,4.645999908447266,63.68000030517578
2007-05-03,81.94999694824219,13.09000015258789,4.673999786376953,63.189998626708984
2007-05-04,81.73999786376953,12.90999984741211,4.639999866485596,61.93000030517578
2007-05-05,81.73999786376953,12.90999984741211,4.639999866485596,61.93000030517578
2007-05-06,81.73999786376953,12.90999984741211,4.639999866485596,61.93000030517578
2007-05-07,81.68000030517578,13.149999618530273,4.636000156402588,61.470001220703125
2007-05-08,81.94000244140625,13.210000038146973,4.633999824523926,62.2599983215332
2007-05-09,82.0199966430664,12.880000114440918,4.668000221252441,61.54999923706055
2007-05-10,82.29000091552734,13.600000381469727,4.6479997634887695,61.810001373291016
2007-05-11,82.12000274658203,12.949999809265137,4.670000076293945,62.369998931884766
2007-05-12,82.12000274658203,12.949999809265137,4.670000076293945,62.369998931884766
2007-05-13,82.12000274658203,12.949999809265137,4.670000076293945,62.369998931884766
2007-05-14,82.06999969482422,13.960000038146973,4.690000057220459,62.459999084472656
2007-05-15,81.75,14.010000228881836,4.711999893188477,63.16999816894531
2007-05-16,82.16000366210938,13.5,4.708000183105469,62.54999923706055
2007-05-17,82.31999969482422,13.510000228881836,4.75600004196167,64.86000061035156
2007-05-18,82.19999694824219,12.760000228881836,4.803999900817871,64.94000244140625
2007-05-19,82.19999694824219,12.760000228881836,4.803999900817871,64.94000244140625
2007-05-20,82.19999694824219,12.760000228881836,4.803999900817871,64.94000244140625
2007-05-21,82.36000061035156,13.300000190734863,4.788000106811523,66.2699966430664
2007-05-22,82.38999938964844,13.0600004196167,4.830999851226807,64.97000122070312
2007-05-23,82.30999755859375,13.239999771118164,4.859000205993652,65.7699966430664
2007-05-24,82.41000366210938,14.079999923706055,4.85699987411499,64.18000030517578
2007-05-25,82.33000183105469,13.34000015258789,4.861000061035156,65.19999694824219
2007-05-26,82.33000183105469,13.34000015258789,4.861000061035156,65.19999694824219
2007-05-27,82.33000183105469,13.34000015258789,4.861000061035156,65.19999694824219
2007-05-28,82.33000183105469,13.34000015258789,4.861000061035156,65.19999694824219
2007-05-29,82.30999755859375,13.529999732971191,4.881999969482422,63.150001525878906
2007-05-30,82.43000030517578,12.829999923706055,4.877999782562256,63.4900016784668
2007-05-31,82.30000305175781,13.050000190734863,4.889999866485596,64.01000213623047
2007-06-01,82.31999969482422,12.779999732971191,4.955999851226807,65.08000183105469
2007-06-02,82.31999969482422,12.779999732971191,4.955999851226807,65.08000183105469
2007-06-03,82.31999969482422,12.779999732971191,4.955999851226807,65.08000183105469
2007-06-04,82.05999755859375,13.289999961853027,4.928999900817871,66.20999908447266
2007-06-05,81.88999938964844,13.630000114440918,4.97599983215332,65.61000061035156
2007-06-06,81.9000015258789,14.869999885559082,4.96999979019165,65.95999908447266
2007-06-07,82.29000091552734,17.059999465942383,5.098999977111816,66.93000030517578
2007-06-08,82.69000244140625,14.84000015258789,5.118000030517578,64.76000213623047
2007-06-09,82.69000244140625,14.84000015258789,5.118000030517578,64.76000213623047
2007-06-10,82.69000244140625,14.84000015258789,5.118000030517578,64.76000213623047
2007-06-11,82.70999908447266,14.710000038146973,5.13700008392334,65.97000122070312
2007-06-12,82.88999938964844,16.670000076293945,5.248000144958496,65.3499984741211
2007-06-13,83.04000091552734,14.729999542236328,5.199999809265137,66.26000213623047
2007-06-14,83.12999725341797,13.640000343322754,5.2170000076293945,67.6500015258789
2007-06-15,82.8499984741211,13.9399995803833,5.171000003814697,68.0
2007-06-16,82.8499984741211,13.9399995803833,5.171000003814697,68.0
2007-06-17,82.8499984741211,13.9399995803833,5.171000003814697,68.0
2007-06-18,82.70999908447266,13.420000076293945,5.142000198364258,69.08999633789062
2007-06-19,82.54000091552734,12.850000381469727,5.085999965667725,69.0999984741211
2007-06-20,82.5199966430664,14.670000076293945,5.123000144958496,68.19000244140625
2007-06-21,82.7300033569336,14.210000038146973,5.163000106811523,68.6500015258789
2007-06-22,82.33999633789062,15.75,5.138000011444092,69.13999938964844
2007-06-23,82.33999633789062,15.75,5.138000011444092,69.13999938964844
2007-06-24,82.33999633789062,15.75,5.138000011444092,69.13999938964844
2007-06-25,82.31999969482422,16.649999618530273,5.078000068664551,69.18000030517578
2007-06-26,82.29000091552734,18.889999389648438,5.10099983215332,67.7699966430664
2007-06-27,82.31999969482422,15.529999732971191,5.070000171661377,68.97000122070312
2007-06-28,82.33000183105469,15.539999961853027,5.118000030517578,69.56999969482422
2007-06-29,81.91999816894531,16.229999542236328,5.0329999923706055,70.68000030517578
2007-06-30,81.91999816894531,16.229999542236328,5.0329999923706055,70.68000030517578
2007-07-01,81.91999816894531,16.229999542236328,5.0329999923706055,70.68000030517578
2007-07-02,81.38999938964844,15.399999618530273,4.998000144958496,71.08999633789062
2007-07-03,81.43000030517578,14.920000076293945,5.050000190734863,71.41000366210938
2007-07-04,81.43000030517578,14.920000076293945,5.050000190734863,71.41000366210938
2007-07-05,81.54000091552734,15.479999542236328,5.144000053405762,71.80999755859375
2007-07-06,81.45999908447266,14.720000267028809,5.195000171661377,72.80999755859375
2007-07-07,81.45999908447266,14.720000267028809,5.195000171661377,72.80999755859375
2007-07-08,81.45999908447266,14.720000267028809,5.195000171661377,72.80999755859375
2007-07-09,81.43000030517578,15.15999984741211,5.158999919891357,72.19000244140625
2007-07-10,80.86000061035156,17.56999969482422,5.038000106811523,72.80999755859375
2007-07-11,80.7300033569336,16.639999389648438,5.079999923706055,72.55999755859375
2007-07-12,80.63999938964844,15.539999961853027,5.116000175476074,72.5
2007-07-13,80.58000183105469,15.149999618530273,5.10699987411499,73.93000030517578
2007-07-14,80.58000183105469,15.149999618530273,5.10699987411499,73.93000030517578
2007-07-15,80.58000183105469,15.149999618530273,5.10699987411499,73.93000030517578
2007-07-16,80.5199966430664,15.59000015258789,5.040999889373779,74.1500015258789
2007-07-17,80.54000091552734,15.630000114440918,5.078000068664551,74.0199966430664
2007-07-18,80.41999816894531,16.0,5.010000228881836,75.05000305175781
2007-07-19,80.41999816894531,15.229999542236328,5.0279998779296875,75.91999816894531
2007-07-20,80.29000091552734,16.950000762939453,4.955999851226807,75.56999969482422
2007-07-21,80.29000091552734,16.950000762939453,4.955999851226807,75.56999969482422
2007-07-22,80.29000091552734,16.950000762939453,4.955999851226807,75.56999969482422
2007-07-23,80.3499984741211,16.809999465942383,4.964000225067139,74.88999938964844
2007-07-24,80.08000183105469,18.549999237060547,4.943999767303467,73.55999755859375
2007-07-25,80.6500015258789,18.100000381469727,4.9039998054504395,75.87999725341797
2007-07-26,80.44999694824219,20.739999771118164,4.7769999504089355,74.94999694824219
2007-07-27,80.94999694824219,24.170000076293945,4.788000106811523,77.0199966430664
2007-07-28,80.94999694824219,24.170000076293945,4.788000106811523,77.0199966430664
2007-07-29,80.94999694824219,24.170000076293945,4.788000106811523,77.0199966430664
2007-07-30,80.8499984741211,20.8700008392334,4.803999900817871,76.83000183105469
2007-07-31,80.7699966430664,23.520000457763672,4.770999908447266,78.20999908447266
2007-08-01,80.87000274658203,23.670000076293945,4.758999824523926,76.52999877929688
2007-08-02,80.70999908447266,21.219999313354492,4.752999782562256,76.86000061035156
2007-08-03,80.18000030517578,25.15999984741211,4.699999809265137,75.4800033569336
2007-08-04,80.18000030517578,25.15999984741211,4.699999809265137,75.4800033569336
2007-08-05,80.18000030517578,25.15999984741211,4.699999809265137,75.4800033569336
2007-08-06,80.25,22.940000534057617,4.730999946594238,72.05999755859375
2007-08-07,80.4800033569336,21.559999465942383,4.743000030517578,72.41999816894531
2007-08-08,80.33999633789062,21.450000762939453,4.860000133514404,72.1500015258789
2007-08-09,80.73999786376953,26.479999542236328,4.789999961853027,71.58999633789062
2007-08-10,80.68000030517578,28.299999237060547,4.776000022888184,71.47000122070312
2007-08-11,80.68000030517578,28.299999237060547,4.776000022888184,71.47000122070312
2007-08-12,80.68000030517578,28.299999237060547,4.776000022888184,71.47000122070312
2007-08-13,81.05000305175781,26.56999969482422,4.7779998779296875,71.62000274658203
2007-08-14,81.48999786376953,27.68000030517578,4.73199987411499,72.37999725341797
2007-08-15,81.81999969482422,30.670000076293945,4.705999851226807,73.33000183105469
2007-08-16,81.7300033569336,30.829999923706055,4.599999904632568,71.0
2007-08-17,81.43000030517578,29.989999771118164,4.672999858856201,71.9800033569336
2007-08-18,81.43000030517578,29.989999771118164,4.672999858856201,71.9800033569336
2007-08-19,81.43000030517578,29.989999771118164,4.672999858856201,71.9800033569336
2007-08-20,81.4000015258789,26.329999923706055,4.633999824523926,71.12000274658203
2007-08-21,81.48999786376953,25.25,4.590000152587891,69.47000122070312
2007-08-22,81.25,22.889999389648438,4.619999885559082,69.26000213623047
2007-08-23,81.13999938964844,22.6200008392334,4.618000030517578,69.83000183105469
2007-08-24,80.66999816894531,20.719999313354492,4.632999897003174,71.08999633789062
2007-08-25,80.66999816894531,20.719999313354492,4.632999897003174,71.08999633789062
2007-08-26,80.66999816894531,20.719999313354492,4.632999897003174,71.08999633789062
2007-08-27,80.73999786376953,22.719999313354492,4.5960001945495605,71.97000122070312
2007-08-28,80.76000213623047,26.299999237060547,4.53000020980835,71.7300033569336
2007-08-29,80.69999694824219,23.809999465942383,4.552999973297119,73.51000213623047
2007-08-30,80.79000091552734,25.059999465942383,4.501999855041504,73.36000061035156
2007-08-31,80.79000091552734,23.3799991607666,4.5370001792907715,74.04000091552734
2007-09-01,80.79000091552734,23.3799991607666,4.5370001792907715,74.04000091552734
2007-09-02,80.79000091552734,23.3799991607666,4.5370001792907715,74.04000091552734
2007-09-03,80.79000091552734,23.3799991607666,4.5370001792907715,74.04000091552734
2007-09-04,80.87999725341797,22.780000686645508,4.558000087738037,75.08000183105469
2007-09-05,80.62000274658203,24.579999923706055,4.4730000495910645,75.7300033569336
2007-09-06,80.47000122070312,23.989999771118164,4.5,76.30000305175781
2007-09-07,79.95999908447266,26.229999542236328,4.368000030517578,76.69999694824219
2007-09-08,79.95999908447266,26.229999542236328,4.368000030517578,76.69999694824219
2007-09-09,79.95999908447266,26.229999542236328,4.368000030517578,76.69999694824219
2007-09-10,79.81999969482422,27.3799991607666,4.323999881744385,77.48999786376953
2007-09-11,79.69999694824219,25.270000457763672,4.363999843597412,78.2300033569336
2007-09-12,79.36000061035156,24.959999084472656,4.4079999923706055,79.91000366210938
2007-09-13,79.51000213623047,24.760000228881836,4.48199987411499,80.08999633789062
2007-09-14,79.62000274658203,24.920000076293945,4.461999893188477,79.0999984741211
2007-09-15,79.62000274658203,24.920000076293945,4.461999893188477,79.0999984741211
2007-09-16,79.62000274658203,24.920000076293945,4.461999893188477,79.0999984741211
2007-09-17,79.72000122070312,26.479999542236328,4.46999979019165,80.56999969482422
2007-09-18,79.20999908447266,20.350000381469727,4.480000019073486,81.51000213623047
2007-09-19,79.30000305175781,20.030000686645508,4.52400016784668,81.93000030517578
2007-09-20,78.58000183105469,20.450000762939453,4.671999931335449,83.31999969482422
2007-09-21,78.5999984741211,19.0,4.631999969482422,81.62000274658203
2007-09-22,78.5999984741211,19.0,4.631999969482422,81.62000274658203
2007-09-23,78.5999984741211,19.0,4.631999969482422,81.62000274658203
2007-09-24,78.52999877929688,19.3700008392334,4.624000072479248,80.94999694824219
2007-09-25,78.30999755859375,18.600000381469727,4.613999843597412,79.52999877929688
2007-09-26,78.48999786376953,17.6299991607666,4.619999885559082,80.30000305175781
2007-09-27,78.33999633789062,17.0,4.572999954223633,82.87999725341797
2007-09-28,77.72000122070312,18.0,4.578999996185303,81.66000366210938
2007-09-29,77.72000122070312,18.0,4.578999996185303,81.66000366210938
2007-09-30,77.72000122070312,18.0,4.578999996185303,81.66000366210938
2007-10-01,77.9000015258789,17.84000015258789,4.557000160217285,80.23999786376953
2007-10-02,78.30000305175781,18.489999771118164,4.5289998054504395,80.05000305175781
2007-10-03,78.56999969482422,18.799999237060547,4.543000221252441,79.94000244140625
2007-10-04,78.4800033569336,18.440000534057617,4.5229997634887695,81.44000244140625
2007-10-05,78.30999755859375,16.90999984741211,4.639999866485596,81.22000122070312
2007-10-06,78.30999755859375,16.90999984741211,4.639999866485596,81.22000122070312
2007-10-07,78.30999755859375,16.90999984741211,4.639999866485596,81.22000122070312
2007-10-08,78.66999816894531,17.459999084472656,4.638000011444092,79.0199966430664
2007-10-09,78.52999877929688,16.1200008392334,4.651000022888184,80.26000213623047
2007-10-10,78.37999725341797,16.670000076293945,4.646999835968018,81.30000305175781
2007-10-11,78.08000183105469,18.8799991607666,4.658999919891357,83.08000183105469
2007-10-12,78.22000122070312,17.729999542236328,4.686999797821045,83.69000244140625
2007-10-13,78.22000122070312,17.729999542236328,4.686999797821045,83.69000244140625
2007-10-14,78.22000122070312,17.729999542236328,4.686999797821045,83.69000244140625
2007-10-15,78.08999633789062,19.25,4.672999858856201,86.12999725341797
2007-10-16,78.25,20.020000457763672,4.65500020980835,87.61000061035156
2007-10-17,78.12000274658203,18.540000915527344,4.546000003814697,87.4000015258789
2007-10-18,77.58999633789062,18.5,4.502999782562256,89.47000122070312
2007-10-19,77.41000366210938,22.959999084472656,4.401000022888184,88.5999984741211
2007-10-20,77.41000366210938,22.959999084472656,4.401000022888184,88.5999984741211
2007-10-21,77.41000366210938,22.959999084472656,4.401000022888184,88.5999984741211
2007-10-22,78.05999755859375,21.639999389648438,4.39300012588501,87.55999755859375
2007-10-23,77.58999633789062,20.40999984741211,4.40500020980835,85.2699966430664
2007-10-24,77.55000305175781,20.799999237060547,4.330999851226807,87.0999984741211
2007-10-25,77.27999877929688,21.170000076293945,4.3520002365112305,90.45999908447266
2007-10-26,77.02999877929688,19.559999465942383,4.388999938964844,91.86000061035156
2007-10-27,77.02999877929688,19.559999465942383,4.388999938964844,91.86000061035156
2007-10-28,77.02999877929688,19.559999465942383,4.388999938964844,91.86000061035156
2007-10-29,76.83999633789062,19.8700008392334,4.382999897003174,93.52999877929688
2007-10-30,76.7699966430664,21.06999969482422,4.382999897003174,90.37999725341797
2007-10-31,76.4800033569336,18.530000686645508,4.474999904632568,94.52999877929688
2007-11-01,76.58999633789062,23.209999084472656,4.361000061035156,93.48999786376953
2007-11-02,76.33999633789062,23.010000228881836,4.290999889373779,95.93000030517578
2007-11-03,76.33999633789062,23.010000228881836,4.290999889373779,95.93000030517578
2007-11-04,76.33999633789062,23.010000228881836,4.290999889373779,95.93000030517578
2007-11-05,76.43000030517578,24.309999465942383,4.317999839782715,93.9800033569336
2007-11-06,76.04000091552734,21.389999389648438,4.35699987411499,96.69999694824219
2007-11-07,75.41000366210938,26.489999771118164,4.334000110626221,96.37000274658203
2007-11-08,75.45999908447266,26.15999984741211,4.2729997634887695,95.45999908447266
2007-11-09,75.4000015258789,28.5,4.224999904632568,96.31999969482422
2007-11-10,75.4000015258789,28.5,4.224999904632568,96.31999969482422
2007-11-11,75.4000015258789,28.5,4.224999904632568,96.31999969482422
2007-11-12,75.9000015258789,31.09000015258789,4.210999965667725,94.62000274658203
2007-11-13,75.87999725341797,24.100000381469727,4.25600004196167,91.16999816894531
2007-11-14,75.80999755859375,25.940000534057617,4.269000053405762,94.08999633789062
2007-11-15,76.06999969482422,28.059999465942383,4.158999919891357,93.43000030517578
2007-11-16,75.83000183105469,25.489999771118164,4.150000095367432,95.0999984741211
2007-11-17,75.83000183105469,25.489999771118164,4.150000095367432,95.0999984741211
2007-11-18,75.83000183105469,25.489999771118164,4.150000095367432,95.0999984741211
2007-11-19,75.77999877929688,26.010000228881836,4.078999996185303,94.63999938964844
2007-11-20,75.20999908447266,24.8799991607666,4.053999900817871,98.02999877929688
2007-11-21,75.06999969482422,26.84000015258789,4.02400016784668,97.29000091552734
2007-11-22,75.06999969482422,26.84000015258789,4.02400016784668,97.29000091552734
2007-11-23,75.05000305175781,25.610000610351562,4.01200008392334,98.18000030517578
2007-11-24,75.05000305175781,25.610000610351562,4.01200008392334,98.18000030517578
2007-11-25,75.05000305175781,25.610000610351562,4.01200008392334,98.18000030517578
2007-11-26,74.86000061035156,28.90999984741211,3.8469998836517334,97.69999694824219
2007-11-27,75.0999984741211,26.280000686645508,3.944000005722046,94.41999816894531
2007-11-28,75.08000183105469,24.110000610351562,4.025000095367432,90.62000274658203
2007-11-29,75.58999633789062,23.969999313354492,3.940000057220459,91.01000213623047
2007-11-30,76.1500015258789,22.8700008392334,3.9719998836517334,88.70999908447266
2007-12-01,76.1500015258789,22.8700008392334,3.9719998836517334,88.70999908447266
2007-12-02,76.1500015258789,22.8700008392334,3.9719998836517334,88.70999908447266
2007-12-03,75.93000030517578,23.610000610351562,3.8949999809265137,89.30999755859375
2007-12-04,75.69000244140625,23.790000915527344,3.8889999389648438,88.31999969482422
2007-12-05,76.41000366210938,22.530000686645508,3.9110000133514404,87.48999786376953
2007-12-06,76.37999725341797,20.959999084472656,3.997999906539917,90.2300033569336
2007-12-07,76.29000091552734,20.850000381469727,4.119999885559082,88.27999877929688
2007-12-08,76.29000091552734,20.850000381469727,4.119999885559082,88.27999877929688
2007-12-09,76.29000091552734,20.850000381469727,4.119999885559082,88.27999877929688
2007-12-10,76.05999755859375,20.739999771118164,4.14900016784668,87.86000061035156
2007-12-11,76.22000122070312,23.59000015258789,3.990000009536743,90.0199966430664
2007-12-12,76.13999938964844,22.469999313354492,4.076000213623047,94.38999938964844
2007-12-13,76.55999755859375,22.559999465942383,4.170000076293945,92.25
2007-12-14,77.44000244140625,23.270000457763672,4.23199987411499,91.2699966430664
2007-12-15,77.44000244140625,23.270000457763672,4.23199987411499,91.2699966430664
2007-12-16,77.44000244140625,23.270000457763672,4.23199987411499,91.2699966430664
2007-12-17,77.4000015258789,24.520000457763672,4.192999839782715,90.62999725341797
2007-12-18,77.41000366210938,22.639999389648438,4.119999885559082,90.48999786376953
2007-12-19,77.58999633789062,21.68000030517578,4.070000171661377,91.23999786376953
2007-12-20,77.79000091552734,20.579999923706055,4.026000022888184,91.05999755859375
2007-12-21,77.72000122070312,18.469999313354492,4.168000221252441,93.30999755859375
2007-12-22,77.72000122070312,18.469999313354492,4.168000221252441,93.30999755859375
2007-12-23,77.72000122070312,18.469999313354492,4.168000221252441,93.30999755859375
2007-12-24,77.56999969482422,18.600000381469727,4.211999893188477,94.12999725341797
2007-12-25,77.56999969482422,18.600000381469727,4.211999893188477,94.12999725341797
2007-12-26,77.1500015258789,18.65999984741211,4.281000137329102,95.97000122070312
2007-12-27,76.61000061035156,20.260000228881836,4.198999881744385,96.62000274658203
2007-12-28,76.22000122070312,20.739999771118164,4.0960001945495605,96.0
2007-12-29,76.22000122070312,20.739999771118164,4.0960001945495605,96.0
2007-12-30,76.22000122070312,20.739999771118164,4.0960001945495605,96.0
2007-12-31,76.69999694824219,22.5,4.034999847412109,95.9800033569336
2008-01-01,76.69999694824219,22.5,4.034999847412109,95.9800033569336
2008-01-02,75.97000122070312,23.170000076293945,3.9010000228881836,99.62000274658203
2008-01-03,75.88999938964844,22.489999771118164,3.9010000228881836,99.18000030517578
2008-01-04,75.79000091552734,23.940000534057617,3.8540000915527344,97.91000366210938
2008-01-05,75.79000091552734,23.940000534057617,3.8540000915527344,97.91000366210938
2008-01-06,75.79000091552734,23.940000534057617,3.8540000915527344,97.91000366210938
2008-01-07,76.16999816894531,23.790000915527344,3.8389999866485596,95.08999633789062
2008-01-08,76.11000061035156,25.43000030517578,3.8399999141693115,96.33000183105469
2008-01-09,76.41999816894531,24.1200008392334,3.7909998893737793,95.66999816894531
2008-01-10,75.93000030517578,23.450000762939453,3.88700008392334,93.70999908447266
2008-01-11,75.9800033569336,23.68000030517578,3.809999942779541,92.69000244140625
2008-01-12,75.9800033569336,23.68000030517578,3.809999942779541,92.69000244140625
2008-01-13,75.9800033569336,23.68000030517578,3.809999942779541,92.69000244140625
2008-01-14,75.61000061035156,22.899999618530273,3.7929999828338623,94.19999694824219
2008-01-15,75.56999969482422,23.34000015258789,3.7009999752044678,91.9000015258789
2008-01-16,76.26000213623047,24.3799991607666,3.7119998931884766,90.83999633789062
2008-01-17,76.16999816894531,28.459999084472656,3.640000104904175,90.12999725341797
2008-01-18,76.37999725341797,27.18000030517578,3.6480000019073486,90.56999969482422
2008-01-19,76.37999725341797,27.18000030517578,3.6480000019073486,90.56999969482422
2008-01-20,76.37999725341797,27.18000030517578,3.6480000019073486,90.56999969482422
2008-01-21,76.37999725341797,27.18000030517578,3.6480000019073486,90.56999969482422
2008-01-22,76.3499984741211,31.010000228881836,3.4839999675750732,89.8499984741211
2008-01-23,76.4000015258789,29.020000457763672,3.4260001182556152,86.98999786376953
2008-01-24,75.69000244140625,27.780000686645508,3.640000104904175,89.41000366210938
2008-01-25,75.97000122070312,29.079999923706055,3.5840001106262207,90.70999908447266
2008-01-26,75.97000122070312,29.079999923706055,3.5840001106262207,90.70999908447266
2008-01-27,75.97000122070312,29.079999923706055,3.5840001106262207,90.70999908447266
2008-01-28,75.58000183105469,27.780000686645508,3.5859999656677246,90.98999786376953
2008-01-29,75.54000091552734,27.31999969482422,3.6579999923706055,91.63999938964844
2008-01-30,75.02999877929688,27.6200008392334,3.7330000400543213,92.33000183105469
2008-01-31,75.18000030517578,26.200000762939453,3.6389999389648438,91.75
2008-02-01,75.44999694824219,24.020000457763672,3.5999999046325684,88.95999908447266
2008-02-02,75.44999694824219,24.020000457763672,3.5999999046325684,88.95999908447266
2008-02-03,75.44999694824219,24.020000457763672,3.5999999046325684,88.95999908447266
2008-02-04,75.37000274658203,25.989999771118164,3.6429998874664307,90.0199966430664
2008-02-05,76.12000274658203,28.239999771118164,3.5869998931884766,88.41000366210938
2008-02-06,76.13999938964844,28.969999313354492,3.614000082015991,87.13999938964844
2008-02-07,76.94000244140625,27.65999984741211,3.7360000610351562,88.11000061035156
2008-02-08,76.66999816894531,28.010000228881836,3.6540000438690186,91.7699966430664
2008-02-09,76.66999816894531,28.010000228881836,3.6540000438690186,91.7699966430664
2008-02-10,76.66999816894531,28.010000228881836,3.6540000438690186,91.7699966430664
2008-02-11,76.58000183105469,27.600000381469727,3.618000030517578,93.58999633789062
2008-02-12,76.31999969482422,26.329999923706055,3.678999900817871,92.77999877929688
2008-02-13,76.4000015258789,24.8799991607666,3.694000005722046,93.2699966430664
2008-02-14,76.1500015258789,25.540000915527344,3.818000078201294,95.45999908447266
2008-02-15,76.0999984741211,25.020000457763672,3.7799999713897705,95.5
2008-02-16,76.0999984741211,25.020000457763672,3.7799999713897705,95.5
2008-02-17,76.0999984741211,25.020000457763672,3.7799999713897705,95.5
2008-02-18,76.0999984741211,25.020000457763672,3.7799999713897705,95.5
2008-02-19,76.0,25.59000015258789,3.875,100.01000213623047
2008-02-20,76.12000274658203,24.399999618530273,3.9170000553131104,100.73999786376953
2008-02-21,75.5999984741211,25.1200008392334,3.7839999198913574,98.2300033569336
2008-02-22,75.5199966430664,24.059999465942383,3.7899999618530273,98.80999755859375
2008-02-23,75.5199966430664,24.059999465942383,3.7899999618530273,98.80999755859375
2008-02-24,75.5199966430664,24.059999465942383,3.7899999618530273,98.80999755859375
2008-02-25,75.52999877929688,23.030000686645508,3.9019999504089355,99.2300033569336
2008-02-26,74.76000213623047,21.899999618530273,3.859999895095825,100.87999725341797
2008-02-27,74.20999908447266,22.690000534057617,3.8499999046325684,99.63999938964844
2008-02-28,73.72000122070312,23.530000686645508,3.7149999141693115,102.58999633789062
2008-02-29,73.70999908447266,26.540000915527344,3.5339999198913574,101.83999633789062
2008-03-01,73.70999908447266,26.540000915527344,3.5339999198913574,101.83999633789062
2008-03-02,73.70999908447266,26.540000915527344,3.5339999198913574,101.83999633789062
2008-03-03,73.69999694824219,26.280000686645508,3.5339999198913574,102.44999694824219
2008-03-04,73.66000366210938,25.520000457763672,3.5789999961853027,99.5199966430664
2008-03-05,73.4800033569336,24.600000381469727,3.693000078201294,104.5199966430664
2008-03-06,73.0,27.549999237060547,3.621999979019165,105.47000122070312
2008-03-07,73.02999877929688,27.489999771118164,3.5409998893737793,105.1500015258789
2008-03-08,73.02999877929688,27.489999771118164,3.5409998893737793,105.1500015258789
2008-03-09,73.02999877929688,27.489999771118164,3.5409998893737793,105.1500015258789
2008-03-10,72.98999786376953,29.3799991607666,3.437999963760376,107.9000015258789
2008-03-11,73.27999877929688,26.360000610351562,3.5959999561309814,108.75
2008-03-12,72.4000015258789,27.219999313354492,3.4830000400543213,109.91999816894531
2008-03-13,72.06999969482422,27.290000915527344,3.5339999198913574,110.33000183105469
2008-03-14,71.66000366210938,31.15999984741211,3.4210000038146973,110.20999908447266
2008-03-15,71.66000366210938,31.15999984741211,3.4210000038146973,110.20999908447266
2008-03-16,71.66000366210938,31.15999984741211,3.4210000038146973,110.20999908447266
2008-03-17,71.45999908447266,32.2400016784668,3.313999891281128,105.68000030517578
2008-03-18,71.56999969482422,25.790000915527344,3.4509999752044678,109.41999816894531
2008-03-19,72.13999938964844,29.84000015258789,3.361999988555908,104.4800033569336
2008-03-20,72.75,26.6200008392334,3.328000068664551,101.83999633789062
2008-03-21,72.75,26.6200008392334,3.328000068664551,101.83999633789062
2008-03-22,72.75,26.6200008392334,3.328000068664551,101.83999633789062
2008-03-23,72.75,26.6200008392334,3.328000068664551,101.83999633789062
2008-03-24,72.94999694824219,25.729999542236328,3.5220000743865967,100.86000061035156
2008-03-25,72.27999877929688,25.719999313354492,3.492000102996826,101.22000122070312
2008-03-26,71.51000213623047,26.079999923706055,3.49399995803833,105.9000015258789
2008-03-27,71.66000366210938,25.8799991607666,3.5339999198913574,107.58000183105469
2008-03-28,71.68000030517578,25.709999084472656,3.4660000801086426,105.62000274658203
2008-03-29,71.68000030517578,25.709999084472656,3.4660000801086426,105.62000274658203
2008-03-30,71.68000030517578,25.709999084472656,3.4660000801086426,105.62000274658203
2008-03-31,71.80000305175781,25.610000610351562,3.431999921798706,101.58000183105469
2008-04-01,72.55999755859375,22.68000030517578,3.5450000762939453,100.9800033569336
2008-04-02,72.26000213623047,23.43000030517578,3.5829999446868896,104.83000183105469
2008-04-03,72.22000122070312,23.209999084472656,3.5910000801086426,103.83000183105469
2008-04-04,72.0199966430664,22.450000762939453,3.4809999465942383,106.2300033569336
2008-04-05,72.0199966430664,22.450000762939453,3.4809999465942383,106.2300033569336
2008-04-06,72.0199966430664,22.450000762939453,3.4809999465942383,106.2300033569336
2008-04-07,72.19999694824219,22.420000076293945,3.555999994277954,109.08999633789062
2008-04-08,72.2300033569336,22.360000610351562,3.558000087738037,108.5
2008-04-09,71.83000183105469,22.809999465942383,3.4660000801086426,110.87000274658203
2008-04-10,72.12000274658203,21.979999542236328,3.5320000648498535,110.11000061035156
2008-04-11,71.80999755859375,23.459999084472656,3.4709999561309814,110.13999938964844
2008-04-12,71.80999755859375,23.459999084472656,3.4709999561309814,110.13999938964844
2008-04-13,71.80999755859375,23.459999084472656,3.4709999561309814,110.13999938964844
2008-04-14,71.87999725341797,23.81999969482422,3.503000020980835,111.76000213623047
2008-04-15,72.0199966430664,22.780000686645508,3.569999933242798,113.79000091552734
2008-04-16,71.41000366210938,20.530000686645508,3.696000099182129,114.93000030517578
2008-04-17,71.68000030517578,20.3700008392334,3.7290000915527344,114.86000061035156
2008-04-18,72.01000213623047,20.1299991607666,3.743000030517578,116.69000244140625
2008-04-19,72.01000213623047,20.1299991607666,3.743000030517578,116.69000244140625
2008-04-20,72.01000213623047,20.1299991607666,3.743000030517578,116.69000244140625
2008-04-21,71.6500015258789,20.5,3.7119998931884766,117.4800033569336
2008-04-22,71.33000183105469,20.8700008392334,3.7200000286102295,119.37000274658203
2008-04-23,71.81999969482422,20.260000228881836,3.7300000190734863,118.30000305175781
2008-04-24,72.54000091552734,20.059999465942383,3.8269999027252197,116.05999755859375
2008-04-25,72.79000091552734,19.59000015258789,3.865999937057495,118.5199966430664
2008-04-26,72.79000091552734,19.59000015258789,3.865999937057495,118.5199966430664
2008-04-27,72.79000091552734,19.59000015258789,3.865999937057495,118.5199966430664
2008-04-28,72.79000091552734,19.639999389648438,3.8350000381469727,118.75
2008-04-29,72.88999938964844,20.239999771118164,3.825000047683716,115.62999725341797
2008-04-30,72.51000213623047,20.790000915527344,3.759000062942505,113.45999908447266
2008-05-01,73.27999877929688,18.8799991607666,3.749000072479248,112.5199966430664
2008-05-02,73.5,18.18000030517578,3.8450000286102295,116.31999969482422
2008-05-03,73.5,18.18000030517578,3.8450000286102295,116.31999969482422
2008-05-04,73.5,18.18000030517578,3.8450000286102295,116.31999969482422
2008-05-05,73.19000244140625,18.899999618530273,3.8450000286102295,119.97000122070312
2008-05-06,73.0,18.209999084472656,3.8929998874664307,121.83999633789062
2008-05-07,73.51000213623047,19.729999542236328,3.867000102996826,123.52999877929688
2008-05-08,73.4800033569336,19.399999618530273,3.805000066757202,123.69000244140625
2008-05-09,73.05000305175781,19.40999984741211,3.7669999599456787,125.95999908447266
2008-05-10,73.05000305175781,19.40999984741211,3.7669999599456787,125.95999908447266
2008-05-11,73.05000305175781,19.40999984741211,3.7669999599456787,125.95999908447266
2008-05-12,72.94999694824219,17.790000915527344,3.7750000953674316,124.2300033569336
2008-05-13,73.2699966430664,17.979999542236328,3.9089999198913574,125.80000305175781
2008-05-14,73.4000015258789,17.65999984741211,3.937999963760376,124.22000122070312
2008-05-15,73.3499984741211,16.299999237060547,3.8429999351501465,124.12000274658203
2008-05-16,72.83999633789062,16.469999313354492,3.8499999046325684,126.29000091552734
2008-05-17,72.83999633789062,16.469999313354492,3.8499999046325684,126.29000091552734
2008-05-18,72.83999633789062,16.469999313354492,3.8499999046325684,126.29000091552734
2008-05-19,73.04000091552734,17.010000228881836,3.8389999866485596,127.05000305175781
2008-05-20,72.4000015258789,17.579999923706055,3.7760000228881836,129.07000732421875
2008-05-21,71.94000244140625,18.59000015258789,3.822000026702881,133.1699981689453
2008-05-22,72.27999877929688,18.049999237060547,3.9210000038146973,130.80999755859375
2008-05-23,71.88999938964844,19.549999237060547,3.8310000896453857,132.19000244140625
2008-05-24,71.88999938964844,19.549999237060547,3.8310000896453857,132.19000244140625
2008-05-25,71.88999938964844,19.549999237060547,3.8310000896453857,132.19000244140625
2008-05-26,71.88999938964844,19.549999237060547,3.8310000896453857,132.19000244140625
2008-05-27,72.33999633789062,19.639999389648438,3.9210000038146973,128.85000610351562
2008-05-28,72.55000305175781,19.06999969482422,4.008999824523926,131.02999877929688
2008-05-29,73.0199966430664,18.139999389648438,4.078999996185303,126.62000274658203
2008-05-30,72.87999725341797,17.829999923706055,4.046000003814697,127.3499984741211
2008-05-31,72.87999725341797,17.829999923706055,4.046000003814697,127.3499984741211
2008-06-01,72.87999725341797,17.829999923706055,4.046000003814697,127.3499984741211
2008-06-02,72.93000030517578,19.829999923706055,3.9709999561309814,127.76000213623047
2008-06-03,73.23999786376953,20.239999771118164,3.8980000019073486,124.30999755859375
2008-06-04,73.41999816894531,20.799999237060547,3.940000057220459,122.30000305175781
2008-06-05,73.04000091552734,18.6299991607666,4.025000095367432,127.79000091552734
2008-06-06,72.38999938964844,23.559999465942383,3.937999963760376,138.5399932861328
2008-06-07,72.38999938964844,23.559999465942383,3.937999963760376,138.5399932861328
2008-06-08,72.38999938964844,23.559999465942383,3.937999963760376,138.5399932861328
2008-06-09,72.8499984741211,23.1200008392334,3.992000102996826,134.35000610351562
2008-06-10,73.69999694824219,23.18000030517578,4.098999977111816,131.30999755859375
2008-06-11,73.20999908447266,24.1200008392334,4.072999954223633,136.3800048828125
2008-06-12,73.86000061035156,23.329999923706055,4.204999923706055,136.74000549316406
2008-06-13,74.1500015258789,21.219999313354492,4.261000156402588,134.86000061035156
2008-06-14,74.1500015258789,21.219999313354492,4.261000156402588,134.86000061035156
2008-06-15,74.1500015258789,21.219999313354492,4.261000156402588,134.86000061035156
2008-06-16,73.61000061035156,20.950000762939453,4.244999885559082,134.61000061035156
2008-06-17,73.51000213623047,21.1299991607666,4.224999904632568,134.00999450683594
2008-06-18,73.44000244140625,22.239999771118164,4.1539998054504395,136.67999267578125
2008-06-19,73.4800033569336,21.579999923706055,4.198999881744385,131.92999267578125
2008-06-20,73.02999877929688,22.8700008392334,4.13700008392334,134.6199951171875
2008-06-21,73.02999877929688,22.8700008392334,4.13700008392334,134.6199951171875
2008-06-22,73.02999877929688,22.8700008392334,4.13700008392334,134.6199951171875
2008-06-23,73.43000030517578,22.639999389648438,4.168000221252441,136.74000549316406
2008-06-24,73.23999786376953,22.420000076293945,4.105000019073486,137.0
2008-06-25,72.93000030517578,21.139999389648438,4.114999771118164,134.5500030517578
2008-06-26,72.48999786376953,23.93000030517578,4.0329999923706055,139.63999938964844
2008-06-27,72.36000061035156,23.440000534057617,3.990000009536743,140.2100067138672
2008-06-28,72.36000061035156,23.440000534057617,3.990000009536743,140.2100067138672
2008-06-29,72.36000061035156,23.440000534057617,3.990000009536743,140.2100067138672
2008-06-30,72.45999908447266,23.950000762939453,3.9790000915527344,140.0
2008-07-01,72.37000274658203,23.649999618530273,3.992000102996826,140.97000122070312
2008-07-02,72.02999877929688,25.920000076293945,3.9590001106262207,143.57000732421875
2008-07-03,72.73999786376953,24.780000686645508,3.9730000495910645,145.2899932861328
2008-07-04,72.73999786376953,24.780000686645508,3.9730000495910645,145.2899932861328
2008-07-05,72.73999786376953,24.780000686645508,3.9730000495910645,145.2899932861328
2008-07-06,72.73999786376953,24.780000686645508,3.9730000495910645,145.2899932861328
2008-07-07,72.66999816894531,25.780000686645508,3.930000066757202,141.3699951171875
2008-07-08,73.01000213623047,23.149999618530273,3.880000114440918,136.0399932861328
2008-07-09,72.58000183105469,25.229999542236328,3.8340001106262207,136.0500030517578
2008-07-10,72.48999786376953,25.59000015258789,3.811000108718872,141.64999389648438
2008-07-11,72.0999984741211,27.489999771118164,3.940000057220459,145.0800018310547
2008-07-12,72.0999984741211,27.489999771118164,3.940000057220459,145.0800018310547
2008-07-13,72.0999984741211,27.489999771118164,3.940000057220459,145.0800018310547
2008-07-14,71.91999816894531,28.479999542236328,3.880000114440918,145.17999267578125
2008-07-15,71.87000274658203,28.540000915527344,3.8440001010894775,138.74000549316406
2008-07-16,72.05999755859375,25.100000381469727,3.934000015258789,134.60000610351562
2008-07-17,72.23999786376953,25.010000228881836,4.038000106811523,129.2899932861328
2008-07-18,72.19000244140625,24.049999237060547,4.080999851226807,128.8800048828125
2008-07-19,72.19000244140625,24.049999237060547,4.080999851226807,128.8800048828125
2008-07-20,72.19000244140625,24.049999237060547,4.080999851226807,128.8800048828125
2008-07-21,71.98999786376953,23.049999237060547,4.066999912261963,131.0399932861328
2008-07-22,72.44999694824219,21.18000030517578,4.0970001220703125,127.94999694824219
2008-07-23,72.80999755859375,21.309999465942383,4.1479997634887695,124.44000244140625
2008-07-24,72.93000030517578,23.440000534057617,4.015999794006348,125.48999786376953
2008-07-25,72.86000061035156,22.90999984741211,4.111000061035156,123.26000213623047
2008-07-26,72.86000061035156,22.90999984741211,4.111000061035156,123.26000213623047
2008-07-27,72.86000061035156,22.90999984741211,4.111000061035156,123.26000213623047
2008-07-28,72.6500015258789,24.229999542236328,4.01800012588501,124.7300033569336
2008-07-29,73.30999755859375,22.030000686645508,4.044000148773193,122.19000244140625
2008-07-30,73.31999969482422,21.209999084472656,4.047999858856201,126.7699966430664
2008-07-31,73.2300033569336,22.940000534057617,3.9790000915527344,124.08000183105469
2008-08-01,73.41999816894531,22.56999969482422,3.947999954223633,125.0999984741211
2008-08-02,73.41999816894531,22.56999969482422,3.947999954223633,125.0999984741211
2008-08-03,73.41999816894531,22.56999969482422,3.947999954223633,125.0999984741211
2008-08-04,73.45999908447266,23.489999771118164,3.9719998836517334,121.41000366210938
2008-08-05,73.87999725341797,21.139999389648438,4.006999969482422,119.16999816894531
2008-08-06,74.23999786376953,20.229999542236328,4.047999858856201,118.58000183105469
2008-08-07,74.55000305175781,21.149999618530273,3.934999942779541,120.0199966430664
2008-08-08,75.8499984741211,20.65999984741211,3.950000047683716,115.19999694824219
2008-08-09,75.8499984741211,20.65999984741211,3.950000047683716,115.19999694824219
2008-08-10,75.8499984741211,20.65999984741211,3.950000047683716,115.19999694824219
2008-08-11,76.12999725341797,20.1200008392334,4.001999855041504,114.44999694824219
2008-08-12,76.1500015258789,21.170000076293945,3.9179999828338623,113.01000213623047
2008-08-13,76.20999908447266,21.549999237060547,3.947000026702881,116.0
2008-08-14,76.66999816894531,20.34000015258789,3.8919999599456787,115.01000213623047
2008-08-15,77.18000030517578,19.579999923706055,3.8519999980926514,113.7699966430664
2008-08-16,77.18000030517578,19.579999923706055,3.8519999980926514,113.7699966430664
2008-08-17,77.18000030517578,19.579999923706055,3.8519999980926514,113.7699966430664
2008-08-18,77.12000274658203,20.979999542236328,3.815999984741211,112.87000274658203
2008-08-19,76.83999633789062,21.280000686645508,3.8420000076293945,114.52999877929688
2008-08-20,76.95999908447266,20.420000076293945,3.7990000247955322,114.9800033569336
2008-08-21,76.19999694824219,19.81999969482422,3.8380000591278076,121.18000030517578
2008-08-22,76.80999755859375,18.809999465942383,3.867000102996826,114.58999633789062
2008-08-23,76.80999755859375,18.809999465942383,3.867000102996826,114.58999633789062
2008-08-24,76.80999755859375,18.809999465942383,3.867000102996826,114.58999633789062
2008-08-25,76.79000091552734,20.969999313354492,3.7909998893737793,115.11000061035156
2008-08-26,77.25,20.489999771118164,3.7839999198913574,116.2699966430664
2008-08-27,77.05000305175781,19.760000228881836,3.7720000743865967,118.1500015258789
2008-08-28,77.1500015258789,19.43000030517578,3.7950000762939453,115.58999633789062
2008-08-29,77.37999725341797,20.649999618530273,3.812999963760376,115.45999908447266
2008-08-30,77.37999725341797,20.649999618530273,3.812999963760376,115.45999908447266
2008-08-31,77.37999725341797,20.649999618530273,3.812999963760376,115.45999908447266
2008-09-01,77.37999725341797,20.649999618530273,3.812999963760376,115.45999908447266
2008-09-02,78.05999755859375,21.989999771118164,3.746000051498413,109.70999908447266
2008-09-03,78.08999633789062,21.43000030517578,3.697000026702881,109.3499984741211
2008-09-04,78.61000061035156,24.030000686645508,3.6429998874664307,107.88999938964844
2008-09-05,78.93000030517578,23.059999465942383,3.6600000858306885,106.2300033569336
2008-09-06,78.93000030517578,23.059999465942383,3.6600000858306885,106.2300033569336
2008-09-07,78.93000030517578,23.059999465942383,3.6600000858306885,106.2300033569336
2008-09-08,79.58999633789062,22.639999389648438,3.6649999618530273,106.33999633789062
2008-09-09,79.25,25.469999313354492,3.5959999561309814,103.26000213623047
2008-09-10,79.8499984741211,24.520000457763672,3.6410000324249268,102.58000183105469
2008-09-11,80.1500015258789,24.389999389648438,3.621999979019165,100.87000274658203
2008-09-12,78.97000122070312,25.65999984741211,3.7300000190734863,101.18000030517578
2008-09-13,78.97000122070312,25.65999984741211,3.7300000190734863,101.18000030517578
2008-09-14,78.97000122070312,25.65999984741211,3.7300000190734863,101.18000030517578
2008-09-15,78.91000366210938,31.700000762939453,3.4830000400543213,95.70999908447266
2008-09-16,79.06999969482422,30.299999237060547,3.490999937057495,91.1500015258789
2008-09-17,78.0999984741211,36.220001220703125,3.4100000858306885,97.16000366210938
2008-09-18,78.0199966430664,33.099998474121094,3.437000036239624,97.87999725341797
2008-09-19,77.68000030517578,32.06999969482422,3.7690000534057617,104.55000305175781
2008-09-20,77.68000030517578,32.06999969482422,3.7690000534057617,104.55000305175781
2008-09-21,77.68000030517578,32.06999969482422,3.7690000534057617,104.55000305175781
2008-09-22,76.1500015258789,33.849998474121094,3.8259999752044678,120.91999816894531
2008-09-23,76.47000122070312,35.720001220703125,3.8410000801086426,106.61000061035156
2008-09-24,76.79000091552734,35.189998626708984,3.7709999084472656,105.7300033569336
2008-09-25,76.98999786376953,32.81999969482422,3.861999988555908,108.0199966430664
2008-09-26,76.94999694824219,34.7400016784668,3.8269999027252197,106.88999938964844
2008-09-27,76.94999694824219,34.7400016784668,3.8269999027252197,106.88999938964844
2008-09-28,76.94999694824219,34.7400016784668,3.8269999027252197,106.88999938964844
2008-09-29,77.47000122070312,46.720001220703125,3.631999969482422,96.37000274658203
2008-09-30,79.44999694824219,39.38999938964844,3.8269999027252197,100.63999938964844
2008-10-01,79.45999908447266,39.810001373291016,3.7679998874664307,98.52999877929688
2008-10-02,80.44000244140625,45.2599983215332,3.6459999084472656,93.97000122070312
2008-10-03,80.30999755859375,45.13999938964844,3.6440000534057617,93.87999725341797
2008-10-04,80.30999755859375,45.13999938964844,3.6440000534057617,93.87999725341797
2008-10-05,80.30999755859375,45.13999938964844,3.6440000534057617,93.87999725341797
2008-10-06,81.68000030517578,52.04999923706055,3.4260001182556152,87.80999755859375
2008-10-07,80.97000122070312,53.68000030517578,3.50600004196167,90.05999755859375
2008-10-08,80.91000366210938,57.529998779296875,3.7149999141693115,88.94999694824219
2008-10-09,81.16000366210938,63.91999816894531,3.8340001106262207,86.58999633789062
2008-10-10,83.0,69.94999694824219,3.8610000610351562,77.69999694824219
2008-10-11,83.0,69.94999694824219,3.8610000610351562,77.69999694824219
2008-10-12,83.0,69.94999694824219,3.8610000610351562,77.69999694824219
2008-10-13,81.87999725341797,54.9900016784668,3.8610000610351562,81.19000244140625
2008-10-14,81.36000061035156,55.130001068115234,4.0229997634887695,78.62999725341797
2008-10-15,82.05000305175781,69.25,4.011000156402588,74.54000091552734
2008-10-16,82.45999908447266,67.61000061035156,3.936000108718872,69.8499984741211
2008-10-17,82.41000366210938,70.33000183105469,3.937999963760376,71.8499984741211
2008-10-18,82.41000366210938,70.33000183105469,3.937999963760376,71.8499984741211
2008-10-19,82.41000366210938,70.33000183105469,3.937999963760376,71.8499984741211
2008-10-20,83.0999984741211,52.970001220703125,3.885999917984009,74.25
2008-10-21,83.98999786376953,53.11000061035156,3.703000068664551,70.88999938964844
2008-10-22,85.37000274658203,69.6500015258789,3.618000030517578,66.75
2008-10-23,85.36000061035156,67.80000305175781,3.5339999198913574,67.83999633789062
2008-10-24,86.44000244140625,79.12999725341797,3.697000026702881,64.1500015258789
2008-10-25,86.44000244140625,79.12999725341797,3.697000026702881,64.1500015258789
2008-10-26,86.44000244140625,79.12999725341797,3.697000026702881,64.1500015258789
2008-10-27,86.93000030517578,80.05999755859375,3.7290000915527344,63.220001220703125
2008-10-28,87.02999877929688,66.95999908447266,3.819999933242798,62.72999954223633
2008-10-29,85.06999969482422,69.95999908447266,3.874000072479248,67.5
2008-10-30,84.55999755859375,62.900001525878906,3.938999891281128,65.95999908447266
2008-10-31,85.62999725341797,59.88999938964844,3.9700000286102295,67.80999755859375
2008-11-01,85.62999725341797,59.88999938964844,3.9700000286102295,67.80999755859375
2008-11-02,85.62999725341797,59.88999938964844,3.9700000286102295,67.80999755859375
2008-11-03,86.3499984741211,53.68000030517578,3.9040000438690186,63.90999984741211
2008-11-04,84.77999877929688,47.72999954223633,3.765000104904175,70.52999877929688
2008-11-05,84.61000061035156,54.560001373291016,3.694000005722046,65.30000305175781
2008-11-06,85.88999938964844,63.68000030517578,3.7070000171661377,60.77000045776367
2008-11-07,85.91000366210938,56.099998474121094,3.7799999713897705,61.040000915527344
2008-11-08,85.91000366210938,56.099998474121094,3.7799999713897705,61.040000915527344
2008-11-09,85.91000366210938,56.099998474121094,3.7799999713897705,61.040000915527344
2008-11-10,85.91000366210938,59.97999954223633,3.759999990463257,62.40999984741211
2008-11-11,87.06999969482422,61.439998626708984,3.755000114440918,59.33000183105469
2008-11-12,87.47000122070312,66.45999908447266,3.6649999618530273,56.15999984741211
2008-11-13,86.94000244140625,59.83000183105469,3.818000078201294,58.2400016784668
2008-11-14,86.36000061035156,66.30999755859375,3.75,57.040000915527344
2008-11-15,86.36000061035156,66.30999755859375,3.75,57.040000915527344
2008-11-16,86.36000061035156,66.30999755859375,3.75,57.040000915527344
2008-11-17,86.80999755859375,69.1500015258789,3.684000015258789,54.95000076293945
2008-11-18,87.37000274658203,67.63999938964844,3.5350000858306885,54.38999938964844
2008-11-19,87.30999755859375,74.26000213623047,3.3910000324249268,53.619998931884766
2008-11-20,87.97000122070312,80.86000061035156,3.1440000534057617,49.619998931884766
2008-11-21,88.19000244140625,72.66999816894531,3.1670000553131104,49.93000030517578
2008-11-22,88.19000244140625,72.66999816894531,3.1670000553131104,49.93000030517578
2008-11-23,88.19000244140625,72.66999816894531,3.1670000553131104,49.93000030517578
2008-11-24,86.08000183105469,64.69999694824219,3.3399999141693115,54.5
2008-11-25,85.0,60.900001525878906,3.0920000076293945,50.77000045776367
2008-11-26,85.66999816894531,54.91999816894531,3.000999927520752,54.439998626708984
2008-11-27,85.66999816894531,54.91999816894531,3.000999927520752,54.439998626708984
2008-11-28,86.5199966430664,55.279998779296875,2.9570000171661377,54.43000030517578
2008-11-29,86.5199966430664,55.279998779296875,2.9570000171661377,54.43000030517578
2008-11-30,86.5199966430664,55.279998779296875,2.9570000171661377,54.43000030517578
2008-12-01,86.72000122070312,68.51000213623047,2.7190001010894775,49.279998779296875
2008-12-02,86.69999694824219,62.97999954223633,2.693000078201294,46.959999084472656
2008-12-03,87.02999877929688,60.720001220703125,2.6760001182556152,46.790000915527344
2008-12-04,86.44000244140625,63.63999938964844,2.569999933242798,43.66999816894531
2008-12-05,87.12000274658203,59.93000030517578,2.6570000648498535,40.810001373291016
2008-12-06,87.12000274658203,59.93000030517578,2.6570000648498535,40.810001373291016
2008-12-07,87.12000274658203,59.93000030517578,2.6570000648498535,40.810001373291016
2008-12-08,85.55999755859375,58.4900016784668,2.7339999675750732,43.709999084472656
2008-12-09,85.83999633789062,58.90999984741211,2.6689999103546143,42.06999969482422
2008-12-10,85.4800033569336,55.72999954223633,2.684000015258789,43.52000045776367
2008-12-11,83.83000183105469,55.779998779296875,2.6480000019073486,47.97999954223633
2008-12-12,83.63999938964844,54.279998779296875,2.5889999866485596,46.279998779296875
2008-12-13,83.63999938964844,54.279998779296875,2.5889999866485596,46.279998779296875
2008-12-14,83.63999938964844,54.279998779296875,2.5889999866485596,46.279998779296875
2008-12-15,82.2699966430664,56.7599983215332,2.5329999923706055,44.5099983215332
2008-12-16,80.68000030517578,52.369998931884766,2.36299991607666,43.599998474121094
2008-12-17,78.91000366210938,49.84000015258789,2.190000057220459,40.060001373291016
2008-12-18,79.47000122070312,47.34000015258789,2.0739998817443848,36.220001220703125
2008-12-19,81.30000305175781,44.93000030517578,2.13100004196167,33.869998931884766
2008-12-20,81.30000305175781,44.93000030517578,2.13100004196167,33.869998931884766
2008-12-21,81.30000305175781,44.93000030517578,2.13100004196167,33.869998931884766
2008-12-22,81.08999633789062,44.560001373291016,2.1410000324249268,39.90999984741211
2008-12-23,81.23999786376953,45.02000045776367,2.1630001068115234,38.97999954223633
2008-12-24,81.20999908447266,44.209999084472656,2.178999900817871,35.349998474121094
2008-12-25,81.20999908447266,44.209999084472656,2.178999900817871,35.349998474121094
2008-12-26,80.88999938964844,43.380001068115234,2.13700008392334,37.709999084472656
2008-12-27,80.88999938964844,43.380001068115234,2.13700008392334,37.709999084472656
2008-12-28,80.88999938964844,43.380001068115234,2.13700008392334,37.709999084472656
2008-12-29,80.68000030517578,43.900001525878906,2.0959999561309814,40.02000045776367
2008-12-30,80.9000015258789,41.630001068115234,2.0869998931884766,39.029998779296875
2008-12-31,81.30999755859375,40.0,2.24399995803833,44.599998474121094
2009-01-01,81.30999755859375,40.0,2.24399995803833,44.599998474121094
2009-01-02,81.83999633789062,39.189998626708984,2.4159998893737793,46.34000015258789
2009-01-03,81.83999633789062,39.189998626708984,2.4159998893737793,46.34000015258789
2009-01-04,81.83999633789062,39.189998626708984,2.4159998893737793,46.34000015258789
2009-01-05,82.63999938964844,39.08000183105469,2.48799991607666,48.810001373291016
2009-01-06,82.8499984741211,38.560001373291016,2.505000114440918,48.58000183105469
2009-01-07,82.27999877929688,43.38999938964844,2.49399995803833,42.630001068115234
2009-01-08,81.54000091552734,42.560001373291016,2.444999933242798,41.70000076293945
2009-01-09,82.66000366210938,42.81999969482422,2.4070000648498535,40.83000183105469
2009-01-10,82.66000366210938,42.81999969482422,2.4070000648498535,40.83000183105469
2009-01-11,82.66000366210938,42.81999969482422,2.4070000648498535,40.83000183105469
2009-01-12,83.0199966430664,45.84000015258789,2.309000015258789,37.59000015258789
2009-01-13,84.2699966430664,43.27000045776367,2.296999931335449,37.779998779296875
2009-01-14,84.41999816894531,49.13999938964844,2.2130000591278076,37.279998779296875
2009-01-15,84.44000244140625,51.0,2.2009999752044678,35.400001525878906
2009-01-16,84.20999908447266,46.11000061035156,2.303999900817871,36.5099983215332
2009-01-17,84.20999908447266,46.11000061035156,2.303999900817871,36.5099983215332
2009-01-18,84.20999908447266,46.11000061035156,2.303999900817871,36.5099983215332
2009-01-19,84.20999908447266,46.11000061035156,2.303999900817871,36.5099983215332
2009-01-20,86.22000122070312,56.650001525878906,2.3450000286102295,38.7400016784668
2009-01-21,85.81999969482422,46.41999816894531,2.5260000228881836,43.54999923706055
2009-01-22,85.5199966430664,47.290000915527344,2.5940001010894775,43.66999816894531
2009-01-23,85.61000061035156,47.27000045776367,2.621999979019165,46.470001220703125
2009-01-24,85.61000061035156,47.27000045776367,2.621999979019165,46.470001220703125
2009-01-25,85.61000061035156,47.27000045776367,2.621999979019165,46.470001220703125
2009-01-26,84.7300033569336,45.689998626708984,2.6429998874664307,45.72999954223633
2009-01-27,84.43000030517578,42.25,2.5190000534057617,41.58000183105469
2009-01-28,84.66999816894531,39.65999984741211,2.6559998989105225,42.15999984741211
2009-01-29,85.27999877929688,42.630001068115234,2.815000057220459,41.439998626708984
2009-01-30,86.0,44.84000015258789,2.8440001010894775,41.68000030517578
2009-01-31,86.0,44.84000015258789,2.8440001010894775,41.68000030517578
2009-02-01,86.0,44.84000015258789,2.8440001010894775,41.68000030517578
2009-02-02,86.06999969482422,45.52000045776367,2.7190001010894775,40.08000183105469
2009-02-03,85.05000305175781,43.060001373291016,2.8420000076293945,40.779998779296875
2009-02-04,85.69999694824219,43.849998474121094,2.9140000343322754,40.31999969482422
2009-02-05,86.05999755859375,43.72999954223633,2.9000000953674316,41.16999816894531
2009-02-06,85.3499984741211,43.369998931884766,2.9790000915527344,40.16999816894531
2009-02-07,85.3499984741211,43.369998931884766,2.9790000915527344,40.16999816894531
2009-02-08,85.3499984741211,43.369998931884766,2.9790000915527344,40.16999816894531
2009-02-09,84.79000091552734,43.63999938964844,3.0269999504089355,39.560001373291016
2009-02-10,85.80999755859375,46.66999816894531,2.8469998836517334,37.54999923706055
2009-02-11,85.77999877929688,44.529998779296875,2.76200008392334,35.939998626708984
2009-02-12,86.55000305175781,41.25,2.7269999980926514,33.97999954223633
2009-02-13,86.04000091552734,42.93000030517578,2.881999969482422,37.5099983215332
2009-02-14,86.04000091552734,42.93000030517578,2.881999969482422,37.5099983215332
2009-02-15,86.04000091552734,42.93000030517578,2.881999969482422,37.5099983215332
2009-02-16,86.04000091552734,42.93000030517578,2.881999969482422,37.5099983215332
2009-02-17,87.58000183105469,48.65999984741211,2.6619999408721924,34.93000030517578
2009-02-18,88.01000213623047,48.459999084472656,2.7279999256134033,34.619998931884766
2009-02-19,87.44000244140625,47.08000183105469,2.8570001125335693,39.47999954223633
2009-02-20,86.48999786376953,49.29999923706055,2.7720000743865967,38.939998626708984
2009-02-21,86.48999786376953,49.29999923706055,2.7720000743865967,38.939998626708984
2009-02-22,86.48999786376953,49.29999923706055,2.7720000743865967,38.939998626708984
2009-02-23,87.23999786376953,52.619998931884766,2.7769999504089355,38.439998626708984
2009-02-24,86.88999938964844,45.4900016784668,2.7990000247955322,39.959999084472656
2009-02-25,87.91000366210938,44.66999816894531,2.944999933242798,42.5
2009-02-26,87.7300033569336,44.65999984741211,2.9779999256134033,45.220001220703125
2009-02-27,88.01000213623047,46.349998474121094,3.0409998893737793,44.7599983215332
2009-02-28,88.01000213623047,46.349998474121094,3.0409998893737793,44.7599983215332
2009-03-01,88.01000213623047,46.349998474121094,3.0409998893737793,44.7599983215332
2009-03-02,88.94000244140625,52.650001525878906,2.9189999103546143,40.150001525878906
2009-03-03,88.91000366210938,50.93000030517578,2.937999963760376,41.650001525878906
2009-03-04,88.58000183105469,47.560001373291016,3.010999917984009,45.380001068115234
2009-03-05,89.11000061035156,50.16999816894531,2.819000005722046,43.61000061035156
2009-03-06,88.51000213623047,49.33000183105469,2.828000068664551,45.52000045776367
2009-03-07,88.51000213623047,49.33000183105469,2.828000068664551,45.52000045776367
2009-03-08,88.51000213623047,49.33000183105469,2.828000068664551,45.52000045776367
2009-03-09,89.01000213623047,49.68000030517578,2.885999917984009,47.06999969482422
2009-03-10,88.93000030517578,44.369998931884766,2.9820001125335693,45.709999084472656
2009-03-11,87.87000274658203,43.61000061035156,2.9159998893737793,42.33000183105469
2009-03-12,87.66000366210938,41.18000030517578,2.8919999599456787,47.029998779296875
2009-03-13,87.43000030517578,42.36000061035156,2.884999990463257,46.25
2009-03-14,87.43000030517578,42.36000061035156,2.884999990463257,46.25
2009-03-15,87.43000030517578,42.36000061035156,2.884999990463257,46.25
2009-03-16,86.94999694824219,43.7400016784668,2.9509999752044678,47.349998474121094
2009-03-17,86.93000030517578,40.79999923706055,3.003000020980835,49.15999984741211
2009-03-18,84.5999984741211,40.060001373291016,2.5329999923706055,48.13999938964844
2009-03-19,83.12999725341797,43.68000030517578,2.5969998836517334,51.61000061035156
2009-03-20,83.83999633789062,45.88999938964844,2.625,51.060001373291016
2009-03-21,83.83999633789062,45.88999938964844,2.625,51.060001373291016
2009-03-22,83.83999633789062,45.88999938964844,2.625,51.060001373291016
2009-03-23,83.43000030517578,43.22999954223633,2.6600000858306885,53.79999923706055
2009-03-24,83.86000061035156,42.93000030517578,2.6540000438690186,53.97999954223633
2009-03-25,83.80999755859375,42.25,2.7720000743865967,52.77000045776367
2009-03-26,84.16999816894531,40.36000061035156,2.7330000400543213,54.34000015258789
2009-03-27,85.11000061035156,41.040000915527344,2.760999917984009,52.380001068115234
2009-03-28,85.11000061035156,41.040000915527344,2.760999917984009,52.380001068115234
2009-03-29,85.11000061035156,41.040000915527344,2.760999917984009,52.380001068115234
2009-03-30,85.87000274658203,45.540000915527344,2.7139999866485596,48.40999984741211
2009-03-31,85.43000030517578,44.13999938964844,2.684999942779541,49.65999984741211
2009-04-01,85.5,42.279998779296875,2.6579999923706055,48.38999938964844
2009-04-02,84.44999694824219,42.040000915527344,2.752000093460083,52.63999938964844
2009-04-03,84.16999816894531,39.70000076293945,2.9070000648498535,52.5099983215332
2009-04-04,84.16999816894531,39.70000076293945,2.9070000648498535,52.5099983215332
2009-04-05,84.16999816894531,39.70000076293945,2.9070000648498535,52.5099983215332
2009-04-06,84.56999969482422,40.93000030517578,2.938999891281128,51.04999923706055
2009-04-07,85.29000091552734,40.38999938964844,2.9089999198913574,49.150001525878906
2009-04-08,85.36000061035156,38.849998474121094,2.8469998836517334,49.380001068115234
2009-04-09,85.79000091552734,36.529998779296875,2.9260001182556152,52.2400016784668
2009-04-10,85.79000091552734,36.529998779296875,2.9260001182556152,52.2400016784668
2009-04-11,85.79000091552734,36.529998779296875,2.9260001182556152,52.2400016784668
2009-04-12,85.79000091552734,36.529998779296875,2.9260001182556152,52.2400016784668
2009-04-13,84.63999938964844,37.810001373291016,2.8450000286102295,50.04999923706055
2009-04-14,84.63999938964844,37.66999816894531,2.7860000133514404,49.40999984741211
2009-04-15,85.08000183105469,36.16999816894531,2.759000062942505,49.25
2009-04-16,85.2300033569336,35.790000915527344,2.8299999237060547,49.97999954223633
2009-04-17,85.9800033569336,33.939998626708984,2.930000066757202,50.33000183105469
2009-04-18,85.9800033569336,33.939998626708984,2.930000066757202,50.33000183105469
2009-04-19,85.9800033569336,33.939998626708984,2.930000066757202,50.33000183105469
2009-04-20,86.63999938964844,39.18000030517578,2.8429999351501465,45.880001068115234
2009-04-21,86.58000183105469,37.13999938964844,2.9019999504089355,46.5099983215332
2009-04-22,86.19000244140625,38.099998474121094,2.9639999866485596,48.849998474121094
2009-04-23,85.5199966430664,37.150001525878906,2.927000045776367,49.619998931884766
2009-04-24,84.70999908447266,36.81999969482422,2.996000051498413,51.54999923706055
2009-04-25,84.70999908447266,36.81999969482422,2.996000051498413,51.54999923706055
2009-04-26,84.70999908447266,36.81999969482422,2.996000051498413,51.54999923706055
2009-04-27,85.69999694824219,38.31999969482422,2.9210000038146973,50.13999938964844
2009-04-28,85.16000366210938,37.95000076293945,3.002000093460083,49.91999816894531
2009-04-29,84.47000122070312,36.08000183105469,3.0959999561309814,50.970001220703125
2009-04-30,84.61000061035156,36.5,3.124000072479248,51.119998931884766
2009-05-01,84.55000305175781,35.29999923706055,3.1740000247955322,53.20000076293945
2009-05-02,84.55000305175781,35.29999923706055,3.1740000247955322,53.20000076293945
2009-05-03,84.55000305175781,35.29999923706055,3.1740000247955322,53.20000076293945
2009-05-04,83.97000122070312,34.529998779296875,3.1570000648498535,54.470001220703125
2009-05-05,84.16000366210938,33.36000061035156,3.1570000648498535,53.84000015258789
2009-05-06,83.80000305175781,32.45000076293945,3.1519999504089355,56.34000015258789
2009-05-07,83.94000244140625,33.439998626708984,3.2950000762939453,56.709999084472656
2009-05-08,82.52999877929688,32.04999923706055,3.2929999828338623,58.630001068115234
2009-05-09,82.52999877929688,32.04999923706055,3.2929999828338623,58.630001068115234
2009-05-10,82.52999877929688,32.04999923706055,3.2929999828338623,58.630001068115234
2009-05-11,82.68000030517578,32.869998931884766,3.180000066757202,58.5
2009-05-12,82.30999755859375,31.799999237060547,3.174999952316284,58.849998474121094
2009-05-13,82.5,33.650001525878906,3.1050000190734863,58.02000045776367
2009-05-14,82.27999877929688,31.3700008392334,3.1070001125335693,58.619998931884766
2009-05-15,83.0199966430664,33.119998931884766,3.122999906539917,56.34000015258789
2009-05-16,83.0199966430664,33.119998931884766,3.122999906539917,56.34000015258789
2009-05-17,83.0199966430664,33.119998931884766,3.122999906539917,56.34000015258789
2009-05-18,82.66999816894531,30.239999771118164,3.2109999656677246,59.029998779296875
2009-05-19,81.9800033569336,28.799999237060547,3.243000030517578,59.650001525878906
2009-05-20,80.98999786376953,29.030000686645508,3.2019999027252197,62.040000915527344
2009-05-21,80.55999755859375,31.350000381469727,3.3529999256134033,61.04999923706055
2009-05-22,79.95999908447266,32.630001068115234,3.447999954223633,61.66999816894531
2009-05-23,79.95999908447266,32.630001068115234,3.447999954223633,61.66999816894531
2009-05-24,79.95999908447266,32.630001068115234,3.447999954223633,61.66999816894531
2009-05-25,79.95999908447266,32.630001068115234,3.447999954223633,61.66999816894531
2009-05-26,80.12999725341797,30.6200008392334,3.493000030517578,62.45000076293945
2009-05-27,80.33000183105469,32.36000061035156,3.694999933242798,63.45000076293945
2009-05-28,80.43000030517578,31.670000076293945,3.671999931335449,65.08000183105469
2009-05-29,80.43000030517578,28.920000076293945,3.4649999141693115,66.30999755859375
2009-05-30,80.43000030517578,28.920000076293945,3.4649999141693115,66.30999755859375
2009-05-31,80.43000030517578,28.920000076293945,3.4649999141693115,66.30999755859375
2009-06-01,79.16999816894531,30.040000915527344,3.7149999141693115,68.58000183105469
2009-06-02,78.4000015258789,29.6299991607666,3.6440000534057617,68.55000305175781
2009-06-03,79.5,31.020000457763672,3.5510001182556152,66.12000274658203
2009-06-04,79.41000366210938,30.18000030517578,3.7160000801086426,68.80999755859375
2009-06-05,80.66999816894531,29.6200008392334,3.861999988555908,68.44000244140625
2009-06-06,80.66999816894531,29.6200008392334,3.861999988555908,68.44000244140625
2009-06-07,80.66999816894531,29.6200008392334,3.861999988555908,68.44000244140625
2009-06-08,80.91000366210938,29.770000457763672,3.8889999389648438,68.08999633789062
2009-06-09,79.79000091552734,28.270000457763672,3.8580000400543213,70.01000213623047
2009-06-10,80.33000183105469,28.459999084472656,3.936000108718872,71.33000183105469
2009-06-11,79.41000366210938,28.110000610351562,3.861999988555908,72.68000030517578
2009-06-12,80.13999938964844,28.149999618530273,3.7880001068115234,72.04000091552734
2009-06-13,80.13999938964844,28.149999618530273,3.7880001068115234,72.04000091552734
2009-06-14,80.13999938964844,28.149999618530273,3.7880001068115234,72.04000091552734
2009-06-15,81.13999938964844,30.809999465942383,3.7130000591278076,70.62000274658203
2009-06-16,80.70999908447266,32.68000030517578,3.6740000247955322,70.47000122070312
2009-06-17,80.16999816894531,31.540000915527344,3.6470000743865967,71.02999877929688
2009-06-18,80.61000061035156,30.030000686645508,3.8340001106262207,71.37000274658203
2009-06-19,80.26000213623047,27.989999771118164,3.7890000343322754,69.55000305175781
2009-06-20,80.26000213623047,27.989999771118164,3.7890000343322754,69.55000305175781
2009-06-21,80.26000213623047,27.989999771118164,3.7890000343322754,69.55000305175781
2009-06-22,80.77999877929688,31.170000076293945,3.693000078201294,66.93000030517578
2009-06-23,79.83999633789062,30.579999923706055,3.640000104904175,69.23999786376953
2009-06-24,80.55999755859375,29.049999237060547,3.684999942779541,68.66999816894531
2009-06-25,80.4000015258789,26.360000610351562,3.5460000038146973,70.2300033569336
2009-06-26,79.87999725341797,25.93000030517578,3.50600004196167,69.16000366210938
2009-06-27,79.87999725341797,25.93000030517578,3.50600004196167,69.16000366210938
2009-06-28,79.87999725341797,25.93000030517578,3.50600004196167,69.16000366210938
2009-06-29,79.83999633789062,25.350000381469727,3.492000102996826,71.48999786376953
2009-06-30,80.12999725341797,26.350000381469727,3.5230000019073486,69.88999938964844
2009-07-01,79.62999725341797,26.219999313354492,3.5439999103546143,69.30999755859375
2009-07-02,80.1500015258789,27.950000762939453,3.494999885559082,66.7300033569336
2009-07-03,80.1500015258789,27.950000762939453,3.494999885559082,66.7300033569336
2009-07-04,80.1500015258789,27.950000762939453,3.494999885559082,66.7300033569336
2009-07-05,80.1500015258789,27.950000762939453,3.494999885559082,66.7300033569336
2009-07-06,80.44999694824219,29.0,3.50600004196167,64.05000305175781
2009-07-07,80.62000274658203,30.850000381469727,3.4600000381469727,62.93000030517578
2009-07-08,80.7699966430664,31.299999237060547,3.2890000343322754,60.13999938964844
2009-07-09,79.86000061035156,29.780000686645508,3.4130001068115234,60.40999984741211
2009-07-10,80.2300033569336,29.020000457763672,3.2950000762939453,59.88999938964844
2009-07-11,80.2300033569336,29.020000457763672,3.2950000762939453,59.88999938964844
2009-07-12,80.2300033569336,29.020000457763672,3.2950000762939453,59.88999938964844
2009-07-13,80.12999725341797,26.309999465942383,3.3459999561309814,59.689998626708984
2009-07-14,80.18000030517578,25.020000457763672,3.447000026702881,59.52000045776367
2009-07-15,79.31999969482422,25.889999389648438,3.5959999561309814,61.540000915527344
2009-07-16,79.22000122070312,25.420000076293945,3.556999921798706,62.02000045776367
2009-07-17,79.3499984741211,24.34000015258789,3.6510000228881836,63.560001373291016
2009-07-18,79.3499984741211,24.34000015258789,3.6510000228881836,63.560001373291016
2009-07-19,79.3499984741211,24.34000015258789,3.6510000228881836,63.560001373291016
2009-07-20,78.91000366210938,24.399999618530273,3.5850000381469727,63.97999954223633
2009-07-21,78.93000030517578,23.8700008392334,3.4769999980926514,64.72000122070312
2009-07-22,78.70999908447266,23.469999313354492,3.553999900817871,65.4000015258789
2009-07-23,78.80000305175781,23.43000030517578,3.7090001106262207,67.16000366210938
2009-07-24,78.75,23.09000015258789,3.6700000762939453,68.05000305175781
2009-07-25,78.75,23.09000015258789,3.6700000762939453,68.05000305175781
2009-07-26,78.75,23.09000015258789,3.6700000762939453,68.05000305175781
2009-07-27,78.62999725341797,24.280000686645508,3.7130000591278076,68.37999725341797
2009-07-28,78.8499984741211,25.010000228881836,3.687999963760376,67.2300033569336
2009-07-29,79.62999725341797,25.610000610351562,3.6640000343322754,63.349998474121094
2009-07-30,79.29000091552734,25.399999618530273,3.6410000324249268,66.94000244140625
2009-07-31,78.3499984741211,25.920000076293945,3.500999927520752,69.44999694824219
2009-08-01,78.3499984741211,25.920000076293945,3.500999927520752,69.44999694824219
2009-08-02,78.3499984741211,25.920000076293945,3.500999927520752,69.44999694824219
2009-08-03,77.63999938964844,25.559999465942383,3.6389999389648438,71.58000183105469
2009-08-04,77.7699966430664,24.889999389648438,3.678999900817871,71.41999816894531
2009-08-05,77.5199966430664,24.899999618530273,3.7639999389648438,71.97000122070312
2009-08-06,78.06999969482422,25.670000076293945,3.746000051498413,71.94000244140625
2009-08-07,78.97000122070312,24.760000228881836,3.8540000915527344,70.93000030517578
2009-08-08,78.97000122070312,24.760000228881836,3.8540000915527344,70.93000030517578
2009-08-09,78.97000122070312,24.760000228881836,3.8540000915527344,70.93000030517578
2009-08-10,79.26000213623047,24.989999771118164,3.7709999084472656,70.5999984741211
2009-08-11,79.18000030517578,25.989999771118164,3.693000078201294,69.44999694824219
2009-08-12,78.79000091552734,25.450000762939453,3.7009999752044678,70.16000366210938
2009-08-13,78.48999786376953,24.709999084472656,3.5910000801086426,70.5199966430664
2009-08-14,78.88999938964844,24.270000457763672,3.558000087738037,67.51000213623047
2009-08-15,78.88999938964844,24.270000457763672,3.558000087738037,67.51000213623047
2009-08-16,78.88999938964844,24.270000457763672,3.558000087738037,67.51000213623047
2009-08-17,79.29000091552734,27.889999389648438,3.490999937057495,66.75
2009-08-18,78.94000244140625,26.18000030517578,3.5260000228881836,69.19000244140625
2009-08-19,78.47000122070312,26.260000228881836,3.4630000591278076,72.41999816894531
2009-08-20,78.37999725341797,25.09000015258789,3.434999942779541,72.54000091552734
2009-08-21,78.04000091552734,25.010000228881836,3.555999994277954,73.88999938964844
2009-08-22,78.04000091552734,25.010000228881836,3.555999994277954,73.88999938964844
2009-08-23,78.04000091552734,25.010000228881836,3.555999994277954,73.88999938964844
2009-08-24,78.2699966430664,25.139999389648438,3.49399995803833,74.37000274658203
2009-08-25,78.23999786376953,24.920000076293945,3.450000047683716,72.05000305175781
2009-08-26,78.66000366210938,24.950000762939453,3.437999963760376,71.43000030517578
2009-08-27,78.01000213623047,24.68000030517578,3.4619998931884766,72.48999786376953
2009-08-28,78.37000274658203,24.760000228881836,3.4509999752044678,72.73999786376953
2009-08-29,78.37000274658203,24.760000228881836,3.4509999752044678,72.73999786376953
2009-08-30,78.37000274658203,24.760000228881836,3.4509999752044678,72.73999786376953
2009-08-31,78.16999816894531,26.010000228881836,3.4010000228881836,69.95999908447266
2009-09-01,78.76000213623047,29.149999618530273,3.375,68.05000305175781
2009-09-02,78.37999725341797,28.899999618530273,3.2950000762939453,68.05000305175781
2009-09-03,78.45999908447266,27.100000381469727,3.328000068664551,67.95999908447266
2009-09-04,78.13999938964844,25.260000228881836,3.441999912261963,68.0199966430664
2009-09-05,78.13999938964844,25.260000228881836,3.441999912261963,68.0199966430664
2009-09-06,78.13999938964844,25.260000228881836,3.441999912261963,68.0199966430664
2009-09-07,78.13999938964844,25.260000228881836,3.441999912261963,68.0199966430664
2009-09-08,77.31999969482422,25.6200008392334,3.4690001010894775,71.0999984741211
2009-09-09,77.08999633789062,24.31999969482422,3.4790000915527344,71.30999755859375
2009-09-10,76.81999969482422,23.549999237060547,3.3420000076293945,71.94000244140625
2009-09-11,76.61000061035156,24.149999618530273,3.3429999351501465,69.29000091552734
2009-09-12,76.61000061035156,24.149999618530273,3.3429999351501465,69.29000091552734
2009-09-13,76.61000061035156,24.149999618530273,3.3429999351501465,69.29000091552734
2009-09-14,76.69999694824219,23.860000610351562,3.4059998989105225,68.86000061035156
2009-09-15,76.54000091552734,23.420000076293945,3.4519999027252197,70.93000030517578
2009-09-16,76.23999786376953,23.690000534057617,3.4709999561309814,72.51000213623047
2009-09-17,76.19000244140625,23.649999618530273,3.3980000019073486,72.47000122070312
2009-09-18,76.43000030517578,23.920000076293945,3.4739999771118164,72.04000091552734
2009-09-19,76.43000030517578,23.920000076293945,3.4739999771118164,72.04000091552734
2009-09-20,76.43000030517578,23.920000076293945,3.4739999771118164,72.04000091552734
2009-09-21,76.77999877929688,24.059999465942383,3.486999988555908,69.70999908447266
2009-09-22,76.12000274658203,23.079999923706055,3.4560000896453857,71.55000305175781
2009-09-23,76.05000305175781,23.489999771118164,3.4179999828338623,68.97000122070312
2009-09-24,76.9000015258789,24.950000762939453,3.38100004196167,65.88999938964844
2009-09-25,76.80999755859375,25.610000610351562,3.3289999961853027,66.0199966430664
2009-09-26,76.80999755859375,25.610000610351562,3.3289999961853027,66.0199966430664
2009-09-27,76.80999755859375,25.610000610351562,3.3289999961853027,66.0199966430664
2009-09-28,77.05000305175781,24.8799991607666,3.302000045776367,66.83999633789062
2009-09-29,77.12000274658203,25.190000534057617,3.2920000553131104,66.70999908447266
2009-09-30,76.6500015258789,25.610000610351562,3.306999921798706,70.61000061035156
2009-10-01,77.19000244140625,28.270000457763672,3.194000005722046,70.81999969482422
2009-10-02,77.0,28.68000030517578,3.2209999561309814,69.94999694824219
2009-10-03,77.0,28.68000030517578,3.2209999561309814,69.94999694824219
2009-10-04,77.0,28.68000030517578,3.2209999561309814,69.94999694824219
2009-10-05,76.63999938964844,26.84000015258789,3.2239999771118164,70.41000366210938
2009-10-06,76.33999633789062,25.700000762939453,3.247999906539917,70.87999725341797
2009-10-07,76.48999786376953,24.68000030517578,3.174999952316284,69.56999969482422
2009-10-08,75.97000122070312,24.18000030517578,3.255000114440918,71.69000244140625
2009-10-09,76.43000030517578,23.1200008392334,3.384000062942505,71.7699966430664
2009-10-10,76.43000030517578,23.1200008392334,3.384000062942505,71.7699966430664
2009-10-11,76.43000030517578,23.1200008392334,3.384000062942505,71.7699966430664
2009-10-12,76.12999725341797,23.010000228881836,3.380000114440918,73.2699966430664
2009-10-13,75.9800033569336,22.989999771118164,3.312000036239624,74.1500015258789
2009-10-14,75.55000305175781,22.860000610351562,3.4230000972747803,75.18000030517578
2009-10-15,75.4800033569336,21.719999313354492,3.4700000286102295,77.58000183105469
2009-10-16,75.5999984741211,21.43000030517578,3.4170000553131104,78.52999877929688
2009-10-17,75.5999984741211,21.43000030517578,3.4170000553131104,78.52999877929688
2009-10-18,75.5999984741211,21.43000030517578,3.4170000553131104,78.52999877929688
2009-10-19,75.51000213623047,21.489999771118164,3.3949999809265137,79.61000061035156
2009-10-20,75.56999969482422,20.899999618530273,3.3369998931884766,79.08999633789062
2009-10-21,74.97000122070312,22.219999313354492,3.4110000133514404,81.37000274658203
2009-10-22,75.08999633789062,20.690000534057617,3.4210000038146973,81.19000244140625
2009-10-23,75.47000122070312,22.270000457763672,3.4749999046325684,80.5
2009-10-24,75.47000122070312,22.270000457763672,3.4749999046325684,80.5
2009-10-25,75.47000122070312,22.270000457763672,3.4749999046325684,80.5
2009-10-26,76.05999755859375,24.309999465942383,3.553999900817871,78.68000030517578
2009-10-27,76.13999938964844,24.829999923706055,3.4619998931884766,79.55000305175781
2009-10-28,76.43000030517578,27.90999984741211,3.4110000133514404,77.45999908447266
2009-10-29,75.91999816894531,24.760000228881836,3.500999927520752,79.87000274658203
2009-10-30,76.30000305175781,30.690000534057617,3.3919999599456787,77.0
2009-10-31,76.30000305175781,30.690000534057617,3.3919999599456787,77.0
2009-11-01,76.30000305175781,30.690000534057617,3.3919999599456787,77.0
2009-11-02,76.29000091552734,29.780000686645508,3.421999931335449,78.12999725341797
2009-11-03,76.38999938964844,28.809999465942383,3.4730000495910645,79.5999984741211
2009-11-04,75.63999938964844,27.719999313354492,3.5460000038146973,80.4000015258789
2009-11-05,75.73999786376953,25.43000030517578,3.5329999923706055,79.62000274658203
2009-11-06,75.81999969482422,24.190000534057617,3.503000020980835,77.43000030517578
2009-11-07,75.81999969482422,24.190000534057617,3.503000020980835,77.43000030517578
2009-11-08,75.81999969482422,24.190000534057617,3.503000020980835,77.43000030517578
2009-11-09,75.02999877929688,23.149999618530273,3.4860000610351562,79.43000030517578
2009-11-10,75.0199966430664,22.84000015258789,3.4820001125335693,79.05000305175781
2009-11-11,75.16000366210938,23.040000915527344,3.4739999771118164,79.27999877929688
2009-11-12,75.5999984741211,24.239999771118164,3.446000099182129,76.94000244140625
2009-11-13,75.33000183105469,23.360000610351562,3.428999900817871,76.3499984741211
2009-11-14,75.33000183105469,23.360000610351562,3.428999900817871,76.3499984741211
2009-11-15,75.33000183105469,23.360000610351562,3.428999900817871,76.3499984741211
2009-11-16,74.91000366210938,22.889999389648438,3.3310000896453857,78.9000015258789
2009-11-17,75.37000274658203,22.40999984741211,3.319000005722046,79.13999938964844
2009-11-18,75.18000030517578,21.6299991607666,3.365999937057495,79.58000183105469
2009-11-19,75.29000091552734,22.6299991607666,3.3489999771118164,77.45999908447266
2009-11-20,75.66000366210938,22.190000534057617,3.3559999465942383,76.72000122070312
2009-11-21,75.66000366210938,22.190000534057617,3.3559999465942383,76.72000122070312
2009-11-22,75.66000366210938,22.190000534057617,3.3559999465942383,76.72000122070312
2009-11-23,75.08999633789062,21.15999984741211,3.364000082015991,77.55999755859375
2009-11-24,75.06999969482422,20.469999313354492,3.316999912261963,76.0199966430664
2009-11-25,74.2699966430664,20.479999542236328,3.2790000438690186,77.95999908447266
2009-11-26,74.2699966430664,20.479999542236328,3.2790000438690186,77.95999908447266
2009-11-27,75.0,24.739999771118164,3.2309999465942383,76.05000305175781
2009-11-28,75.0,24.739999771118164,3.2309999465942383,76.05000305175781
2009-11-29,75.0,24.739999771118164,3.2309999465942383,76.05000305175781
2009-11-30,74.87999725341797,24.510000228881836,3.2009999752044678,77.27999877929688
2009-12-01,74.36000061035156,21.920000076293945,3.2750000953674316,78.37000274658203
2009-12-02,74.66999816894531,21.1200008392334,3.322999954223633,76.5999984741211
2009-12-03,74.62999725341797,22.459999084472656,3.380000114440918,76.45999908447266
2009-12-04,75.91000366210938,21.25,3.4830000400543213,75.47000122070312
2009-12-05,75.91000366210938,21.25,3.4830000400543213,75.47000122070312
2009-12-06,75.91000366210938,21.25,3.4830000400543213,75.47000122070312
2009-12-07,75.7699966430664,22.100000381469727,3.447999954223633,73.93000030517578
2009-12-08,76.30999755859375,23.690000534057617,3.3919999599456787,72.62000274658203
2009-12-09,76.04000091552734,22.65999984741211,3.4230000972747803,70.66999816894531
2009-12-10,76.04000091552734,22.31999969482422,3.4820001125335693,70.54000091552734
2009-12-11,76.56999969482422,21.59000015258789,3.5399999618530273,69.87000274658203
2009-12-12,76.56999969482422,21.59000015258789,3.5399999618530273,69.87000274658203
2009-12-13,76.56999969482422,21.59000015258789,3.5399999618530273,69.87000274658203
2009-12-14,76.3499984741211,21.149999618530273,3.5460000038146973,69.51000213623047
2009-12-15,76.95999908447266,21.489999771118164,3.6029999256134033,70.69000244140625
2009-12-16,77.0,20.540000915527344,3.5959999561309814,72.66000366210938
2009-12-17,77.69000244140625,22.510000228881836,3.486999988555908,72.6500015258789
2009-12-18,77.81999969482422,21.68000030517578,3.5460000038146973,73.36000061035156
2009-12-19,77.81999969482422,21.68000030517578,3.5460000038146973,73.36000061035156
2009-12-20,77.81999969482422,21.68000030517578,3.5460000038146973,73.36000061035156
2009-12-21,78.04000091552734,20.489999771118164,3.681999921798706,72.47000122070312
2009-12-22,78.25,19.540000915527344,3.74399995803833,74.4000015258789
2009-12-23,77.9000015258789,19.709999084472656,3.747999906539917,76.66999816894531
2009-12-24,77.83999633789062,19.469999313354492,3.806999921798706,78.05000305175781
2009-12-25,77.83999633789062,19.469999313354492,3.806999921798706,78.05000305175781
2009-12-26,77.83999633789062,19.469999313354492,3.806999921798706,78.05000305175781
2009-12-27,77.83999633789062,19.469999313354492,3.806999921798706,78.05000305175781
2009-12-28,77.62999725341797,19.93000030517578,3.8420000076293945,78.7699966430664
2009-12-29,77.83000183105469,20.010000228881836,3.809000015258789,78.87000274658203
2009-12-30,77.91000366210938,19.959999084472656,3.7839999198913574,79.27999877929688
2009-12-31,77.86000061035156,21.68000030517578,3.8429999351501465,79.36000061035156
2010-01-01,77.86000061035156,21.68000030517578,3.8429999351501465,79.36000061035156
2010-01-02,77.86000061035156,21.68000030517578,3.8429999351501465,79.36000061035156
2010-01-03,77.86000061035156,21.68000030517578,3.8429999351501465,79.36000061035156
2010-01-04,77.52999877929688,20.040000915527344,3.8410000801086426,81.51000213623047
2010-01-05,77.62000274658203,19.350000381469727,3.755000114440918,81.7699966430664
2010-01-06,77.48999786376953,19.15999984741211,3.808000087738037,83.18000030517578
2010-01-07,77.91000366210938,19.059999465942383,3.822000026702881,82.66000366210938
2010-01-08,77.47000122070312,18.1299991607666,3.808000087738037,82.75
2010-01-09,77.47000122070312,18.1299991607666,3.808000087738037,82.75
2010-01-10,77.47000122070312,18.1299991607666,3.808000087738037,82.75
2010-01-11,77.0,17.549999237060547,3.818000078201294,82.5199966430664
2010-01-12,76.94999694824219,18.25,3.7190001010894775,80.79000091552734
2010-01-13,76.8499984741211,17.850000381469727,3.7829999923706055,79.6500015258789
2010-01-14,76.7300033569336,17.6299991607666,3.7339999675750732,79.38999938964844
2010-01-15,77.31999969482422,17.90999984741211,3.6760001182556152,78.0
2010-01-16,77.31999969482422,17.90999984741211,3.6760001182556152,78.0
2010-01-17,77.31999969482422,17.90999984741211,3.6760001182556152,78.0
2010-01-18,77.31999969482422,17.90999984741211,3.6760001182556152,78.0
2010-01-19,77.5,17.579999923706055,3.7070000171661377,79.0199966430664
2010-01-20,78.33999633789062,18.68000030517578,3.6589999198913574,77.62000274658203
2010-01-21,78.31999969482422,22.270000457763672,3.6110000610351562,76.08000183105469
2010-01-22,78.27999877929688,27.309999465942383,3.5980000495910645,74.54000091552734
2010-01-23,78.27999877929688,27.309999465942383,3.5980000495910645,74.54000091552734
2010-01-24,78.27999877929688,27.309999465942383,3.5980000495910645,74.54000091552734
2010-01-25,78.19000244140625,25.40999984741211,3.630000114440918,75.26000213623047
2010-01-26,78.43000030517578,24.549999237060547,3.630000114440918,74.70999908447266
2010-01-27,78.68000030517578,23.139999389648438,3.6440000534057617,73.66999816894531
2010-01-28,78.9000015258789,23.729999542236328,3.6579999923706055,73.63999938964844
2010-01-29,79.45999908447266,24.6200008392334,3.6089999675750732,72.88999938964844
2010-01-30,79.45999908447266,24.6200008392334,3.6089999675750732,72.88999938964844
2010-01-31,79.45999908447266,24.6200008392334,3.6089999675750732,72.88999938964844
2010-02-01,79.23999786376953,22.59000015258789,3.6540000438690186,74.43000030517578
2010-02-02,79.01000213623047,21.479999542236328,3.634999990463257,77.2300033569336
2010-02-03,79.37000274658203,21.600000381469727,3.703000068664551,76.9800033569336
2010-02-04,79.91999816894531,26.079999923706055,3.609999895095825,73.13999938964844
2010-02-05,80.44000244140625,26.110000610351562,3.5460000038146973,71.19000244140625
2010-02-06,80.44000244140625,26.110000610351562,3.5460000038146973,71.19000244140625
2010-02-07,80.44000244140625,26.110000610351562,3.5460000038146973,71.19000244140625
2010-02-08,80.30000305175781,26.510000228881836,3.5920000076293945,71.88999938964844
2010-02-09,79.86000061035156,26.0,3.632999897003174,73.75
2010-02-10,80.02999877929688,25.399999618530273,3.694000005722046,74.5199966430664
2010-02-11,79.98999786376953,23.959999084472656,3.7330000400543213,75.27999877929688
2010-02-12,80.31999969482422,22.729999542236328,3.693000078201294,74.12999725341797
2010-02-13,80.31999969482422,22.729999542236328,3.693000078201294,74.12999725341797
2010-02-14,80.31999969482422,22.729999542236328,3.693000078201294,74.12999725341797
2010-02-15,80.31999969482422,22.729999542236328,3.693000078201294,74.12999725341797
2010-02-16,79.69999694824219,22.25,3.6640000343322754,77.01000213623047
2010-02-17,80.37999725341797,21.719999313354492,3.742000102996826,77.33000183105469
2010-02-18,80.4000015258789,20.6299991607666,3.802999973297119,79.05999755859375
2010-02-19,80.63999938964844,20.020000457763672,3.7820000648498535,79.80999755859375
2010-02-20,80.63999938964844,20.020000457763672,3.7820000648498535,79.80999755859375
2010-02-21,80.63999938964844,20.020000457763672,3.7820000648498535,79.80999755859375
2010-02-22,80.51000213623047,19.940000534057617,3.7990000247955322,80.16000366210938
2010-02-23,80.8499984741211,21.3700008392334,3.690999984741211,78.86000061035156
2010-02-24,80.8499984741211,20.270000457763672,3.694999933242798,80.0
2010-02-25,80.79000091552734,20.100000381469727,3.6419999599456787,78.16999816894531
2010-02-26,80.36000061035156,19.5,3.5950000286102295,79.66000366210938
2010-02-27,80.36000061035156,19.5,3.5950000286102295,79.66000366210938
2010-02-28,80.36000061035156,19.5,3.5950000286102295,79.66000366210938
2010-03-01,80.66000366210938,19.260000228881836,3.6059999465942383,78.69999694824219
2010-03-02,80.5199966430664,19.059999465942383,3.614000082015991,79.68000030517578
2010-03-03,79.9800033569336,18.829999923706055,3.625,80.87000274658203
2010-03-04,80.55999755859375,18.719999313354492,3.6059999465942383,80.20999908447266
2010-03-05,80.43000030517578,17.420000076293945,3.681999921798706,81.5
2010-03-06,80.43000030517578,17.420000076293945,3.681999921798706,81.5
2010-03-07,80.43000030517578,17.420000076293945,3.681999921798706,81.5
2010-03-08,80.43000030517578,17.790000915527344,3.7079999446868896,81.87000274658203
2010-03-09,80.58999633789062,17.920000076293945,3.7009999752044678,81.48999786376953
2010-03-10,80.44999694824219,18.56999969482422,3.7200000286102295,82.08999633789062
2010-03-11,80.31999969482422,18.059999465942383,3.7200000286102295,82.11000061035156
2010-03-12,79.83000183105469,17.579999923706055,3.7100000381469727,81.23999786376953
2010-03-13,79.83000183105469,17.579999923706055,3.7100000381469727,81.23999786376953
2010-03-14,79.83000183105469,17.579999923706055,3.7100000381469727,81.23999786376953
2010-03-15,80.25,18.0,3.7039999961853027,79.80000305175781
2010-03-16,79.75,17.690000534057617,3.6530001163482666,81.69999694824219
2010-03-17,79.63999938964844,16.90999984741211,3.6419999599456787,82.93000030517578
2010-03-18,80.22000122070312,16.6200008392334,3.671999931335449,82.19999694824219
2010-03-19,80.72000122070312,16.969999313354492,3.687000036239624,80.68000030517578
2010-03-20,80.72000122070312,16.969999313354492,3.687000036239624,80.68000030517578
2010-03-21,80.72000122070312,16.969999313354492,3.687000036239624,80.68000030517578
2010-03-22,80.6500015258789,16.8700008392334,3.6630001068115234,81.25
2010-03-23,80.9000015258789,16.350000381469727,3.680000066757202,81.91000366210938
2010-03-24,81.83999633789062,17.549999237060547,3.8289999961853027,80.61000061035156
2010-03-25,82.12000274658203,18.399999618530273,3.9010000228881836,80.52999877929688
2010-03-26,81.68000030517578,17.770000457763672,3.8550000190734863,80.0
2010-03-27,81.68000030517578,17.770000457763672,3.8550000190734863,80.0
2010-03-28,81.68000030517578,17.770000457763672,3.8550000190734863,80.0
2010-03-29,81.36000061035156,17.59000015258789,3.864000082015991,82.16999816894531
2010-03-30,81.47000122070312,17.1299991607666,3.868000030517578,82.37000274658203
2010-03-31,81.06999969482422,17.59000015258789,3.8329999446868896,83.76000213623047
2010-04-01,80.77999877929688,17.469999313354492,3.8589999675750732,84.87000274658203
2010-04-02,80.77999877929688,17.469999313354492,3.8589999675750732,84.87000274658203
2010-04-03,80.77999877929688,17.469999313354492,3.8589999675750732,84.87000274658203
2010-04-04,80.77999877929688,17.469999313354492,3.8589999675750732,84.87000274658203
2010-04-05,81.08999633789062,17.020000457763672,3.99399995803833,86.62000274658203
2010-04-06,81.38999938964844,16.229999542236328,3.9679999351501465,86.83999633789062
2010-04-07,81.44000244140625,16.6200008392334,3.86299991607666,85.87999725341797
2010-04-08,81.52999877929688,16.479999542236328,3.8959999084472656,85.38999938964844
2010-04-09,81.08999633789062,16.139999389648438,3.888000011444092,84.91999816894531
2010-04-10,81.08999633789062,16.139999389648438,3.888000011444092,84.91999816894531
2010-04-11,81.08999633789062,16.139999389648438,3.888000011444092,84.91999816894531
2010-04-12,80.55999755859375,15.579999923706055,3.8459999561309814,84.33999633789062
2010-04-13,80.51000213623047,16.200000762939453,3.811000108718872,84.05000305175781
2010-04-14,80.19000244140625,15.59000015258789,3.8550000190734863,85.83999633789062
2010-04-15,80.4800033569336,15.890000343322754,3.8480000495910645,85.51000213623047
2010-04-16,80.81999969482422,18.360000610351562,3.7699999809265137,83.23999786376953
2010-04-17,80.81999969482422,18.360000610351562,3.7699999809265137,83.23999786376953
2010-04-18,80.81999969482422,18.360000610351562,3.7699999809265137,83.23999786376953
2010-04-19,81.0,17.34000015258789,3.806999921798706,81.44999694824219
2010-04-20,81.05000305175781,15.729999542236328,3.805000066757202,83.44999694824219
2010-04-21,81.16000366210938,16.31999969482422,3.73799991607666,83.68000030517578
2010-04-22,81.56999969482422,16.469999313354492,3.7720000743865967,83.69999694824219
2010-04-23,81.3499984741211,16.6200008392334,3.816999912261963,85.12000274658203
2010-04-24,81.3499984741211,16.6200008392334,3.816999912261963,85.12000274658203
2010-04-25,81.3499984741211,16.6200008392334,3.816999912261963,85.12000274658203
2010-04-26,81.4800033569336,17.469999313354492,3.815000057220459,84.19999694824219
2010-04-27,82.1500015258789,22.809999465942383,3.690000057220459,82.44000244140625
2010-04-28,82.37999725341797,21.079999923706055,3.7730000019073486,83.22000122070312
2010-04-29,82.0,18.440000534057617,3.7279999256134033,85.16999816894531
2010-04-30,81.87000274658203,22.049999237060547,3.6630001068115234,86.1500015258789
2010-05-01,81.87000274658203,22.049999237060547,3.6630001068115234,86.1500015258789
2010-05-02,81.87000274658203,22.049999237060547,3.6630001068115234,86.1500015258789
2010-05-03,82.2699966430664,20.190000534057617,3.7049999237060547,86.19000244140625
2010-05-04,83.30000305175781,23.84000015258789,3.61299991607666,82.73999786376953
2010-05-05,84.08000183105469,24.90999984741211,3.549999952316284,79.97000122070312
2010-05-06,84.88999938964844,32.79999923706055,3.3980000019073486,77.11000061035156
2010-05-07,84.44999694824219,40.95000076293945,3.428999900817871,75.11000061035156
2010-05-08,84.44999694824219,40.95000076293945,3.428999900817871,75.11000061035156
2010-05-09,84.44999694824219,40.95000076293945,3.428999900817871,75.11000061035156
2010-05-10,84.16000366210938,28.84000015258789,3.5390000343322754,76.80000305175781
2010-05-11,84.47000122070312,28.31999969482422,3.5350000858306885,76.37000274658203
2010-05-12,84.83000183105469,25.520000457763672,3.566999912261963,75.6500015258789
2010-05-13,85.20999908447266,26.68000030517578,3.563999891281128,74.4000015258789
2010-05-14,86.0999984741211,31.239999771118164,3.441999912261963,71.61000061035156
2010-05-15,86.0999984741211,31.239999771118164,3.441999912261963,71.61000061035156
2010-05-16,86.0999984741211,31.239999771118164,3.441999912261963,71.61000061035156
2010-05-17,86.20999908447266,30.84000015258789,3.4719998836517334,70.08000183105469
2010-05-18,87.16000366210938,33.54999923706055,3.375999927520752,69.41000366210938
2010-05-19,86.38999938964844,35.31999969482422,3.3589999675750732,69.87000274658203
2010-05-20,85.56999969482422,45.790000915527344,3.2639999389648438,68.01000213623047
2010-05-21,85.37000274658203,40.099998474121094,3.200000047683716,70.04000091552734
2010-05-22,85.37000274658203,40.099998474121094,3.200000047683716,70.04000091552734
2010-05-23,85.37000274658203,40.099998474121094,3.200000047683716,70.04000091552734
2010-05-24,86.20999908447266,38.31999969482422,3.2269999980926514,70.20999908447266
2010-05-25,86.77999877929688,34.61000061035156,3.1579999923706055,68.75
2010-05-26,87.12000274658203,35.02000045776367,3.2179999351501465,71.51000213623047
2010-05-27,86.18000030517578,29.68000030517578,3.3380000591278076,74.55000305175781
2010-05-28,86.4800033569336,32.06999969482422,3.3010001182556152,73.97000122070312
2010-05-29,86.4800033569336,32.06999969482422,3.3010001182556152,73.97000122070312
2010-05-30,86.4800033569336,32.06999969482422,3.3010001182556152,73.97000122070312
2010-05-31,86.4800033569336,32.06999969482422,3.3010001182556152,73.97000122070312
2010-06-01,86.63999938964844,35.540000915527344,3.2960000038146973,72.58000183105469
2010-06-02,86.79000091552734,30.170000076293945,3.3340001106262207,72.86000061035156
2010-06-03,87.13999938964844,29.459999084472656,3.378999948501587,74.61000061035156
2010-06-04,88.2300033569336,35.47999954223633,3.194999933242798,71.51000213623047
2010-06-05,88.2300033569336,35.47999954223633,3.194999933242798,71.51000213623047
2010-06-06,88.2300033569336,35.47999954223633,3.194999933242798,71.51000213623047
2010-06-07,88.4000015258789,36.56999969482422,3.184000015258789,71.44000244140625
2010-06-08,88.38999938964844,33.70000076293945,3.1679999828338623,71.98999786376953
2010-06-09,87.9000015258789,33.72999954223633,3.187000036239624,74.37999725341797
2010-06-10,87.16999816894531,30.56999969482422,3.319000005722046,75.4800033569336
2010-06-11,87.51000213623047,28.790000915527344,3.2160000801086426,73.77999877929688
2010-06-12,87.51000213623047,28.790000915527344,3.2160000801086426,73.77999877929688
2010-06-13,87.51000213623047,28.790000915527344,3.2160000801086426,73.77999877929688
2010-06-14,86.51000213623047,28.579999923706055,3.2750000953674316,75.12000274658203
2010-06-15,85.9800033569336,25.8700008392334,3.309999942779541,76.94000244140625
2010-06-16,86.08000183105469,25.920000076293945,3.2820000648498535,77.66999816894531
2010-06-17,85.69000244140625,25.049999237060547,3.190000057220459,76.79000091552734
2010-06-18,85.69999694824219,23.950000762939453,3.2230000495910645,77.18000030517578
2010-06-19,85.69999694824219,23.950000762939453,3.2230000495910645,77.18000030517578
2010-06-20,85.69999694824219,23.950000762939453,3.2230000495910645,77.18000030517578
2010-06-21,85.93000030517578,24.8799991607666,3.243000030517578,77.81999969482422
2010-06-22,86.11000061035156,27.049999237060547,3.1659998893737793,77.20999908447266
2010-06-23,85.73999786376953,26.90999984741211,3.115000009536743,76.3499984741211
2010-06-24,85.7300033569336,29.739999771118164,3.122999906539917,76.51000213623047
2010-06-25,85.30999755859375,28.530000686645508,3.11299991607666,78.86000061035156
2010-06-26,85.30999755859375,28.530000686645508,3.11299991607666,78.86000061035156
2010-06-27,85.30999755859375,28.530000686645508,3.11299991607666,78.86000061035156
2010-06-28,85.6500015258789,29.0,3.0320000648498535,78.25
2010-06-29,86.02999877929688,34.130001068115234,2.9670000076293945,75.94000244140625
2010-06-30,86.0199966430664,34.540000915527344,2.9509999752044678,75.62999725341797
2010-07-01,84.72000122070312,32.86000061035156,2.927000045776367,72.94999694824219
2010-07-02,84.43000030517578,30.1200008392334,2.9790000915527344,72.13999938964844
2010-07-03,84.43000030517578,30.1200008392334,2.9790000915527344,72.13999938964844
2010-07-04,84.43000030517578,30.1200008392334,2.9790000915527344,72.13999938964844
2010-07-05,84.43000030517578,30.1200008392334,2.9790000915527344,72.13999938964844
2010-07-06,84.08000183105469,29.649999618530273,2.931999921798706,71.9800033569336
2010-07-07,83.81999969482422,26.84000015258789,2.9800000190734863,74.06999969482422
2010-07-08,83.81999969482422,25.709999084472656,3.0199999809265137,75.44000244140625
2010-07-09,83.94999694824219,24.979999542236328,3.055999994277954,76.08999633789062
2010-07-10,83.94999694824219,24.979999542236328,3.055999994277954,76.08999633789062
2010-07-11,83.94999694824219,24.979999542236328,3.055999994277954,76.08999633789062
2010-07-12,84.19999694824219,24.43000030517578,3.0460000038146973,74.94999694824219
2010-07-13,83.63999938964844,24.559999465942383,3.114000082015991,77.1500015258789
2010-07-14,83.43000030517578,24.889999389648438,3.049999952316284,77.04000091552734
2010-07-15,82.55999755859375,25.139999389648438,2.9779999256134033,76.62000274658203
2010-07-16,82.48999786376953,26.25,2.938999891281128,76.01000213623047
2010-07-17,82.48999786376953,26.25,2.938999891281128,76.01000213623047
2010-07-18,82.48999786376953,26.25,2.938999891281128,76.01000213623047
2010-07-19,82.51000213623047,25.969999313354492,2.9639999866485596,76.54000091552734
2010-07-20,82.75,23.93000030517578,2.931999921798706,77.44000244140625
2010-07-21,83.38999938964844,25.639999389648438,2.8919999599456787,76.55999755859375
2010-07-22,82.5999984741211,24.6299991607666,2.931999921798706,79.30000305175781
2010-07-23,82.45999908447266,23.469999313354492,2.99399995803833,78.9800033569336
2010-07-24,82.45999908447266,23.469999313354492,2.99399995803833,78.9800033569336
2010-07-25,82.45999908447266,23.469999313354492,2.99399995803833,78.9800033569336
2010-07-26,82.08999633789062,22.729999542236328,2.99399995803833,78.9800033569336
2010-07-27,82.18000030517578,23.190000534057617,3.046999931335449,77.5
2010-07-28,82.18000030517578,24.25,3.000999927520752,76.98999786376953
2010-07-29,81.63999938964844,24.1299991607666,2.999000072479248,78.36000061035156
2010-07-30,81.54000091552734,23.5,2.9070000648498535,78.94999694824219
2010-07-31,81.54000091552734,23.5,2.9070000648498535,78.94999694824219
2010-08-01,81.54000091552734,23.5,2.9070000648498535,78.94999694824219
2010-08-02,80.94000244140625,22.010000228881836,2.9630000591278076,81.33999633789062
2010-08-03,80.5999984741211,22.6299991607666,2.9140000343322754,82.55000305175781
2010-08-04,80.88999938964844,22.209999084472656,2.9519999027252197,82.47000122070312
2010-08-05,80.81999969482422,22.100000381469727,2.9149999618530273,82.01000213623047
2010-08-06,80.41000366210938,21.739999771118164,2.8239998817443848,80.69999694824219
2010-08-07,80.41000366210938,21.739999771118164,2.8239998817443848,80.69999694824219
2010-08-08,80.41000366210938,21.739999771118164,2.8239998817443848,80.69999694824219
2010-08-09,80.70999908447266,22.139999389648438,2.822000026702881,81.4800033569336
2010-08-10,80.80000305175781,22.3700008392334,2.7809998989105225,80.25
2010-08-11,82.29000091552734,25.389999389648438,2.684999942779541,78.0199966430664
2010-08-12,82.63999938964844,25.729999542236328,2.734999895095825,75.73999786376953
2010-08-13,82.94999694824219,26.239999771118164,2.687999963760376,75.38999938964844
2010-08-14,82.94999694824219,26.239999771118164,2.687999963760376,75.38999938964844
2010-08-15,82.94999694824219,26.239999771118164,2.687999963760376,75.38999938964844
2010-08-16,82.52999877929688,26.100000381469727,2.575000047683716,75.23999786376953
2010-08-17,82.2300033569336,24.329999923706055,2.6449999809265137,75.7699966430664
2010-08-18,82.22000122070312,24.59000015258789,2.6410000324249268,75.41999816894531
2010-08-19,82.44999694824219,26.440000534057617,2.5789999961853027,74.43000030517578
2010-08-20,83.05999755859375,25.489999771118164,2.611999988555908,73.45999908447266
2010-08-21,83.05999755859375,25.489999771118164,2.611999988555908,73.45999908447266
2010-08-22,83.05999755859375,25.489999771118164,2.611999988555908,73.45999908447266
2010-08-23,83.12000274658203,25.65999984741211,2.6070001125335693,73.0999984741211
2010-08-24,83.1500015258789,27.459999084472656,2.499000072479248,71.62999725341797
2010-08-25,83.26000213623047,26.700000762939453,2.5380001068115234,72.5199966430664
2010-08-26,82.93000030517578,27.3700008392334,2.499000072479248,73.36000061035156
2010-08-27,82.91999816894531,24.450000762939453,2.6519999504089355,75.16999816894531
2010-08-28,82.91999816894531,24.450000762939453,2.6519999504089355,75.16999816894531
2010-08-29,82.91999816894531,24.450000762939453,2.6519999504089355,75.16999816894531
2010-08-30,83.16000366210938,27.209999084472656,2.5450000762939453,74.69999694824219
2010-08-31,83.19999694824219,26.049999237060547,2.4769999980926514,71.91999816894531
2010-09-01,82.5199966430664,23.889999389648438,2.5820000171661377,73.91000366210938
2010-09-02,82.45999908447266,23.190000534057617,2.628000020980835,75.0199966430664
2010-09-03,83.0999984741211,21.309999465942383,2.7060000896453857,74.5999984741211
2010-09-04,83.0999984741211,21.309999465942383,2.7060000896453857,74.5999984741211
2010-09-05,83.0999984741211,21.309999465942383,2.7060000896453857,74.5999984741211
2010-09-06,83.0999984741211,21.309999465942383,2.7060000896453857,74.5999984741211
2010-09-07,82.81999969482422,23.799999237060547,2.6089999675750732,74.08999633789062
2010-09-08,82.58999633789062,23.25,2.6540000438690186,74.66999816894531
2010-09-09,82.66999816894531,22.809999465942383,2.760999917984009,74.25
2010-09-10,82.69999694824219,21.989999771118164,2.7950000762939453,76.44999694824219
2010-09-11,82.69999694824219,21.989999771118164,2.7950000762939453,76.44999694824219
2010-09-12,82.69999694824219,21.989999771118164,2.7950000762939453,76.44999694824219
2010-09-13,81.91000366210938,21.209999084472656,2.740999937057495,77.19000244140625
2010-09-14,81.08000183105469,21.559999465942383,2.6659998893737793,76.80000305175781
2010-09-15,81.48999786376953,22.100000381469727,2.7230000495910645,76.0199966430664
2010-09-16,81.23999786376953,21.719999313354492,2.759000062942505,74.56999969482422
2010-09-17,81.4000015258789,22.010000228881836,2.746000051498413,73.66000366210938
2010-09-18,81.4000015258789,22.010000228881836,2.746000051498413,73.66000366210938
2010-09-19,81.4000015258789,22.010000228881836,2.746000051498413,73.66000366210938
2010-09-20,81.33999633789062,21.5,2.7060000896453857,74.86000061035156
2010-09-21,80.44000244140625,22.350000381469727,2.5940001010894775,73.5199966430664
2010-09-22,79.83000183105469,22.510000228881836,2.5480000972747803,74.70999908447266
2010-09-23,80.01000213623047,23.8700008392334,2.555000066757202,75.18000030517578
2010-09-24,79.38999938964844,21.709999084472656,2.611999988555908,76.48999786376953
2010-09-25,79.38999938964844,21.709999084472656,2.611999988555908,76.48999786376953
2010-09-26,79.38999938964844,21.709999084472656,2.611999988555908,76.48999786376953
2010-09-27,79.33999633789062,22.540000915527344,2.5169999599456787,76.5199966430664
2010-09-28,79.01000213623047,22.600000381469727,2.4560000896453857,76.18000030517578
2010-09-29,78.69000244140625,23.25,2.50600004196167,77.86000061035156
2010-09-30,78.72000122070312,23.700000762939453,2.5169999599456787,79.97000122070312
2010-10-01,78.08999633789062,22.5,2.5260000228881836,81.58000183105469
2010-10-02,78.08999633789062,22.5,2.5260000228881836,81.58000183105469
2010-10-03,78.08999633789062,22.5,2.5260000228881836,81.58000183105469
2010-10-04,78.44999694824219,23.530000686645508,2.4790000915527344,81.47000122070312
2010-10-05,77.75,21.760000228881836,2.4739999771118164,82.81999969482422
2010-10-06,77.38999938964844,21.489999771118164,2.3989999294281006,83.2300033569336
2010-10-07,77.38999938964844,21.559999465942383,2.3959999084472656,81.66999816894531
2010-10-08,77.31999969482422,20.709999084472656,2.38100004196167,82.66000366210938
2010-10-09,77.31999969482422,20.709999084472656,2.38100004196167,82.66000366210938
2010-10-10,77.31999969482422,20.709999084472656,2.38100004196167,82.66000366210938
2010-10-11,77.44000244140625,18.959999084472656,2.38100004196167,82.20999908447266
2010-10-12,77.36000061035156,18.93000030517578,2.421999931335449,81.66999816894531
2010-10-13,77.06999969482422,19.06999969482422,2.430999994277954,83.01000213623047
2010-10-14,76.6500015258789,19.8799991607666,2.494999885559082,82.69000244140625
2010-10-15,77.04000091552734,19.030000686645508,2.5759999752044678,81.25
2010-10-16,77.04000091552734,19.030000686645508,2.5759999752044678,81.25
2010-10-17,77.04000091552734,19.030000686645508,2.5759999752044678,81.25
2010-10-18,76.93000030517578,19.09000015258789,2.490999937057495,83.08000183105469
2010-10-19,78.18000030517578,20.6299991607666,2.4749999046325684,79.48999786376953
2010-10-20,77.16999816894531,19.790000915527344,2.4700000286102295,81.7699966430664
2010-10-21,77.41999816894531,19.270000457763672,2.5309998989105225,80.55999755859375
2010-10-22,77.47000122070312,18.780000686645508,2.562999963760376,81.69000244140625
2010-10-23,77.47000122070312,18.780000686645508,2.562999963760376,81.69000244140625
2010-10-24,77.47000122070312,18.780000686645508,2.562999963760376,81.69000244140625
2010-10-25,77.0999984741211,19.850000381469727,2.553999900817871,82.5199966430664
2010-10-26,77.70999908447266,20.219999313354492,2.635999917984009,82.55000305175781
2010-10-27,78.1500015258789,20.709999084472656,2.7119998931884766,81.94000244140625
2010-10-28,77.30999755859375,20.8799991607666,2.6610000133514404,82.18000030517578
2010-10-29,77.2699966430664,21.200000762939453,2.611999988555908,81.43000030517578
2010-10-30,77.2699966430664,21.200000762939453,2.611999988555908,81.43000030517578
2010-10-31,77.2699966430664,21.200000762939453,2.611999988555908,81.43000030517578
2010-11-01,77.30000305175781,21.829999923706055,2.628000020980835,82.94999694824219
2010-11-02,76.72000122070312,21.56999969482422,2.5940001010894775,83.9000015258789
2010-11-03,76.4800033569336,19.559999465942383,2.61899995803833,84.69000244140625
2010-11-04,75.87999725341797,18.520000457763672,2.4839999675750732,86.48999786376953
2010-11-05,76.55000305175781,18.260000228881836,2.5360000133514404,86.8499984741211
2010-11-06,76.55000305175781,18.260000228881836,2.5360000133514404,86.8499984741211
2010-11-07,76.55000305175781,18.260000228881836,2.5360000133514404,86.8499984741211
2010-11-08,77.02999877929688,18.290000915527344,2.562999963760376,87.05999755859375
2010-11-09,77.44000244140625,19.079999923706055,2.6589999198913574,86.72000122070312
2010-11-10,77.62999725341797,18.469999313354492,2.6480000019073486,87.80999755859375
2010-11-11,78.22000122070312,18.639999389648438,2.6480000019073486,87.80999755859375
2010-11-12,78.08000183105469,20.610000610351562,2.75600004196167,84.87999725341797
2010-11-13,78.08000183105469,20.610000610351562,2.75600004196167,84.87999725341797
2010-11-14,78.08000183105469,20.610000610351562,2.75600004196167,84.87999725341797
2010-11-15,78.5199966430664,20.200000762939453,2.9110000133514404,84.86000061035156
2010-11-16,79.20999908447266,22.579999923706055,2.8469998836517334,82.33999633789062
2010-11-17,79.08000183105469,21.760000228881836,2.864000082015991,80.44000244140625
2010-11-18,78.62000274658203,18.75,2.9019999504089355,81.8499984741211
2010-11-19,78.5,18.040000915527344,2.875,81.51000213623047
2010-11-20,78.5,18.040000915527344,2.875,81.51000213623047
2010-11-21,78.5,18.040000915527344,2.875,81.51000213623047
2010-11-22,78.68000030517578,18.3700008392334,2.812999963760376,81.73999786376953
2010-11-23,79.68000030517578,20.6299991607666,2.76200008392334,81.25
2010-11-24,79.87000274658203,19.559999465942383,2.9140000343322754,83.86000061035156
2010-11-25,79.87000274658203,19.559999465942383,2.9140000343322754,83.86000061035156
2010-11-26,80.36000061035156,22.219999313354492,2.864000082015991,83.76000213623047
2010-11-27,80.36000061035156,22.219999313354492,2.864000082015991,83.76000213623047
2010-11-28,80.36000061035156,22.219999313354492,2.864000082015991,83.76000213623047
2010-11-29,80.83999633789062,21.530000686645508,2.822000026702881,85.7300033569336
2010-11-30,81.19999694824219,23.540000915527344,2.796999931335449,84.11000061035156
2010-12-01,80.70999908447266,21.360000610351562,2.9639999866485596,86.75
2010-12-02,80.30000305175781,19.389999389648438,3.0,88.0
2010-12-03,79.37999725341797,18.010000228881836,3.0169999599456787,89.19000244140625
2010-12-04,79.37999725341797,18.010000228881836,3.0169999599456787,89.19000244140625
2010-12-05,79.37999725341797,18.010000228881836,3.0169999599456787,89.19000244140625
2010-12-06,79.56999969482422,18.020000457763672,2.940999984741211,89.37999725341797
2010-12-07,79.86000061035156,17.989999771118164,3.1649999618530273,88.69000244140625
2010-12-08,80.0,17.739999771118164,3.2360000610351562,88.27999877929688
2010-12-09,80.06999969482422,17.25,3.2230000495910645,88.37000274658203
2010-12-10,80.06999969482422,17.610000610351562,3.2960000038146973,87.79000091552734
2010-12-11,80.06999969482422,17.610000610351562,3.2960000038146973,87.79000091552734
2010-12-12,80.06999969482422,17.610000610351562,3.2960000038146973,87.79000091552734
2010-12-13,79.27999877929688,17.549999237060547,3.2829999923706055,88.61000061035156
2010-12-14,79.37000274658203,17.610000610351562,3.4549999237060547,88.27999877929688
2010-12-15,80.26000213623047,17.940000534057617,3.5199999809265137,88.62000274658203
2010-12-16,80.18000030517578,17.389999389648438,3.4769999980926514,87.69999694824219
2010-12-17,80.37000274658203,16.110000610351562,3.3299999237060547,88.0199966430664
2010-12-18,80.37000274658203,16.110000610351562,3.3299999237060547,88.0199966430664
2010-12-19,80.37000274658203,16.110000610351562,3.3299999237060547,88.0199966430664
2010-12-20,80.62999725341797,16.40999984741211,3.3489999771118164,88.80999755859375
2010-12-21,80.72000122070312,16.489999771118164,3.3259999752044678,89.81999969482422
2010-12-22,80.7300033569336,15.449999809265137,3.3459999561309814,90.4800033569336
2010-12-23,80.5,16.469999313354492,3.3929998874664307,91.51000213623047
2010-12-24,80.5,16.469999313354492,3.3929998874664307,91.51000213623047
2010-12-25,80.5,16.469999313354492,3.3929998874664307,91.51000213623047
2010-12-26,80.5,16.469999313354492,3.3929998874664307,91.51000213623047
2010-12-27,80.37000274658203,17.670000076293945,3.3510000705718994,91.0
2010-12-28,80.36000061035156,17.520000457763672,3.4809999465942383,91.48999786376953
2010-12-29,79.80000305175781,17.280000686645508,3.3410000801086426,91.12000274658203
2010-12-30,79.5199966430664,17.520000457763672,3.36899995803833,89.83999633789062
2010-12-31,79.02999877929688,17.75,3.305000066757202,91.37999725341797
2011-01-01,79.02999877929688,17.75,3.305000066757202,91.37999725341797
2011-01-02,79.02999877929688,17.75,3.305000066757202,91.37999725341797
2011-01-03,79.12999725341797,17.610000610351562,3.3420000076293945,91.55000305175781
2011-01-04,79.44000244140625,17.3799991607666,3.3459999561309814,89.37999725341797
2011-01-05,80.26000213623047,17.020000457763672,3.4830000400543213,90.30000305175781
2011-01-06,80.79000091552734,17.399999618530273,3.4189999103546143,88.37999725341797
2011-01-07,81.01000213623047,17.139999389648438,3.328000068664551,88.02999877929688
2011-01-08,81.01000213623047,17.139999389648438,3.328000068664551,88.02999877929688
2011-01-09,81.01000213623047,17.139999389648438,3.328000068664551,88.02999877929688
2011-01-10,80.87999725341797,17.540000915527344,3.303999900817871,89.25
2011-01-11,80.8499984741211,16.889999389648438,3.3410000801086426,91.11000061035156
2011-01-12,80.02999877929688,16.239999771118164,3.3550000190734863,91.86000061035156
2011-01-13,79.19000244140625,16.389999389648438,3.3010001182556152,91.4000015258789
2011-01-14,79.16000366210938,15.460000038146973,3.3329999446868896,91.54000091552734
2011-01-15,79.16000366210938,15.460000038146973,3.3329999446868896,91.54000091552734
2011-01-16,79.16000366210938,15.460000038146973,3.3329999446868896,91.54000091552734
2011-01-17,79.16000366210938,15.460000038146973,3.3329999446868896,91.54000091552734
2011-01-18,78.95999908447266,15.869999885559082,3.364000082015991,91.37999725341797
2011-01-19,78.63999938964844,17.309999465942383,3.3369998931884766,90.86000061035156
2011-01-20,78.81999969482422,17.989999771118164,3.4590001106262207,88.86000061035156
2011-01-21,78.20999908447266,18.469999313354492,3.4159998893737793,89.11000061035156
2011-01-22,78.20999908447266,18.469999313354492,3.4159998893737793,89.11000061035156
2011-01-23,78.20999908447266,18.469999313354492,3.4159998893737793,89.11000061035156
2011-01-24,78.05000305175781,17.649999618530273,3.4079999923706055,87.87000274658203
2011-01-25,78.0,17.59000015258789,3.319000005722046,86.19000244140625
2011-01-26,77.9000015258789,16.639999389648438,3.427999973297119,87.33000183105469
2011-01-27,77.7300033569336,16.149999618530273,3.384999990463257,85.63999938964844
2011-01-28,78.12999725341797,20.040000915527344,3.3289999961853027,89.33999633789062
2011-01-29,78.12999725341797,20.040000915527344,3.3289999961853027,89.33999633789062
2011-01-30,78.12999725341797,20.040000915527344,3.3289999961853027,89.33999633789062
2011-01-31,77.73999786376953,19.530000686645508,3.378000020980835,92.19000244140625
2011-02-01,77.06999969482422,17.6299991607666,3.443000078201294,90.7699966430664
2011-02-02,77.16000366210938,17.299999237060547,3.489000082015991,90.86000061035156
2011-02-03,77.75,16.690000534057617,3.5409998893737793,90.54000091552734
2011-02-04,78.04000091552734,15.930000305175781,3.6519999504089355,89.02999877929688
2011-02-05,78.04000091552734,15.930000305175781,3.6519999504089355,89.02999877929688
2011-02-06,78.04000091552734,15.930000305175781,3.6519999504089355,89.02999877929688
2011-02-07,78.02999877929688,16.280000686645508,3.6440000534057617,87.4800033569336
2011-02-08,78.0,15.8100004196167,3.7249999046325684,86.94000244140625
2011-02-09,77.63999938964844,15.869999885559082,3.6419999599456787,86.70999908447266
2011-02-10,78.25,16.09000015258789,3.7079999446868896,86.7300033569336
2011-02-11,78.45999908447266,15.6899995803833,3.6459999084472656,85.58000183105469
2011-02-12,78.45999908447266,15.6899995803833,3.6459999084472656,85.58000183105469
2011-02-13,78.45999908447266,15.6899995803833,3.6459999084472656,85.58000183105469
2011-02-14,78.61000061035156,15.949999809265137,3.614000082015991,84.80999755859375
2011-02-15,78.56999969482422,16.3700008392334,3.615999937057495,84.31999969482422
2011-02-16,78.22000122070312,16.719999313354492,3.621000051498413,84.98999786376953
2011-02-17,78.0,16.59000015258789,3.5739998817443848,86.36000061035156
2011-02-18,77.66000366210938,16.43000030517578,3.5889999866485596,86.19999694824219
2011-02-19,77.66000366210938,16.43000030517578,3.5889999866485596,86.19999694824219
2011-02-20,77.66000366210938,16.43000030517578,3.5889999866485596,86.19999694824219
2011-02-21,77.66000366210938,16.43000030517578,3.5889999866485596,86.19999694824219
2011-02-22,77.7699966430664,20.799999237060547,3.4609999656677246,93.56999969482422
2011-02-23,77.41000366210938,22.1299991607666,3.486999988555908,98.0999984741211
2011-02-24,77.05999755859375,21.31999969482422,3.437999963760376,97.27999877929688
2011-02-25,77.27999877929688,19.219999313354492,3.424999952316284,97.87999725341797
2011-02-26,77.27999877929688,19.219999313354492,3.424999952316284,97.87999725341797
2011-02-27,77.27999877929688,19.219999313354492,3.424999952316284,97.87999725341797
2011-02-28,76.88999938964844,18.350000381469727,3.4140000343322754,96.97000122070312
2011-03-01,77.05000305175781,21.010000228881836,3.4140000343322754,99.62999725341797
2011-03-02,76.66999816894531,20.700000762939453,3.4639999866485596,102.2300033569336
2011-03-03,76.4800033569336,18.600000381469727,3.572000026702881,101.91000366210938
2011-03-04,76.4000015258789,19.059999465942383,3.492000102996826,104.41999816894531
2011-03-05,76.4000015258789,19.059999465942383,3.492000102996826,104.41999816894531
2011-03-06,76.4000015258789,19.059999465942383,3.492000102996826,104.41999816894531
2011-03-07,76.5,20.65999984741211,3.496999979019165,105.44000244140625
2011-03-08,76.80000305175781,19.81999969482422,3.5439999103546143,105.0199966430664
2011-03-09,76.72000122070312,20.219999313354492,3.4690001010894775,104.37999725341797
2011-03-10,77.27999877929688,21.8799991607666,3.3929998874664307,102.69999694824219
2011-03-11,76.77999877929688,20.079999923706055,3.3929998874664307,101.16000366210938
2011-03-12,76.77999877929688,20.079999923706055,3.3929998874664307,101.16000366210938
2011-03-13,76.77999877929688,20.079999923706055,3.3929998874664307,101.16000366210938
2011-03-14,76.3499984741211,21.1299991607666,3.3469998836517334,101.19000244140625
2011-03-15,76.33000183105469,24.31999969482422,3.322999954223633,97.18000030517578
2011-03-16,76.68000030517578,29.399999618530273,3.2119998931884766,97.9800033569336
2011-03-17,76.04000091552734,26.3700008392334,3.247999906539917,101.41999816894531
2011-03-18,75.72000122070312,24.440000534057617,3.2769999504089355,101.06999969482422
2011-03-19,75.72000122070312,24.440000534057617,3.2769999504089355,101.06999969482422
2011-03-20,75.72000122070312,24.440000534057617,3.2769999504089355,101.06999969482422
2011-03-21,75.4000015258789,20.610000610351562,3.322999954223633,102.33000183105469
2011-03-22,75.43000030517578,20.209999084472656,3.3320000171661377,104.0
2011-03-23,75.79000091552734,19.170000076293945,3.3480000495910645,105.75
2011-03-24,75.66000366210938,18.0,3.4040000438690186,105.5999984741211
2011-03-25,76.22000122070312,17.90999984741211,3.444000005722046,105.4000015258789
2011-03-26,76.22000122070312,17.90999984741211,3.444000005722046,105.4000015258789
2011-03-27,76.22000122070312,17.90999984741211,3.444000005722046,105.4000015258789
2011-03-28,76.12999725341797,19.440000534057617,3.447999954223633,103.9800033569336
2011-03-29,76.25,18.15999984741211,3.490999937057495,104.79000091552734
2011-03-30,76.12000274658203,17.709999084472656,3.4549999237060547,104.2699966430664
2011-03-31,75.86000061035156,17.739999771118164,3.4539999961853027,106.72000122070312
2011-04-01,75.83000183105469,17.399999618530273,3.4509999752044678,107.94000244140625
2011-04-02,75.83000183105469,17.399999618530273,3.4509999752044678,107.94000244140625
2011-04-03,75.83000183105469,17.399999618530273,3.4509999752044678,107.94000244140625
2011-04-04,75.91000366210938,17.5,3.430999994277954,108.47000122070312
2011-04-05,75.87999725341797,17.25,3.486999988555908,108.33999633789062
2011-04-06,75.51000213623047,16.899999618530273,3.5450000762939453,108.83000183105469
2011-04-07,75.58999633789062,17.110000610351562,3.555000066757202,110.30000305175781
2011-04-08,75.06999969482422,17.8700008392334,3.569999933242798,112.79000091552734
2011-04-09,75.06999969482422,17.8700008392334,3.569999933242798,112.79000091552734
2011-04-10,75.06999969482422,17.8700008392334,3.569999933242798,112.79000091552734
2011-04-11,75.05999755859375,16.59000015258789,3.569999933242798,109.91999816894531
2011-04-12,74.8499984741211,17.09000015258789,3.5,106.25
2011-04-13,74.9800033569336,16.920000076293945,3.4660000801086426,107.11000061035156
2011-04-14,74.68000030517578,16.270000457763672,3.484999895095825,108.11000061035156
2011-04-15,74.83000183105469,15.319999694824219,3.4100000858306885,109.66000366210938
2011-04-16,74.83000183105469,15.319999694824219,3.4100000858306885,109.66000366210938
2011-04-17,74.83000183105469,15.319999694824219,3.4100000858306885,109.66000366210938
2011-04-18,75.5,16.959999084472656,3.371000051498413,107.12000274658203
2011-04-19,75.02999877929688,15.829999923706055,3.3559999465942383,108.1500015258789
2011-04-20,74.37000274658203,15.069999694824219,3.4000000953674316,111.44999694824219
2011-04-21,74.0,14.6899995803833,3.4000000953674316,112.29000091552734
2011-04-22,74.0,14.6899995803833,3.4000000953674316,112.29000091552734
2011-04-23,74.0,14.6899995803833,3.4000000953674316,112.29000091552734
2011-04-24,74.0,14.6899995803833,3.4000000953674316,112.29000091552734
2011-04-25,73.98999786376953,15.770000457763672,3.36299991607666,112.27999877929688
2011-04-26,73.83999633789062,15.619999885559082,3.319999933242798,112.20999908447266
2011-04-27,73.5199966430664,15.350000381469727,3.368000030517578,112.76000213623047
2011-04-28,73.12000274658203,14.619999885559082,3.312000036239624,112.86000061035156
2011-04-29,72.93000030517578,14.75,3.2960000038146973,113.93000030517578
2011-04-30,72.93000030517578,14.75,3.2960000038146973,113.93000030517578
2011-05-01,72.93000030517578,14.75,3.2960000038146973,113.93000030517578
2011-05-02,72.94999694824219,15.989999771118164,3.2860000133514404,113.5199966430664
2011-05-03,73.13999938964844,16.700000762939453,3.255000114440918,111.05000305175781
2011-05-04,73.02999877929688,17.079999923706055,3.2230000495910645,109.23999786376953
2011-05-05,74.19000244140625,18.200000762939453,3.1679999828338623,99.80000305175781
2011-05-06,74.83999633789062,18.399999618530273,3.1570000648498535,97.18000030517578
2011-05-07,74.83999633789062,18.399999618530273,3.1570000648498535,97.18000030517578
2011-05-08,74.83999633789062,18.399999618530273,3.1570000648498535,97.18000030517578
2011-05-09,74.73999786376953,17.15999984741211,3.1419999599456787,102.55000305175781
2011-05-10,74.61000061035156,15.90999984741211,3.194999933242798,103.87999725341797
2011-05-11,75.33000183105469,16.950000762939453,3.1570000648498535,98.20999908447266
2011-05-12,75.23999786376953,16.030000686645508,3.2300000190734863,98.97000122070312
2011-05-13,75.76000213623047,17.06999969482422,3.187000036239624,99.6500015258789
2011-05-14,75.76000213623047,17.06999969482422,3.187000036239624,99.6500015258789
2011-05-15,75.76000213623047,17.06999969482422,3.187000036239624,99.6500015258789
2011-05-16,75.47000122070312,18.239999771118164,3.1489999294281006,97.37000274658203
2011-05-17,75.4000015258789,17.549999237060547,3.121000051498413,96.91000366210938
2011-05-18,75.47000122070312,16.229999542236328,3.1710000038146973,100.0999984741211
2011-05-19,75.12000274658203,15.520000457763672,3.1710000038146973,98.44000244140625
2011-05-20,75.43000030517578,17.43000030517578,3.1519999504089355,99.48999786376953
2011-05-21,75.43000030517578,17.43000030517578,3.1519999504089355,99.48999786376953
2011-05-22,75.43000030517578,17.43000030517578,3.1519999504089355,99.48999786376953
2011-05-23,76.0999984741211,18.270000457763672,3.134000062942505,97.69999694824219
2011-05-24,75.87999725341797,17.81999969482422,3.122999906539917,99.58999633789062
2011-05-25,75.93000030517578,17.06999969482422,3.128999948501587,101.31999969482422
2011-05-26,75.55000305175781,16.09000015258789,3.061000108718872,100.2300033569336
2011-05-27,74.94999694824219,15.979999542236328,3.063999891281128,100.58999633789062
2011-05-28,74.94999694824219,15.979999542236328,3.063999891281128,100.58999633789062
2011-05-29,74.94999694824219,15.979999542236328,3.063999891281128,100.58999633789062
2011-05-30,74.94999694824219,15.979999542236328,3.063999891281128,100.58999633789062
2011-05-31,74.63999938964844,15.449999809265137,3.049999952316284,102.69999694824219
2011-06-01,74.68000030517578,18.299999237060547,2.9660000801086426,100.29000091552734
2011-06-02,74.33000183105469,18.09000015258789,3.0299999713897705,100.4000015258789
2011-06-03,73.77999877929688,17.950000762939453,2.996999979019165,100.22000122070312
2011-06-04,73.77999877929688,17.950000762939453,2.996999979019165,100.22000122070312
2011-06-05,73.77999877929688,17.950000762939453,2.996999979019165,100.22000122070312
2011-06-06,73.94999694824219,18.489999771118164,3.002000093460083,99.01000213623047
2011-06-07,73.5199966430664,18.06999969482422,3.010999917984009,99.08999633789062
2011-06-08,73.93000030517578,18.790000915527344,2.9619998931884766,100.73999786376953
2011-06-09,74.19000244140625,17.770000457763672,2.997999906539917,101.93000030517578
2011-06-10,74.79000091552734,18.860000610351562,2.9709999561309814,99.29000091552734
2011-06-11,74.79000091552734,18.860000610351562,2.9709999561309814,99.29000091552734
2011-06-12,74.79000091552734,18.860000610351562,2.9709999561309814,99.29000091552734
2011-06-13,74.51000213623047,19.610000610351562,2.990999937057495,97.30000305175781
2011-06-14,74.33000183105469,18.260000228881836,3.0989999771118164,99.37000274658203
2011-06-15,75.5999984741211,21.31999969482422,2.9730000495910645,94.80999755859375
2011-06-16,75.75,22.729999542236328,2.9089999198913574,94.94999694824219
2011-06-17,74.98999786376953,21.850000381469727,2.944000005722046,93.01000213623047
2011-06-18,74.98999786376953,21.850000381469727,2.944000005722046,93.01000213623047
2011-06-19,74.98999786376953,21.850000381469727,2.944000005722046,93.01000213623047
2011-06-20,75.02999877929688,19.989999771118164,2.9630000591278076,93.26000213623047
2011-06-21,74.54000091552734,18.860000610351562,2.984999895095825,93.4000015258789
2011-06-22,74.77999877929688,18.520000457763672,2.993000030517578,95.41000366210938
2011-06-23,75.44999694824219,19.290000915527344,2.9089999198913574,91.0199966430664
2011-06-24,75.66999816894531,21.100000381469727,2.871000051498413,91.16000366210938
2011-06-25,75.66999816894531,21.100000381469727,2.871000051498413,91.16000366210938
2011-06-26,75.66999816894531,21.100000381469727,2.871000051498413,91.16000366210938
2011-06-27,75.38999938964844,20.559999465942383,2.927000045776367,90.61000061035156
2011-06-28,75.05999755859375,19.170000076293945,3.0450000762939453,92.88999938964844
2011-06-29,74.69000244140625,17.270000457763672,3.1080000400543213,94.7699966430664
2011-06-30,74.30000305175781,16.520000457763672,3.1579999923706055,95.41999816894531
2011-07-01,74.3499984741211,15.869999885559082,3.197000026702881,94.94000244140625
2011-07-02,74.3499984741211,15.869999885559082,3.197000026702881,94.94000244140625
2011-07-03,74.3499984741211,15.869999885559082,3.197000026702881,94.94000244140625
2011-07-04,74.3499984741211,15.869999885559082,3.197000026702881,94.94000244140625
2011-07-05,74.69000244140625,16.059999465942383,3.135999917984009,96.88999938964844
2011-07-06,75.12000274658203,16.34000015258789,3.0950000286102295,96.6500015258789
2011-07-07,74.95999908447266,15.949999809265137,3.1489999294281006,98.66999816894531
2011-07-08,75.18000030517578,15.949999809265137,3.0160000324249268,96.19999694824219
2011-07-09,75.18000030517578,15.949999809265137,3.0160000324249268,96.19999694824219
2011-07-10,75.18000030517578,15.949999809265137,3.0160000324249268,96.19999694824219
2011-07-11,75.98999786376953,18.389999389648438,2.9170000553131104,95.1500015258789
2011-07-12,75.80999755859375,19.8700008392334,2.9079999923706055,97.43000030517578
2011-07-13,75.20999908447266,19.90999984741211,2.8910000324249268,98.05000305175781
2011-07-14,75.25,20.799999237060547,2.944000005722046,95.69000244140625
2011-07-15,75.12999725341797,19.530000686645508,2.9079999923706055,97.23999786376953
2011-07-16,75.12999725341797,19.530000686645508,2.9079999923706055,97.23999786376953
2011-07-17,75.12999725341797,19.530000686645508,2.9079999923706055,97.23999786376953
2011-07-18,75.4800033569336,20.950000762939453,2.9089999198913574,95.93000030517578
2011-07-19,75.22000122070312,19.209999084472656,2.8910000324249268,97.5
2011-07-20,74.79000091552734,19.09000015258789,2.933000087738037,98.13999938964844
2011-07-21,74.0199966430664,17.559999465942383,3.009999990463257,99.12999725341797
2011-07-22,74.19999694824219,17.520000457763672,2.9639999866485596,99.87000274658203
2011-07-23,74.19999694824219,17.520000457763672,2.9639999866485596,99.87000274658203
2011-07-24,74.19999694824219,17.520000457763672,2.9639999866485596,99.87000274658203
2011-07-25,74.05999755859375,19.350000381469727,3.003999948501587,99.19999694824219
2011-07-26,73.47000122070312,20.229999542236328,2.9509999752044678,99.58999633789062
2011-07-27,74.08999633789062,22.979999542236328,2.9800000190734863,97.4000015258789
2011-07-28,74.22000122070312,23.739999771118164,2.9509999752044678,97.44000244140625
2011-07-29,73.9000015258789,25.25,2.805000066757202,95.69999694824219
2011-07-30,73.9000015258789,25.25,2.805000066757202,95.69999694824219
2011-07-31,73.9000015258789,25.25,2.805000066757202,95.69999694824219
2011-08-01,74.26000213623047,23.65999984741211,2.740000009536743,94.88999938964844
2011-08-02,74.51000213623047,24.790000915527344,2.624000072479248,93.79000091552734
2011-08-03,74.04000091552734,23.3799991607666,2.5989999771118164,91.93000030517578
2011-08-04,75.12000274658203,31.65999984741211,2.4579999446868896,86.62999725341797
2011-08-05,74.5999984741211,32.0,2.558000087738037,86.87999725341797
2011-08-06,74.5999984741211,32.0,2.558000087738037,86.87999725341797
2011-08-07,74.5999984741211,32.0,2.558000087738037,86.87999725341797
2011-08-08,74.79000091552734,48.0,2.3389999866485596,81.30999755859375
2011-08-09,74.61000061035156,35.060001373291016,2.181999921798706,79.30000305175781
2011-08-10,74.63999938964844,42.9900016784668,2.13700008392334,82.88999938964844
2011-08-11,74.68000030517578,39.0,2.3359999656677246,85.72000122070312
2011-08-12,74.61000061035156,36.36000061035156,2.236999988555908,85.37999725341797
2011-08-13,74.61000061035156,36.36000061035156,2.236999988555908,85.37999725341797
2011-08-14,74.61000061035156,36.36000061035156,2.236999988555908,85.37999725341797
2011-08-15,73.83999633789062,31.8700008392334,2.2850000858306885,87.87999725341797
2011-08-16,74.01000213623047,32.849998474121094,2.2139999866485596,86.6500015258789
2011-08-17,73.66999816894531,31.579999923706055,2.1649999618530273,87.58000183105469
2011-08-18,74.23999786376953,42.66999816894531,2.0829999446868896,82.37999725341797
2011-08-19,73.98999786376953,43.04999923706055,2.071000099182129,82.26000213623047
2011-08-20,73.98999786376953,43.04999923706055,2.071000099182129,82.26000213623047
2011-08-21,73.98999786376953,43.04999923706055,2.071000099182129,82.26000213623047
2011-08-22,74.06999969482422,42.439998626708984,2.0880000591278076,84.12000274658203
2011-08-23,73.87000274658203,36.27000045776367,2.13700008392334,85.44000244140625
2011-08-24,74.01000213623047,35.900001525878906,2.259999990463257,85.16000366210938
2011-08-25,74.27999877929688,39.7599983215332,2.2219998836517334,85.30000305175781
2011-08-26,73.80999755859375,35.59000015258789,2.187999963760376,85.37000274658203
2011-08-27,73.80999755859375,35.59000015258789,2.187999963760376,85.37000274658203
2011-08-28,73.80999755859375,35.59000015258789,2.187999963760376,85.37000274658203
2011-08-29,73.72000122070312,32.279998779296875,2.2709999084472656,87.2699966430664
2011-08-30,73.94000244140625,32.88999938964844,2.1760001182556152,88.9000015258789
2011-08-31,74.12999725341797,31.6200008392334,2.2179999351501465,88.80999755859375
2011-09-01,74.4800033569336,31.81999969482422,2.1459999084472656,88.93000030517578
2011-09-02,74.75,33.91999816894531,1.996000051498413,86.44999694824219
2011-09-03,74.75,33.91999816894531,1.996000051498413,86.44999694824219
2011-09-04,74.75,33.91999816894531,1.996000051498413,86.44999694824219
2011-09-05,74.75,33.91999816894531,1.996000051498413,86.44999694824219
2011-09-06,75.91999816894531,37.0,1.9789999723434448,86.0199966430664
2011-09-07,75.45999908447266,33.380001068115234,2.0360000133514404,89.33999633789062
2011-09-08,76.23999786376953,34.31999969482422,1.9859999418258667,89.05000305175781
2011-09-09,77.19000244140625,38.52000045776367,1.9149999618530273,87.23999786376953
2011-09-10,77.19000244140625,38.52000045776367,1.9149999618530273,87.23999786376953
2011-09-11,77.19000244140625,38.52000045776367,1.9149999618530273,87.23999786376953
2011-09-12,77.56999969482422,38.59000015258789,1.9299999475479126,88.19000244140625
2011-09-13,76.91000366210938,36.90999984741211,1.99399995803833,90.20999908447266
2011-09-14,76.83000183105469,34.599998474121094,2.010999917984009,88.91000366210938
2011-09-15,76.23999786376953,31.969999313354492,2.0850000381469727,89.4000015258789
2011-09-16,76.58000183105469,30.979999542236328,2.0759999752044678,87.95999908447266
2011-09-17,76.58000183105469,30.979999542236328,2.0759999752044678,87.95999908447266
2011-09-18,76.58000183105469,30.979999542236328,2.0759999752044678,87.95999908447266
2011-09-19,77.38999938964844,32.72999954223633,1.940000057220459,85.69999694824219
2011-09-20,77.02999877929688,32.86000061035156,1.9470000267028809,86.88999938964844
2011-09-21,77.33999633789062,37.31999969482422,1.875,85.91999816894531
2011-09-22,78.37999725341797,41.349998474121094,1.715000033378601,80.51000213623047
2011-09-23,78.30000305175781,41.25,1.8079999685287476,79.8499984741211
2011-09-24,78.30000305175781,41.25,1.8079999685287476,79.8499984741211
2011-09-25,78.30000305175781,41.25,1.8079999685287476,79.8499984741211
2011-09-26,78.36000061035156,39.02000045776367,1.9040000438690186,80.23999786376953
2011-09-27,77.51000213623047,37.709999084472656,2.0160000324249268,84.44999694824219
2011-09-28,77.8499984741211,41.08000183105469,2.002000093460083,81.20999908447266
2011-09-29,77.91999816894531,38.84000015258789,1.9570000171661377,82.13999938964844
2011-09-30,78.55000305175781,42.959999084472656,1.9240000247955322,79.19999694824219
2011-10-01,78.55000305175781,42.959999084472656,1.9240000247955322,79.19999694824219
2011-10-02,78.55000305175781,42.959999084472656,1.9240000247955322,79.19999694824219
2011-10-03,79.44999694824219,45.45000076293945,1.784999966621399,77.61000061035156
2011-10-04,79.5999984741211,40.81999969482422,1.781000018119812,75.66999816894531
2011-10-05,78.91000366210938,37.810001373291016,1.9049999713897705,79.68000030517578
2011-10-06,78.52999877929688,36.27000045776367,1.9859999418258667,82.58999633789062
2011-10-07,78.72000122070312,36.20000076293945,2.068000078201294,82.9800033569336
2011-10-08,78.72000122070312,36.20000076293945,2.068000078201294,82.9800033569336
2011-10-09,78.72000122070312,36.20000076293945,2.068000078201294,82.9800033569336
2011-10-10,77.5999984741211,33.02000045776367,2.0759999752044678,85.41000366210938
2011-10-11,77.58000183105469,32.86000061035156,2.1600000858306885,85.80999755859375
2011-10-12,76.98999786376953,31.260000228881836,2.2260000705718994,85.56999969482422
2011-10-13,76.98999786376953,30.700000762939453,2.1689999103546143,84.2300033569336
2011-10-14,76.62000274658203,28.239999771118164,2.2320001125335693,86.80000305175781
2011-10-15,76.62000274658203,28.239999771118164,2.2320001125335693,86.80000305175781
2011-10-16,76.62000274658203,28.239999771118164,2.2320001125335693,86.80000305175781
2011-10-17,77.13999938964844,33.38999938964844,2.1549999713897705,86.37999725341797
2011-10-18,77.12999725341797,31.559999465942383,2.1510000228881836,88.33999633789062
2011-10-19,77.11000061035156,34.439998626708984,2.1589999198913574,86.11000061035156
2011-10-20,76.97000122070312,34.779998779296875,2.180000066757202,85.30000305175781
2011-10-21,76.30000305175781,31.31999969482422,2.203000068664551,87.4000015258789
2011-10-22,76.30000305175781,31.31999969482422,2.203000068664551,87.4000015258789
2011-10-23,76.30000305175781,31.31999969482422,2.203000068664551,87.4000015258789
2011-10-24,76.0199966430664,29.260000228881836,2.2339999675750732,91.2699966430664
2011-10-25,76.25,32.220001220703125,2.128000020980835,93.16999816894531
2011-10-26,76.19999694824219,29.860000610351562,2.203000068664551,90.19999694824219
2011-10-27,74.87000274658203,25.459999084472656,2.3949999809265137,93.95999908447266
2011-10-28,75.08999633789062,24.530000686645508,2.305999994277954,93.31999969482422
2011-10-29,75.08999633789062,24.530000686645508,2.305999994277954,93.31999969482422
2011-10-30,75.08999633789062,24.530000686645508,2.305999994277954,93.31999969482422
2011-10-31,76.16999816894531,29.959999084472656,2.174999952316284,93.19000244140625
2011-11-01,77.26000213623047,34.77000045776367,2.000999927520752,92.19000244140625
2011-11-02,77.01000213623047,32.7400016784668,2.00600004196167,92.51000213623047
2011-11-03,76.66999816894531,30.5,2.065999984741211,94.06999969482422
2011-11-04,76.91000366210938,30.15999984741211,2.049999952316284,94.26000213623047
2011-11-05,76.91000366210938,30.15999984741211,2.049999952316284,94.26000213623047
2011-11-06,76.91000366210938,30.15999984741211,2.049999952316284,94.26000213623047
2011-11-07,76.95999908447266,29.850000381469727,1.99399995803833,95.5199966430664
2011-11-08,76.66999816894531,27.479999542236328,2.065000057220459,96.80000305175781
2011-11-09,77.93000030517578,36.15999984741211,1.9550000429153442,95.73999786376953
2011-11-10,77.63999938964844,32.810001373291016,2.055999994277954,97.77999877929688
2011-11-11,76.94000244140625,30.040000915527344,2.055999994277954,98.98999786376953
2011-11-12,76.94000244140625,30.040000915527344,2.055999994277954,98.98999786376953
2011-11-13,76.94000244140625,30.040000915527344,2.055999994277954,98.98999786376953
2011-11-14,77.55999755859375,31.1299991607666,2.0429999828338623,98.13999938964844
2011-11-15,77.87999725341797,31.219999313354492,2.056999921798706,99.37000274658203
2011-11-16,78.16000366210938,33.5099983215332,2.0239999294281006,102.58999633789062
2011-11-17,78.29000091552734,34.5099983215332,1.9579999446868896,98.81999969482422
2011-11-18,78.0199966430664,32.0,2.01200008392334,97.41000366210938
2011-11-19,78.0199966430664,32.0,2.01200008392334,97.41000366210938
2011-11-20,78.0199966430664,32.0,2.01200008392334,97.41000366210938
2011-11-21,78.30000305175781,32.90999984741211,1.9620000123977661,96.91999816894531
2011-11-22,78.2300033569336,31.969999313354492,1.9390000104904175,98.01000213623047
2011-11-23,79.0,33.97999954223633,1.878999948501587,96.16999816894531
2011-11-24,79.0,33.97999954223633,1.878999948501587,96.16999816894531
2011-11-25,79.61000061035156,34.470001220703125,1.9670000076293945,96.7699966430664
2011-11-26,79.61000061035156,34.470001220703125,1.9670000076293945,96.7699966430664
2011-11-27,79.61000061035156,34.470001220703125,1.9670000076293945,96.7699966430664
2011-11-28,79.29000091552734,32.130001068115234,1.9579999446868896,98.20999908447266
2011-11-29,79.0,30.639999389648438,1.996000051498413,99.79000091552734
2011-11-30,78.38999938964844,27.799999237060547,2.068000078201294,100.36000061035156
2011-12-01,78.31999969482422,27.40999984741211,2.117000102996826,100.19999694824219
2011-12-02,78.62999725341797,27.520000457763672,2.0420000553131104,100.95999908447266
2011-12-03,78.62999725341797,27.520000457763672,2.0420000553131104,100.95999908447266
2011-12-04,78.62999725341797,27.520000457763672,2.0420000553131104,100.95999908447266
2011-12-05,78.61000061035156,27.84000015258789,2.053999900817871,100.98999786376953
2011-12-06,78.51000213623047,28.1299991607666,2.0929999351501465,101.27999877929688
2011-12-07,78.4800033569336,28.670000076293945,2.0169999599456787,100.48999786376953
2011-12-08,78.80999755859375,30.59000015258789,1.972000002861023,98.33999633789062
2011-12-09,78.62999725341797,26.3799991607666,2.052000045776367,99.41000366210938
2011-12-10,78.62999725341797,26.3799991607666,2.052000045776367,99.41000366210938
2011-12-11,78.62999725341797,26.3799991607666,2.052000045776367,99.41000366210938
2011-12-12,79.56999969482422,25.670000076293945,2.009000062942505,97.7699966430664
2011-12-13,80.25,25.40999984741211,1.9620000123977661,100.13999938964844
2011-12-14,80.52999877929688,26.040000915527344,1.9010000228881836,94.94999694824219
2011-12-15,80.23999786376953,25.110000610351562,1.9129999876022339,93.87000274658203
2011-12-16,80.25,24.290000915527344,1.8539999723434448,93.52999877929688
2011-12-17,80.25,24.290000915527344,1.8539999723434448,93.52999877929688
2011-12-18,80.25,24.290000915527344,1.8539999723434448,93.52999877929688
2011-12-19,80.25,24.920000076293945,1.812999963760376,93.87999725341797
2011-12-20,79.87999725341797,23.219999313354492,1.9249999523162842,97.22000122070312
2011-12-21,80.0199966430664,21.43000030517578,1.9670000076293945,98.66999816894531
2011-12-22,79.91999816894531,21.15999984741211,1.9509999752044678,99.52999877929688
2011-12-23,80.01000213623047,20.729999542236328,2.0299999713897705,99.68000030517578
2011-12-24,80.01000213623047,20.729999542236328,2.0299999713897705,99.68000030517578
2011-12-25,80.01000213623047,20.729999542236328,2.0299999713897705,99.68000030517578
2011-12-26,80.01000213623047,20.729999542236328,2.0299999713897705,99.68000030517578
2011-12-27,79.79000091552734,21.90999984741211,2.009000062942505,101.33999633789062
2011-12-28,80.48999786376953,23.520000457763672,1.9079999923706055,99.36000061035156
2011-12-29,80.4800033569336,22.649999618530273,1.8969999551773071,99.6500015258789
2011-12-30,80.16999816894531,23.399999618530273,1.871000051498413,98.83000183105469
2011-12-31,80.16999816894531,23.399999618530273,1.871000051498413,98.83000183105469
2012-01-01,80.16999816894531,23.399999618530273,1.871000051498413,98.83000183105469
2012-01-02,80.16999816894531,23.399999618530273,1.871000051498413,98.83000183105469
2012-01-03,79.61000061035156,22.969999313354492,1.9600000381469727,102.95999908447266
2012-01-04,80.08999633789062,22.219999313354492,1.9950000047683716,103.22000122070312
2012-01-05,80.94000244140625,21.479999542236328,1.9930000305175781,101.80999755859375
2012-01-06,81.23999786376953,20.6299991607666,1.9609999656677246,101.55999755859375
2012-01-07,81.23999786376953,20.6299991607666,1.9609999656677246,101.55999755859375
2012-01-08,81.23999786376953,20.6299991607666,1.9609999656677246,101.55999755859375
2012-01-09,81.05000305175781,21.06999969482422,1.9600000381469727,101.30999755859375
2012-01-10,80.80000305175781,20.690000534057617,1.972000002861023,102.23999786376953
2012-01-11,81.3499984741211,21.049999237060547,1.9040000438690186,100.87000274658203
2012-01-12,80.7699966430664,20.469999313354492,1.9329999685287476,99.0999984741211
2012-01-13,81.43000030517578,20.90999984741211,1.8530000448226929,98.69999694824219
2012-01-14,81.43000030517578,20.90999984741211,1.8530000448226929,98.69999694824219
2012-01-15,81.43000030517578,20.90999984741211,1.8530000448226929,98.69999694824219
2012-01-16,81.43000030517578,20.90999984741211,1.8530000448226929,98.69999694824219
2012-01-17,81.18000030517578,22.200000762939453,1.850000023841858,100.70999908447266
2012-01-18,80.5999984741211,20.889999389648438,1.8969999551773071,100.58999633789062
2012-01-19,80.20999908447266,19.8700008392334,1.972000002861023,100.38999938964844
2012-01-20,80.22000122070312,18.280000686645508,2.0280001163482666,98.45999908447266
2012-01-21,80.22000122070312,18.280000686645508,2.0280001163482666,98.45999908447266
2012-01-22,80.22000122070312,18.280000686645508,2.0280001163482666,98.45999908447266
2012-01-23,79.69000244140625,18.670000076293945,2.066999912261963,99.58000183105469
2012-01-24,79.86000061035156,18.90999984741211,2.063999891281128,98.94999694824219
2012-01-25,79.56999969482422,18.309999465942383,2.006999969482422,99.4000015258789
2012-01-26,79.41000366210938,18.56999969482422,1.930999994277954,99.69999694824219
2012-01-27,78.9000015258789,18.530000686645508,1.8980000019073486,99.55999755859375
2012-01-28,78.9000015258789,18.530000686645508,1.8980000019073486,99.55999755859375
2012-01-29,78.9000015258789,18.530000686645508,1.8980000019073486,99.55999755859375
2012-01-30,79.16000366210938,19.399999618530273,1.8370000123977661,98.77999877929688
2012-01-31,79.27999877929688,19.440000534057617,1.7990000247955322,98.4800033569336
2012-02-01,78.91999816894531,18.549999237060547,1.8459999561309814,97.61000061035156
2012-02-02,78.97000122070312,17.979999542236328,1.8250000476837158,96.36000061035156
2012-02-03,78.94000244140625,17.100000381469727,1.9490000009536743,97.83999633789062
2012-02-04,78.94000244140625,17.100000381469727,1.9490000009536743,97.83999633789062
2012-02-05,78.94000244140625,17.100000381469727,1.9490000009536743,97.83999633789062
2012-02-06,79.08999633789062,17.760000228881836,1.9010000228881836,96.91000366210938
2012-02-07,78.56999969482422,17.649999618530273,1.965999960899353,98.41000366210938
2012-02-08,78.63999938964844,18.15999984741211,1.975000023841858,98.70999908447266
2012-02-09,78.55999755859375,18.6299991607666,2.046999931335449,99.83999633789062
2012-02-10,79.11000061035156,20.790000915527344,1.968999981880188,98.66999816894531
2012-02-11,79.11000061035156,20.790000915527344,1.968999981880188,98.66999816894531
2012-02-12,79.11000061035156,20.790000915527344,1.968999981880188,98.66999816894531
2012-02-13,78.94000244140625,19.040000915527344,1.9900000095367432,100.91000366210938
2012-02-14,79.58000183105469,19.540000915527344,1.9240000247955322,100.73999786376953
2012-02-15,79.66999816894531,21.139999389648438,1.930999994277954,101.80000305175781
2012-02-16,79.33999633789062,19.219999313354492,1.9930000305175781,102.30999755859375
2012-02-17,79.33000183105469,17.780000686645508,2.009999990463257,103.23999786376953
2012-02-18,79.33000183105469,17.780000686645508,2.009999990463257,103.23999786376953
2012-02-19,79.33000183105469,17.780000686645508,2.009999990463257,103.23999786376953
2012-02-20,79.33000183105469,17.780000686645508,2.009999990463257,103.23999786376953
2012-02-21,79.04000091552734,18.190000534057617,2.0450000762939453,105.83999633789062
2012-02-22,79.20999908447266,18.190000534057617,2.005000114440918,106.27999877929688
2012-02-23,78.80999755859375,16.799999237060547,1.9839999675750732,107.83000183105469
2012-02-24,78.3499984741211,17.309999465942383,1.9769999980926514,109.7699966430664
2012-02-25,78.3499984741211,17.309999465942383,1.9769999980926514,109.7699966430664
2012-02-26,78.3499984741211,17.309999465942383,1.9769999980926514,109.7699966430664
2012-02-27,78.55999755859375,18.190000534057617,1.9220000505447388,108.55999755859375
2012-02-28,78.2699966430664,17.959999084472656,1.9290000200271606,106.55000305175781
2012-02-29,78.7300033569336,18.43000030517578,1.9769999980926514,107.06999969482422
2012-03-01,78.77999877929688,17.260000228881836,2.0369999408721924,108.83999633789062
2012-03-02,79.4000015258789,17.290000915527344,1.9859999418258667,106.69999694824219
2012-03-03,79.4000015258789,17.290000915527344,1.9859999418258667,106.69999694824219
2012-03-04,79.4000015258789,17.290000915527344,1.9859999418258667,106.69999694824219
2012-03-05,79.31999969482422,18.049999237060547,2.005000114440918,106.72000122070312
2012-03-06,79.86000061035156,20.8700008392334,1.944000005722046,104.69999694824219
2012-03-07,79.70999908447266,19.06999969482422,1.972000002861023,106.16000366210938
2012-03-08,79.16000366210938,17.950000762939453,2.0139999389648438,106.58000183105469
2012-03-09,80.04000091552734,17.110000610351562,2.0380001068115234,107.4000015258789
2012-03-10,80.04000091552734,17.110000610351562,2.0380001068115234,107.4000015258789
2012-03-11,80.04000091552734,17.110000610351562,2.0380001068115234,107.4000015258789
2012-03-12,79.87000274658203,15.640000343322754,2.0309998989105225,106.33999633789062
2012-03-13,80.19000244140625,14.800000190734863,2.1070001125335693,106.70999908447266
2012-03-14,80.55999755859375,15.3100004196167,2.2739999294281006,105.43000030517578
2012-03-15,80.1500015258789,15.420000076293945,2.2809998989105225,105.11000061035156
2012-03-16,79.77999877929688,14.470000267028809,2.2980000972747803,107.05999755859375
2012-03-17,79.77999877929688,14.470000267028809,2.2980000972747803,107.05999755859375
2012-03-18,79.77999877929688,14.470000267028809,2.2980000972747803,107.05999755859375
2012-03-19,79.44999694824219,15.039999961853027,2.378999948501587,108.08999633789062
2012-03-20,79.58999633789062,15.579999923706055,2.371999979019165,105.61000061035156
2012-03-21,79.62999725341797,15.130000114440918,2.2939999103546143,107.2699966430664
2012-03-22,79.73999786376953,15.569999694824219,2.2750000953674316,105.3499984741211
2012-03-23,79.33999633789062,14.819999694824219,2.236999988555908,106.87000274658203
2012-03-24,79.33999633789062,14.819999694824219,2.236999988555908,106.87000274658203
2012-03-25,79.33999633789062,14.819999694824219,2.236999988555908,106.87000274658203
2012-03-26,78.93000030517578,14.260000228881836,2.24399995803833,107.02999877929688
2012-03-27,79.04000091552734,15.59000015258789,2.187000036239624,107.33000183105469
2012-03-28,79.16000366210938,15.470000267028809,2.196000099182129,105.41000366210938
2012-03-29,79.18000030517578,15.479999542236328,2.1589999198913574,102.77999877929688
2012-03-30,78.93000030517578,15.5,2.2160000801086426,103.0199966430664
2012-03-31,78.93000030517578,15.5,2.2160000801086426,103.0199966430664
2012-04-01,78.93000030517578,15.5,2.2160000801086426,103.0199966430664
2012-04-02,78.81999969482422,15.640000343322754,2.193000078201294,105.2300033569336
2012-04-03,79.4800033569336,15.65999984741211,2.2839999198913574,104.01000213623047
2012-04-04,79.76000213623047,16.440000534057617,2.243000030517578,101.47000122070312
2012-04-05,80.06999969482422,16.700000762939453,2.174999952316284,103.30999755859375
2012-04-06,80.06999969482422,16.700000762939453,2.174999952316284,103.30999755859375
2012-04-07,80.06999969482422,16.700000762939453,2.174999952316284,103.30999755859375
2012-04-08,80.06999969482422,16.700000762939453,2.174999952316284,103.30999755859375
2012-04-09,79.7300033569336,18.809999465942383,2.0369999408721924,102.45999908447266
2012-04-10,79.88999938964844,20.389999389648438,1.9880000352859497,101.0199966430664
2012-04-11,79.77999877929688,20.020000457763672,2.0280001163482666,102.69999694824219
2012-04-12,79.27999877929688,17.200000762939453,2.0490000247955322,103.63999938964844
2012-04-13,79.87999725341797,19.549999237060547,1.9980000257492065,102.83000183105469
2012-04-14,79.87999725341797,19.549999237060547,1.9980000257492065,102.83000183105469
2012-04-15,79.87999725341797,19.549999237060547,1.9980000257492065,102.83000183105469
2012-04-16,79.55000305175781,19.549999237060547,1.9739999771118164,102.93000030517578
2012-04-17,79.47000122070312,18.459999084472656,2.009000062942505,104.19999694824219
2012-04-18,79.52999877929688,18.639999389648438,1.9819999933242798,102.66999816894531
2012-04-19,79.55999755859375,18.360000610351562,1.9520000219345093,102.2699966430664
2012-04-20,79.18000030517578,17.440000534057617,1.9700000286102295,103.05000305175781
2012-04-21,79.18000030517578,17.440000534057617,1.9700000286102295,103.05000305175781
2012-04-22,79.18000030517578,17.440000534057617,1.9700000286102295,103.05000305175781
2012-04-23,79.41999816894531,18.969999313354492,1.9329999685287476,103.11000061035156
2012-04-24,79.22000122070312,18.100000381469727,1.9609999656677246,103.55000305175781
2012-04-25,79.01000213623047,16.81999969482422,1.9839999675750732,104.12000274658203
2012-04-26,78.91000366210938,16.239999771118164,1.9589999914169312,104.55000305175781
2012-04-27,78.69999694824219,16.31999969482422,1.9329999685287476,104.93000030517578
2012-04-28,78.69999694824219,16.31999969482422,1.9329999685287476,104.93000030517578
2012-04-29,78.69999694824219,16.31999969482422,1.9329999685287476,104.93000030517578
2012-04-30,78.79000091552734,17.149999618530273,1.9149999618530273,104.87000274658203
2012-05-01,78.86000061035156,16.600000381469727,1.9559999704360962,106.16000366210938
2012-05-02,79.12999725341797,16.8799991607666,1.9220000505447388,105.22000122070312
2012-05-03,79.22000122070312,17.559999465942383,1.9240000247955322,102.54000091552734
2012-05-04,79.47000122070312,19.15999984741211,1.8799999952316284,98.48999786376953
2012-05-05,79.47000122070312,19.15999984741211,1.8799999952316284,98.48999786376953
2012-05-06,79.47000122070312,19.15999984741211,1.8799999952316284,98.48999786376953
2012-05-07,79.5999984741211,18.940000534057617,1.8769999742507935,97.94000244140625
2012-05-08,79.7300033569336,19.049999237060547,1.8370000123977661,97.01000213623047
2012-05-09,80.08000183105469,20.079999923706055,1.8350000381469727,96.80999755859375
2012-05-10,80.11000061035156,18.829999923706055,1.8839999437332153,97.08000183105469
2012-05-11,80.27999877929688,19.889999389648438,1.840999960899353,96.12999725341797
2012-05-12,80.27999877929688,19.889999389648438,1.840999960899353,96.12999725341797
2012-05-13,80.27999877929688,19.889999389648438,1.840999960899353,96.12999725341797
2012-05-14,80.5999984741211,21.8700008392334,1.7879999876022339,94.77999877929688
2012-05-15,81.22000122070312,21.969999313354492,1.7769999504089355,93.9800033569336
2012-05-16,81.37000274658203,22.270000457763672,1.7649999856948853,92.80999755859375
2012-05-17,81.37999725341797,24.489999771118164,1.7020000219345093,92.55999755859375
2012-05-18,81.29000091552734,25.100000381469727,1.7020000219345093,91.4800033569336
2012-05-19,81.29000091552734,25.100000381469727,1.7020000219345093,91.4800033569336
2012-05-20,81.29000091552734,25.100000381469727,1.7020000219345093,91.4800033569336
2012-05-21,81.08000183105469,22.010000228881836,1.7350000143051147,92.56999969482422
2012-05-22,81.66999816894531,22.479999542236328,1.7929999828338623,91.66000366210938
2012-05-23,82.08999633789062,22.329999923706055,1.7209999561309814,89.9000015258789
2012-05-24,82.29000091552734,21.540000915527344,1.7589999437332153,90.66000366210938
2012-05-25,82.4000015258789,21.760000228881836,1.7450000047683716,90.86000061035156
2012-05-26,82.4000015258789,21.760000228881836,1.7450000047683716,90.86000061035156
2012-05-27,82.4000015258789,21.760000228881836,1.7450000047683716,90.86000061035156
2012-05-28,82.4000015258789,21.760000228881836,1.7450000047683716,90.86000061035156
2012-05-29,82.44000244140625,21.030000686645508,1.7309999465942383,90.76000213623047
2012-05-30,83.01000213623047,24.139999389648438,1.625,87.81999969482422
2012-05-31,83.04000091552734,24.059999465942383,1.5809999704360962,86.52999877929688
2012-06-01,82.88999938964844,26.65999984741211,1.4670000076293945,83.2300033569336
2012-06-02,82.88999938964844,26.65999984741211,1.4670000076293945,83.2300033569336
2012-06-03,82.88999938964844,26.65999984741211,1.4670000076293945,83.2300033569336
2012-06-04,82.55000305175781,26.1200008392334,1.5269999504089355,83.9800033569336
2012-06-05,82.80000305175781,24.68000030517578,1.555999994277954,84.29000091552734
2012-06-06,82.31999969482422,22.15999984741211,1.6510000228881836,85.0199966430664
2012-06-07,82.05000305175781,21.719999313354492,1.6540000438690186,84.81999969482422
2012-06-08,82.51000213623047,21.229999542236328,1.6369999647140503,84.0999984741211
2012-06-09,82.51000213623047,21.229999542236328,1.6369999647140503,84.0999984741211
2012-06-10,82.51000213623047,21.229999542236328,1.6369999647140503,84.0999984741211
2012-06-11,82.51000213623047,23.559999465942383,1.600000023841858,82.69999694824219
2012-06-12,82.41000366210938,22.09000015258789,1.6610000133514404,83.31999969482422
2012-06-13,82.05000305175781,24.270000457763672,1.5989999771118164,82.62000274658203
2012-06-14,81.9000015258789,21.68000030517578,1.6109999418258667,83.91000366210938
2012-06-15,81.58999633789062,21.110000610351562,1.5870000123977661,84.02999877929688
2012-06-16,81.58999633789062,21.110000610351562,1.5870000123977661,84.02999877929688
2012-06-17,81.58999633789062,21.110000610351562,1.5870000123977661,84.02999877929688
2012-06-18,81.94000244140625,18.31999969482422,1.5839999914169312,83.2699966430664
2012-06-19,81.37000274658203,18.3799991607666,1.6200000047683716,84.02999877929688
2012-06-20,81.48999786376953,17.239999771118164,1.6419999599456787,81.80000305175781
2012-06-21,82.31999969482422,20.079999923706055,1.6180000305175781,78.19999694824219
2012-06-22,82.22000122070312,18.110000610351562,1.6720000505447388,79.76000213623047
2012-06-23,82.22000122070312,18.110000610351562,1.6720000505447388,79.76000213623047
2012-06-24,82.22000122070312,18.110000610351562,1.6720000505447388,79.76000213623047
2012-06-25,82.45999908447266,20.3799991607666,1.6080000400543213,79.20999908447266
2012-06-26,82.37000274658203,19.719999313354492,1.628000020980835,79.36000061035156
2012-06-27,82.55999755859375,19.450000762939453,1.621000051498413,80.20999908447266
2012-06-28,82.66999816894531,19.709999084472656,1.5770000219345093,77.69000244140625
2012-06-29,81.6500015258789,17.079999923706055,1.659000039100647,84.95999908447266
2012-06-30,81.6500015258789,17.079999923706055,1.659000039100647,84.95999908447266
2012-07-01,81.6500015258789,17.079999923706055,1.659000039100647,84.95999908447266
2012-07-02,81.87000274658203,16.799999237060547,1.5800000429153442,83.75
2012-07-03,81.77999877929688,16.65999984741211,1.63100004196167,87.66000366210938
2012-07-04,81.77999877929688,16.65999984741211,1.63100004196167,87.66000366210938
2012-07-05,82.80999755859375,17.5,1.597000002861023,87.22000122070312
2012-07-06,83.29000091552734,17.100000381469727,1.5440000295639038,84.44999694824219
2012-07-07,83.29000091552734,17.100000381469727,1.5440000295639038,84.44999694824219
2012-07-08,83.29000091552734,17.100000381469727,1.5440000295639038,84.44999694824219
2012-07-09,83.16000366210938,17.979999542236328,1.5130000114440918,85.98999786376953
2012-07-10,83.36000061035156,18.719999313354492,1.4980000257492065,83.91000366210938
2012-07-11,83.56999969482422,17.950000762939453,1.4980000257492065,85.80999755859375
2012-07-12,83.6500015258789,18.329999923706055,1.4789999723434448,86.08000183105469
2012-07-13,83.30000305175781,16.739999771118164,1.4989999532699585,87.0999984741211
2012-07-14,83.30000305175781,16.739999771118164,1.4989999532699585,87.0999984741211
2012-07-15,83.30000305175781,16.739999771118164,1.4989999532699585,87.0999984741211
2012-07-16,83.08999633789062,17.110000610351562,1.4639999866485596,88.43000030517578
2012-07-17,83.02999877929688,16.479999542236328,1.5010000467300415,89.22000122070312
2012-07-18,82.94999694824219,16.15999984741211,1.4789999723434448,89.87000274658203
2012-07-19,82.9000015258789,15.449999809265137,1.5149999856948853,92.66000366210938
2012-07-20,83.47000122070312,16.270000457763672,1.4600000381469727,91.44000244140625
2012-07-21,83.47000122070312,16.270000457763672,1.4600000381469727,91.44000244140625
2012-07-22,83.47000122070312,16.270000457763672,1.4600000381469727,91.44000244140625
2012-07-23,83.70999908447266,18.6200008392334,1.434999942779541,88.13999938964844
2012-07-24,84.01000213623047,20.469999313354492,1.4040000438690186,88.5
2012-07-25,83.5199966430664,19.34000015258789,1.406000018119812,88.97000122070312
2012-07-26,82.80999755859375,17.530000686645508,1.4279999732971191,89.38999938964844
2012-07-27,82.70999908447266,16.700000762939453,1.5549999475479126,90.12999725341797
2012-07-28,82.70999908447266,16.700000762939453,1.5549999475479126,90.12999725341797
2012-07-29,82.70999908447266,16.700000762939453,1.5549999475479126,90.12999725341797
2012-07-30,82.79000091552734,18.030000686645508,1.503999948501587,89.77999877929688
2012-07-31,82.63999938964844,18.93000030517578,1.4919999837875366,88.05999755859375
2012-08-01,83.05999755859375,18.959999084472656,1.5390000343322754,88.91000366210938
2012-08-02,83.33000183105469,17.56999969482422,1.4780000448226929,87.12999725341797
2012-08-03,82.37999725341797,15.640000343322754,1.5770000219345093,91.4000015258789
2012-08-04,82.37999725341797,15.640000343322754,1.5770000219345093,91.4000015258789
2012-08-05,82.37999725341797,15.640000343322754,1.5770000219345093,91.4000015258789
2012-08-06,82.2699966430664,15.949999809265137,1.5579999685287476,92.19999694824219
2012-08-07,82.20999908447266,15.989999771118164,1.628000020980835,93.66999816894531
2012-08-08,82.38999938964844,15.319999694824219,1.6399999856948853,93.3499984741211
2012-08-09,82.63999938964844,15.279999732971191,1.687999963760376,93.36000061035156
2012-08-10,82.55000305175781,14.739999771118164,1.6490000486373901,92.87000274658203
2012-08-11,82.55000305175781,14.739999771118164,1.6490000486373901,92.87000274658203
2012-08-12,82.55000305175781,14.739999771118164,1.6490000486373901,92.87000274658203
2012-08-13,82.44000244140625,13.699999809265137,1.6540000438690186,92.7300033569336
2012-08-14,82.4800033569336,14.850000381469727,1.7259999513626099,93.43000030517578
2012-08-15,82.6500015258789,14.630000114440918,1.8049999475479126,94.33000183105469
2012-08-16,82.36000061035156,14.289999961853027,1.8359999656677246,95.5999984741211
2012-08-17,82.5999984741211,13.449999809265137,1.815999984741211,96.01000213623047
2012-08-18,82.5999984741211,13.449999809265137,1.815999984741211,96.01000213623047
2012-08-19,82.5999984741211,13.449999809265137,1.815999984741211,96.01000213623047
2012-08-20,82.45999908447266,14.020000457763672,1.8140000104904175,95.97000122070312
2012-08-21,81.91000366210938,15.020000457763672,1.8049999475479126,96.68000030517578
2012-08-22,81.48999786376953,15.109999656677246,1.718999981880188,97.26000213623047
2012-08-23,81.36000061035156,15.960000038146973,1.6660000085830688,96.2699966430664
2012-08-24,81.58999633789062,15.180000305175781,1.6779999732971191,96.1500015258789
2012-08-25,81.58999633789062,15.180000305175781,1.6779999732971191,96.1500015258789
2012-08-26,81.58999633789062,15.180000305175781,1.6779999732971191,96.1500015258789
2012-08-27,81.66000366210938,16.350000381469727,1.6490000486373901,95.47000122070312
2012-08-28,81.37000274658203,16.489999771118164,1.6299999952316284,96.33000183105469
2012-08-29,81.55000305175781,17.059999465942383,1.6540000438690186,95.48999786376953
2012-08-30,81.68000030517578,17.829999923706055,1.6200000047683716,94.62000274658203
2012-08-31,81.25,17.469999313354492,1.562000036239624,96.47000122070312
2012-09-01,81.25,17.469999313354492,1.562000036239624,96.47000122070312
2012-09-02,81.25,17.469999313354492,1.562000036239624,96.47000122070312
2012-09-03,81.25,17.469999313354492,1.562000036239624,96.47000122070312
2012-09-04,81.31999969482422,17.979999542236328,1.5809999704360962,95.30000305175781
2012-09-05,81.23999786376953,17.739999771118164,1.593999981880188,95.36000061035156
2012-09-06,81.08000183105469,15.600000381469727,1.6729999780654907,95.52999877929688
2012-09-07,80.25,14.380000114440918,1.6610000133514404,96.41999816894531
2012-09-08,80.25,14.380000114440918,1.6610000133514404,96.41999816894531
2012-09-09,80.25,14.380000114440918,1.6610000133514404,96.41999816894531
2012-09-10,80.36000061035156,16.280000686645508,1.6829999685287476,96.54000091552734
2012-09-11,79.86000061035156,16.40999984741211,1.6950000524520874,97.16999816894531
2012-09-12,79.73999786376953,15.800000190734863,1.7649999856948853,97.01000213623047
2012-09-13,79.26000213623047,14.050000190734863,1.75600004196167,98.30999755859375
2012-09-14,78.8499984741211,14.510000228881836,1.8700000047683716,99.0
2012-09-15,78.8499984741211,14.510000228881836,1.8700000047683716,99.0
2012-09-16,78.8499984741211,14.510000228881836,1.8700000047683716,99.0
2012-09-17,79.01000213623047,14.59000015258789,1.8380000591278076,96.62000274658203
2012-09-18,79.25,14.180000305175781,1.812000036239624,95.29000091552734
2012-09-19,79.05999755859375,13.880000114440918,1.781999945640564,91.9800033569336
2012-09-20,79.41000366210938,14.069999694824219,1.7769999504089355,91.87000274658203
2012-09-21,79.33000183105469,13.979999542236328,1.7599999904632568,92.88999938964844
2012-09-22,79.33000183105469,13.979999542236328,1.7599999904632568,92.88999938964844
2012-09-23,79.33000183105469,13.979999542236328,1.7599999904632568,92.88999938964844
2012-09-24,79.5199966430664,14.149999618530273,1.718000054359436,91.93000030517578
2012-09-25,79.55000305175781,15.430000305175781,1.6820000410079956,91.37000274658203
2012-09-26,79.88999938964844,16.809999465942383,1.6180000305175781,89.9800033569336
2012-09-27,79.55000305175781,14.84000015258789,1.6399999856948853,91.8499984741211
2012-09-28,79.94000244140625,15.729999542236328,1.6369999647140503,92.19000244140625
2012-09-29,79.94000244140625,15.729999542236328,1.6369999647140503,92.19000244140625
2012-09-30,79.94000244140625,15.729999542236328,1.6369999647140503,92.19000244140625
2012-10-01,79.81999969482422,16.31999969482422,1.625,92.4800033569336
2012-10-02,79.73999786376953,15.710000038146973,1.6150000095367432,91.88999938964844
2012-10-03,79.97000122070312,15.430000305175781,1.6230000257492065,88.13999938964844
2012-10-04,79.3499984741211,14.550000190734863,1.6649999618530273,91.70999908447266
2012-10-05,79.33999633789062,14.329999923706055,1.7319999933242798,89.87999725341797
2012-10-06,79.33999633789062,14.329999923706055,1.7319999933242798,89.87999725341797
2012-10-07,79.33999633789062,14.329999923706055,1.7319999933242798,89.87999725341797
2012-10-08,79.54000091552734,15.109999656677246,1.746000051498413,89.33000183105469
2012-10-09,79.94999694824219,16.3700008392334,1.7200000286102295,92.38999938964844
2012-10-10,79.91999816894531,16.290000915527344,1.690999984741211,91.25
2012-10-11,79.77999877929688,15.59000015258789,1.6749999523162842,92.06999969482422
2012-10-12,79.69000244140625,16.139999389648438,1.6629999876022339,91.86000061035156
2012-10-13,79.69000244140625,16.139999389648438,1.6629999876022339,91.86000061035156
2012-10-14,79.69000244140625,16.139999389648438,1.6629999876022339,91.86000061035156
2012-10-15,79.73999786376953,15.270000457763672,1.6629999876022339,91.8499984741211
2012-10-16,79.37000274658203,15.220000267028809,1.7200000286102295,92.08999633789062
2012-10-17,79.0199966430664,15.069999694824219,1.8109999895095825,92.12000274658203
2012-10-18,79.37000274658203,15.029999732971191,1.8259999752044678,92.0999984741211
2012-10-19,79.63999938964844,17.059999465942383,1.7680000066757202,90.05000305175781
2012-10-20,79.63999938964844,17.059999465942383,1.7680000066757202,90.05000305175781
2012-10-21,79.63999938964844,17.059999465942383,1.7680000066757202,90.05000305175781
2012-10-22,79.6500015258789,16.6200008392334,1.7979999780654907,88.7300033569336
2012-10-23,79.9800033569336,18.829999923706055,1.7640000581741333,86.66999816894531
2012-10-24,79.97000122070312,18.329999923706055,1.774999976158142,85.7300033569336
2012-10-25,80.04000091552734,18.1200008392334,1.8279999494552612,86.05000305175781
2012-10-26,80.06999969482422,17.809999465942383,1.75,86.27999877929688
2012-10-27,80.06999969482422,17.809999465942383,1.75,86.27999877929688
2012-10-28,80.06999969482422,17.809999465942383,1.75,86.27999877929688
2012-10-29,80.06999969482422,17.809999465942383,1.75,86.27999877929688
2012-10-30,80.06999969482422,17.809999465942383,1.75,86.27999877929688
2012-10-31,79.91999816894531,18.600000381469727,1.6859999895095825,86.23999786376953
2012-11-01,80.05000305175781,16.690000534057617,1.715000033378601,87.08999633789062
2012-11-02,80.58999633789062,17.59000015258789,1.7259999513626099,84.86000061035156
2012-11-03,80.58999633789062,17.59000015258789,1.7259999513626099,84.86000061035156
2012-11-04,80.58999633789062,17.59000015258789,1.7259999513626099,84.86000061035156
2012-11-05,80.75,18.420000076293945,1.684000015258789,85.6500015258789
2012-11-06,80.61000061035156,17.579999923706055,1.7419999837875366,88.70999908447266
2012-11-07,80.76000213623047,19.079999923706055,1.6319999694824219,84.44000244140625
2012-11-08,80.79000091552734,18.489999771118164,1.6319999694824219,85.08999633789062
2012-11-09,81.02999877929688,18.610000610351562,1.6130000352859497,86.06999969482422
2012-11-10,81.02999877929688,18.610000610351562,1.6130000352859497,86.06999969482422
2012-11-11,81.02999877929688,18.610000610351562,1.6130000352859497,86.06999969482422
2012-11-12,81.04000091552734,16.68000030517578,1.6109999418258667,85.56999969482422
2012-11-13,81.08000183105469,16.649999618530273,1.5889999866485596,85.37999725341797
2012-11-14,81.05999755859375,17.920000076293945,1.5889999866485596,86.31999969482422
2012-11-15,81.08000183105469,17.989999771118164,1.5889999866485596,85.44999694824219
2012-11-16,81.26000213623047,16.40999984741211,1.5740000009536743,86.66999816894531
2012-11-17,81.26000213623047,16.40999984741211,1.5740000009536743,86.66999816894531
2012-11-18,81.26000213623047,16.40999984741211,1.5740000009536743,86.66999816894531
2012-11-19,80.87000274658203,15.239999771118164,1.6109999418258667,89.27999877929688
2012-11-20,80.95999908447266,15.079999923706055,1.656000018119812,86.75
2012-11-21,80.93000030517578,15.3100004196167,1.687000036239624,87.37999725341797
2012-11-22,80.93000030517578,15.3100004196167,1.687000036239624,87.37999725341797
2012-11-23,80.19000244140625,15.140000343322754,1.6929999589920044,88.27999877929688
2012-11-24,80.19000244140625,15.140000343322754,1.6929999589920044,88.27999877929688
2012-11-25,80.19000244140625,15.140000343322754,1.6929999589920044,88.27999877929688
2012-11-26,80.25,15.5,1.6640000343322754,87.73999786376953
2012-11-27,80.4000015258789,15.920000076293945,1.6449999809265137,87.18000030517578
2012-11-28,80.33999633789062,15.510000228881836,1.6169999837875366,86.48999786376953
2012-11-29,80.19999694824219,15.0600004196167,1.6200000047683716,88.06999969482422
2012-11-30,80.1500015258789,15.869999885559082,1.6059999465942383,88.91000366210938
2012-12-01,80.1500015258789,15.869999885559082,1.6059999465942383,88.91000366210938
2012-12-02,80.1500015258789,15.869999885559082,1.6059999465942383,88.91000366210938
2012-12-03,79.87999725341797,16.639999389648438,1.628000020980835,89.08999633789062
2012-12-04,79.63999938964844,17.1200008392334,1.6080000400543213,88.5
2012-12-05,79.7699966430664,16.459999084472656,1.590999960899353,87.87999725341797
2012-12-06,80.26000213623047,16.579999923706055,1.5809999704360962,86.26000213623047
2012-12-07,80.41999816894531,15.899999618530273,1.6269999742507935,85.93000030517578
2012-12-08,80.41999816894531,15.899999618530273,1.6269999742507935,85.93000030517578
2012-12-09,80.41999816894531,15.899999618530273,1.6269999742507935,85.93000030517578
2012-12-10,80.33000183105469,16.049999237060547,1.6160000562667847,85.55999755859375
2012-12-11,80.05999755859375,15.569999694824219,1.6490000486373901,85.79000091552734
2012-12-12,79.88999938964844,15.949999809265137,1.6970000267028809,86.7699966430664
2012-12-13,79.93000030517578,16.559999465942383,1.7280000448226929,85.88999938964844
2012-12-14,79.5999984741211,17.0,1.7079999446868896,86.7300033569336
2012-12-15,79.5999984741211,17.0,1.7079999446868896,86.7300033569336
2012-12-16,79.5999984741211,17.0,1.7079999446868896,86.7300033569336
2012-12-17,79.56999969482422,16.34000015258789,1.7630000114440918,87.19999694824219
2012-12-18,79.36000061035156,15.569999694824219,1.8270000219345093,87.93000030517578
2012-12-19,79.25,17.360000610351562,1.7999999523162842,89.51000213623047
2012-12-20,79.26000213623047,17.670000076293945,1.7999999523162842,90.12999725341797
2012-12-21,79.62000274658203,17.84000015258789,1.753999948501587,88.66000366210938
2012-12-22,79.62000274658203,17.84000015258789,1.753999948501587,88.66000366210938
2012-12-23,79.62000274658203,17.84000015258789,1.753999948501587,88.66000366210938
2012-12-24,79.63999938964844,17.84000015258789,1.7740000486373901,88.61000061035156
2012-12-25,79.63999938964844,17.84000015258789,1.7740000486373901,88.61000061035156
2012-12-26,79.62000274658203,19.479999542236328,1.7580000162124634,90.9800033569336
2012-12-27,79.62000274658203,19.469999313354492,1.715000033378601,90.87000274658203
2012-12-28,79.68000030517578,22.719999313354492,1.7109999656677246,90.80000305175781
2012-12-29,79.68000030517578,22.719999313354492,1.7109999656677246,90.80000305175781
2012-12-30,79.68000030517578,22.719999313354492,1.7109999656677246,90.80000305175781
2012-12-31,79.7699966430664,18.020000457763672,1.75600004196167,91.81999969482422
2013-01-01,79.7699966430664,18.020000457763672,1.75600004196167,91.81999969482422
2013-01-02,79.8499984741211,14.680000305175781,1.8389999866485596,93.12000274658203
2013-01-03,80.43000030517578,14.5600004196167,1.8990000486373901,92.91999816894531
2013-01-04,80.5,13.829999923706055,1.9149999618530273,93.08999633789062
2013-01-05,80.5,13.829999923706055,1.9149999618530273,93.08999633789062
2013-01-06,80.5,13.829999923706055,1.9149999618530273,93.08999633789062
2013-01-07,80.26000213623047,13.789999961853027,1.902999997138977,93.19000244140625
2013-01-08,80.3499984741211,13.619999885559082,1.871000051498413,93.1500015258789
2013-01-09,80.55999755859375,13.8100004196167,1.8519999980926514,93.0999984741211
2013-01-10,79.73999786376953,13.489999771118164,1.8940000534057617,93.81999969482422
2013-01-11,79.55999755859375,13.359999656677246,1.875,93.55999755859375
2013-01-12,79.55999755859375,13.359999656677246,1.875,93.55999755859375
2013-01-13,79.55999755859375,13.359999656677246,1.875,93.55999755859375
2013-01-14,79.48999786376953,13.520000457763672,1.8569999933242798,94.13999938964844
2013-01-15,79.77999877929688,13.550000190734863,1.8309999704360962,93.27999877929688
2013-01-16,79.80000305175781,13.420000076293945,1.8240000009536743,94.23999786376953
2013-01-17,79.6500015258789,13.569999694824219,1.875,95.48999786376953
2013-01-18,80.05000305175781,12.460000038146973,1.843000054359436,95.55999755859375
2013-01-19,80.05000305175781,12.460000038146973,1.843000054359436,95.55999755859375
2013-01-20,80.05000305175781,12.460000038146973,1.843000054359436,95.55999755859375
2013-01-21,80.05000305175781,12.460000038146973,1.843000054359436,95.55999755859375
2013-01-22,79.87000274658203,12.430000305175781,1.8350000381469727,96.23999786376953
2013-01-23,79.91999816894531,12.460000038146973,1.8329999446868896,95.2300033569336
2013-01-24,79.94999694824219,12.6899995803833,1.843999981880188,95.94999694824219
2013-01-25,79.75,12.890000343322754,1.9470000267028809,95.87999725341797
2013-01-26,79.75,12.890000343322754,1.9470000267028809,95.87999725341797
2013-01-27,79.75,12.890000343322754,1.9470000267028809,95.87999725341797
2013-01-28,79.77999877929688,13.569999694824219,1.9739999771118164,96.44000244140625
2013-01-29,79.55999755859375,13.3100004196167,1.9880000352859497,97.56999969482422
2013-01-30,79.27999877929688,14.319999694824219,2.00600004196167,97.94000244140625
2013-01-31,79.20999908447266,14.279999732971191,1.9850000143051147,97.48999786376953
2013-02-01,79.12999725341797,12.899999618530273,2.009999990463257,97.7699966430664
2013-02-02,79.12999725341797,12.899999618530273,2.009999990463257,97.7699966430664
2013-02-03,79.12999725341797,12.899999618530273,2.009999990463257,97.7699966430664
2013-02-04,79.55000305175781,14.670000076293945,1.9730000495910645,96.16999816894531
2013-02-05,79.48999786376953,13.720000267028809,2.0160000324249268,96.63999938964844
2013-02-06,79.72000122070312,13.40999984741211,1.968000054359436,96.62000274658203
2013-02-07,80.19000244140625,13.5,1.9509999752044678,95.83000183105469
2013-02-08,80.25,13.020000457763672,1.9539999961853027,95.72000122070312
2013-02-09,80.25,13.020000457763672,1.9539999961853027,95.72000122070312
2013-02-10,80.25,13.020000457763672,1.9539999961853027,95.72000122070312
2013-02-11,80.30999755859375,12.9399995803833,1.9459999799728394,97.02999877929688
2013-02-12,80.11000061035156,12.640000343322754,1.9819999933242798,97.51000213623047
2013-02-13,80.08999633789062,12.979999542236328,2.0190000534057617,97.01000213623047
2013-02-14,80.45999908447266,12.65999984741211,2.0,97.30999755859375
2013-02-15,80.58000183105469,12.460000038146973,2.006999969482422,95.86000061035156
2013-02-16,80.58000183105469,12.460000038146973,2.006999969482422,95.86000061035156
2013-02-17,80.58000183105469,12.460000038146973,2.006999969482422,95.86000061035156
2013-02-18,80.58000183105469,12.460000038146973,2.006999969482422,95.86000061035156
2013-02-19,80.47000122070312,12.3100004196167,2.0260000228881836,96.66000366210938
2013-02-20,81.08999633789062,14.680000305175781,2.0209999084472656,94.45999908447266
2013-02-21,81.45999908447266,15.220000267028809,1.9759999513626099,92.83999633789062
2013-02-22,81.4800033569336,14.170000076293945,1.9670000076293945,93.12999725341797
2013-02-23,81.4800033569336,14.170000076293945,1.9670000076293945,93.12999725341797
2013-02-24,81.4800033569336,14.170000076293945,1.9670000076293945,93.12999725341797
2013-02-25,81.66999816894531,18.989999771118164,1.8949999809265137,93.11000061035156
2013-02-26,81.87000274658203,16.8700008392334,1.878999948501587,92.62999725341797
2013-02-27,81.5999984741211,14.729999542236328,1.902999997138977,92.76000213623047
2013-02-28,81.9800033569336,15.510000228881836,1.8880000114440918,92.05000305175781
2013-03-01,82.30999755859375,15.359999656677246,1.8530000448226929,90.68000030517578
2013-03-02,82.30999755859375,15.359999656677246,1.8530000448226929,90.68000030517578
2013-03-03,82.30999755859375,15.359999656677246,1.8530000448226929,90.68000030517578
2013-03-04,82.22000122070312,14.010000228881836,1.8769999742507935,90.12000274658203
2013-03-05,82.08999633789062,13.479999542236328,1.8940000534057617,90.81999969482422
2013-03-06,82.45999908447266,13.529999732971191,1.937999963760376,90.43000030517578
2013-03-07,82.08000183105469,13.0600004196167,1.9910000562667847,91.55999755859375
2013-03-08,82.69999694824219,12.59000015258789,2.055999994277954,91.94999694824219
2013-03-09,82.69999694824219,12.59000015258789,2.055999994277954,91.94999694824219
2013-03-10,82.69999694824219,12.59000015258789,2.055999994277954,91.94999694824219
2013-03-11,82.56999969482422,11.5600004196167,2.055999994277954,92.05999755859375
2013-03-12,82.58000183105469,12.270000457763672,2.0230000019073486,92.54000091552734
2013-03-13,82.88999938964844,11.829999923706055,2.0209999084472656,92.5199966430664
2013-03-14,82.61000061035156,11.300000190734863,2.0329999923706055,93.02999877929688
2013-03-15,82.26000213623047,11.300000190734863,1.996000051498413,93.44999694824219
2013-03-16,82.26000213623047,11.300000190734863,1.996000051498413,93.44999694824219
2013-03-17,82.26000213623047,11.300000190734863,1.996000051498413,93.44999694824219
2013-03-18,82.69000244140625,13.359999656677246,1.9559999704360962,93.73999786376953
2013-03-19,82.98999786376953,14.390000343322754,1.9079999923706055,92.16000366210938
2013-03-20,82.77999877929688,12.670000076293945,1.937000036239624,92.95999908447266
2013-03-21,82.80000305175781,13.989999771118164,1.9320000410079956,92.44999694824219
2013-03-22,82.52999877929688,13.569999694824219,1.9149999618530273,93.70999908447266
2013-03-23,82.52999877929688,13.569999694824219,1.9149999618530273,93.70999908447266
2013-03-24,82.52999877929688,13.569999694824219,1.9149999618530273,93.70999908447266
2013-03-25,82.87000274658203,13.739999771118164,1.9149999618530273,94.80999755859375
2013-03-26,82.87999725341797,12.770000457763672,1.906000018119812,96.33999633789062
2013-03-27,83.20999908447266,13.149999618530273,1.8509999513626099,96.58000183105469
2013-03-28,82.98999786376953,12.699999809265137,1.8519999980926514,97.2300033569336
2013-03-29,82.98999786376953,12.699999809265137,1.8519999980926514,97.2300033569336
2013-03-30,82.98999786376953,12.699999809265137,1.8519999980926514,97.2300033569336
2013-03-31,82.98999786376953,12.699999809265137,1.8519999980926514,97.2300033569336
2013-04-01,82.7300033569336,13.579999923706055,1.840000033378601,97.06999969482422
2013-04-02,82.94000244140625,12.779999732971191,1.8609999418258667,97.19000244140625
2013-04-03,82.72000122070312,14.210000038146973,1.812000036239624,94.44999694824219
2013-04-04,82.68000030517578,13.890000343322754,1.7589999437332153,93.26000213623047
2013-04-05,82.5,13.920000076293945,1.694000005722046,92.69999694824219
2013-04-06,82.5,13.920000076293945,1.694000005722046,92.69999694824219
2013-04-07,82.5,13.920000076293945,1.694000005722046,92.69999694824219
2013-04-08,82.75,13.1899995803833,1.7319999933242798,93.36000061035156
2013-04-09,82.30999755859375,12.84000015258789,1.746999979019165,94.19999694824219
2013-04-10,82.52999877929688,12.359999656677246,1.8049999475479126,94.63999938964844
2013-04-11,82.25,12.239999771118164,1.7910000085830688,93.51000213623047
2013-04-12,82.30999755859375,12.0600004196167,1.7209999561309814,91.29000091552734
2013-04-13,82.30999755859375,12.0600004196167,1.7209999561309814,91.29000091552734
2013-04-14,82.30999755859375,12.0600004196167,1.7209999561309814,91.29000091552734
2013-04-15,82.41999816894531,17.270000457763672,1.7020000219345093,88.70999908447266
2013-04-16,81.75,13.960000038146973,1.718999981880188,88.72000122070312
2013-04-17,82.66000366210938,16.510000228881836,1.7039999961853027,86.68000030517578
2013-04-18,82.55000305175781,17.559999465942383,1.684999942779541,87.7300033569336
2013-04-19,82.70999908447266,14.970000267028809,1.7029999494552612,88.01000213623047
2013-04-20,82.70999908447266,14.970000267028809,1.7029999494552612,88.01000213623047
2013-04-21,82.70999908447266,14.970000267028809,1.7029999494552612,88.01000213623047
2013-04-22,82.68000030517578,14.390000343322754,1.6979999542236328,88.76000213623047
2013-04-23,83.02999877929688,13.479999542236328,1.6979999542236328,89.18000030517578
2013-04-24,82.93000030517578,13.609999656677246,1.6979999542236328,91.43000030517578
2013-04-25,82.73999786376953,13.619999885559082,1.7109999656677246,93.63999938964844
2013-04-26,82.4800033569336,13.609999656677246,1.6629999876022339,93.0
2013-04-27,82.4800033569336,13.609999656677246,1.6629999876022339,93.0
2013-04-28,82.4800033569336,13.609999656677246,1.6629999876022339,93.0
2013-04-29,82.1500015258789,13.710000038146973,1.6679999828338623,94.5
2013-04-30,81.7300033569336,13.520000457763672,1.6749999523162842,93.45999908447266
2013-05-01,81.63999938964844,14.489999771118164,1.6390000581741333,91.02999877929688
2013-05-02,82.20999908447266,13.59000015258789,1.63100004196167,93.98999786376953
2013-05-03,82.0999984741211,12.850000381469727,1.7519999742507935,95.61000061035156
2013-05-04,82.0999984741211,12.850000381469727,1.7519999742507935,95.61000061035156
2013-05-05,82.0999984741211,12.850000381469727,1.7519999742507935,95.61000061035156
2013-05-06,82.31999969482422,12.65999984741211,1.7710000276565552,96.16000366210938
2013-05-07,82.30000305175781,12.829999923706055,1.7829999923706055,95.62000274658203
2013-05-08,81.9000015258789,12.65999984741211,1.7599999904632568,96.62000274658203
2013-05-09,82.79000091552734,13.130000114440918,1.812999963760376,96.38999938964844
2013-05-10,83.13999938964844,12.59000015258789,1.899999976158142,96.04000091552734
2013-05-11,83.13999938964844,12.59000015258789,1.899999976158142,96.04000091552734
2013-05-12,83.13999938964844,12.59000015258789,1.899999976158142,96.04000091552734
2013-05-13,83.26000213623047,12.550000190734863,1.9229999780654907,95.16999816894531
2013-05-14,83.56999969482422,12.770000457763672,1.9520000219345093,94.20999908447266
2013-05-15,83.83000183105469,12.8100004196167,1.9429999589920044,94.30000305175781
2013-05-16,83.7699966430664,13.069999694824219,1.8650000095367432,95.16000366210938
2013-05-17,84.27999877929688,12.449999809265137,1.9490000009536743,96.0199966430664
2013-05-18,84.27999877929688,12.449999809265137,1.9490000009536743,96.0199966430664
2013-05-19,84.27999877929688,12.449999809265137,1.9490000009536743,96.0199966430664
2013-05-20,83.80999755859375,13.020000457763672,1.965000033378601,96.70999908447266
2013-05-21,83.86000061035156,13.369999885559082,1.944000005722046,96.16000366210938
2013-05-22,84.25,13.819999694824219,2.0260000228881836,94.27999877929688
2013-05-23,83.80000305175781,14.069999694824219,2.0230000019073486,94.25
2013-05-24,83.69999694824219,13.989999771118164,2.010999917984009,94.1500015258789
2013-05-25,83.69999694824219,13.989999771118164,2.010999917984009,94.1500015258789
2013-05-26,83.69999694824219,13.989999771118164,2.010999917984009,94.1500015258789
2013-05-27,83.69999694824219,13.989999771118164,2.010999917984009,94.1500015258789
2013-05-28,84.13999938964844,14.479999542236328,2.134999990463257,95.01000213623047
2013-05-29,83.63999938964844,14.829999923706055,2.124000072479248,93.12999725341797
2013-05-30,83.01000213623047,14.529999732971191,2.124000072479248,93.61000061035156
2013-05-31,83.37999725341797,16.299999237060547,2.1640000343322754,91.97000122070312
2013-06-01,83.37999725341797,16.299999237060547,2.1640000343322754,91.97000122070312
2013-06-02,83.37999725341797,16.299999237060547,2.1640000343322754,91.97000122070312
2013-06-03,82.68000030517578,16.280000686645508,2.134000062942505,93.44999694824219
2013-06-04,82.7699966430664,16.270000457763672,2.13700008392334,93.30999755859375
2013-06-05,82.56999969482422,17.5,2.0999999046325684,93.73999786376953
2013-06-06,81.5199966430664,16.6299991607666,2.075000047683716,94.76000213623047
2013-06-07,81.69000244140625,15.140000343322754,2.1610000133514404,96.02999877929688
2013-06-08,81.69000244140625,15.140000343322754,2.1610000133514404,96.02999877929688
2013-06-09,81.69000244140625,15.140000343322754,2.1610000133514404,96.02999877929688
2013-06-10,81.6500015258789,15.4399995803833,2.2149999141693115,95.7699966430664
2013-06-11,81.05999755859375,17.06999969482422,2.194999933242798,95.37999725341797
2013-06-12,80.95999908447266,18.59000015258789,2.2300000190734863,95.87999725341797
2013-06-13,80.62000274658203,16.40999984741211,2.1740000247955322,96.69000244140625
2013-06-14,80.66999816894531,17.149999618530273,2.125999927520752,97.8499984741211
2013-06-15,80.66999816894531,17.149999618530273,2.125999927520752,97.8499984741211
2013-06-16,80.66999816894531,17.149999618530273,2.125999927520752,97.8499984741211
2013-06-17,80.56999969482422,16.799999237060547,2.1710000038146973,97.7699966430664
2013-06-18,80.62000274658203,16.610000610351562,2.181999921798706,98.44000244140625
2013-06-19,81.43000030517578,16.639999389648438,2.311000108718872,98.23999786376953
2013-06-20,81.83999633789062,20.489999771118164,2.4189999103546143,95.4000015258789
2013-06-21,82.31999969482422,18.899999618530273,2.5139999389648438,93.69000244140625
2013-06-22,82.31999969482422,18.899999618530273,2.5139999389648438,93.69000244140625
2013-06-23,82.31999969482422,18.899999618530273,2.5139999389648438,93.69000244140625
2013-06-24,82.43000030517578,20.110000610351562,2.5480000972747803,95.18000030517578
2013-06-25,82.58000183105469,18.469999313354492,2.5889999866485596,95.31999969482422
2013-06-26,82.94999694824219,17.209999084472656,2.5390000343322754,95.5
2013-06-27,82.91000366210938,16.860000610351562,2.4830000400543213,97.05000305175781
2013-06-28,83.16999816894531,16.860000610351562,2.4779999256134033,96.55999755859375
2013-06-29,83.16999816894531,16.860000610351562,2.4779999256134033,96.55999755859375
2013-06-30,83.16999816894531,16.860000610351562,2.4779999256134033,96.55999755859375
2013-07-01,82.9800033569336,16.3700008392334,2.490000009536743,97.98999786376953
2013-07-02,83.54000091552734,16.440000534057617,2.4690001010894775,99.5999984741211
2013-07-03,83.2300033569336,16.200000762939453,2.500999927520752,101.23999786376953
2013-07-04,83.2300033569336,16.200000762939453,2.500999927520752,101.23999786376953
2013-07-05,84.41999816894531,14.890000343322754,2.7149999141693115,103.22000122070312
2013-07-06,84.41999816894531,14.890000343322754,2.7149999141693115,103.22000122070312
2013-07-07,84.41999816894531,14.890000343322754,2.7149999141693115,103.22000122070312
2013-07-08,84.19999694824219,14.779999732971191,2.6449999809265137,103.13999938964844
2013-07-09,84.58000183105469,14.350000381469727,2.630000114440918,103.52999877929688
2013-07-10,84.04000091552734,14.210000038146973,2.680000066757202,106.5199966430664
2013-07-11,82.75,14.010000228881836,2.5739998817443848,104.91000366210938
2013-07-12,82.98999786376953,13.84000015258789,2.6010000705718994,105.94999694824219
2013-07-13,82.98999786376953,13.84000015258789,2.6010000705718994,105.94999694824219
2013-07-14,82.98999786376953,13.84000015258789,2.6010000705718994,105.94999694824219
2013-07-15,83.04000091552734,13.789999961853027,2.555999994277954,106.31999969482422
2013-07-16,82.43000030517578,14.420000076293945,2.5320000648498535,106.0
2013-07-17,82.70999908447266,13.779999732971191,2.490999937057495,106.4800033569336
2013-07-18,82.81999969482422,13.770000457763672,2.5339999198913574,108.04000091552734
2013-07-19,82.58000183105469,12.539999961853027,2.490999937057495,108.05000305175781
2013-07-20,82.58000183105469,12.539999961853027,2.490999937057495,108.05000305175781
2013-07-21,82.58000183105469,12.539999961853027,2.490999937057495,108.05000305175781
2013-07-22,82.22000122070312,12.289999961853027,2.48799991607666,106.91000366210938
2013-07-23,82.01000213623047,12.65999984741211,2.5160000324249268,107.2300033569336
2013-07-24,82.30000305175781,13.180000305175781,2.5880000591278076,105.38999938964844
2013-07-25,81.97000122070312,12.970000267028809,2.6070001125335693,105.48999786376953
2013-07-26,81.62000274658203,12.720000267028809,2.561000108718872,104.69999694824219
2013-07-27,81.62000274658203,12.720000267028809,2.561000108718872,104.69999694824219
2013-07-28,81.62000274658203,12.720000267028809,2.561000108718872,104.69999694824219
2013-07-29,81.66000366210938,13.390000343322754,2.5850000381469727,104.55000305175781
2013-07-30,81.83000183105469,13.390000343322754,2.6029999256134033,103.08000183105469
2013-07-31,81.44999694824219,13.449999809265137,2.5929999351501465,105.02999877929688
2013-08-01,82.33999633789062,12.9399995803833,2.7230000495910645,107.88999938964844
2013-08-02,81.91000366210938,11.979999542236328,2.6019999980926514,106.94000244140625
2013-08-03,81.91000366210938,11.979999542236328,2.6019999980926514,106.94000244140625
2013-08-04,81.91000366210938,11.979999542236328,2.6019999980926514,106.94000244140625
2013-08-05,81.87999725341797,11.84000015258789,2.640000104904175,106.55999755859375
2013-08-06,81.5999984741211,12.720000267028809,2.6419999599456787,105.30000305175781
2013-08-07,81.29000091552734,12.979999542236328,2.5999999046325684,104.37000274658203
2013-08-08,81.01000213623047,12.729999542236328,2.5869998931884766,103.4000015258789
2013-08-09,81.12999725341797,13.40999984741211,2.5799999237060547,105.97000122070312
2013-08-10,81.12999725341797,13.40999984741211,2.5799999237060547,105.97000122070312
2013-08-11,81.12999725341797,13.40999984741211,2.5799999237060547,105.97000122070312
2013-08-12,81.33000183105469,12.8100004196167,2.6050000190734863,106.11000061035156
2013-08-13,81.7300033569336,12.3100004196167,2.7149999141693115,106.83000183105469
2013-08-14,81.69999694824219,13.039999961853027,2.7119998931884766,106.8499984741211
2013-08-15,81.12999725341797,14.729999542236328,2.755000114440918,107.33000183105469
2013-08-16,81.26000213623047,14.369999885559082,2.8289999961853027,107.45999908447266
2013-08-17,81.26000213623047,14.369999885559082,2.8289999961853027,107.45999908447266
2013-08-18,81.26000213623047,14.369999885559082,2.8289999961853027,107.45999908447266
2013-08-19,81.2300033569336,15.100000381469727,2.884000062942505,107.0999984741211
2013-08-20,80.91000366210938,14.90999984741211,2.813999891281128,104.97000122070312
2013-08-21,81.31999969482422,15.9399995803833,2.8550000190734863,103.8499984741211
2013-08-22,81.48999786376953,14.760000228881836,2.9010000228881836,105.02999877929688
2013-08-23,81.33999633789062,13.979999542236328,2.818000078201294,106.41999816894531
2013-08-24,81.33999633789062,13.979999542236328,2.818000078201294,106.41999816894531
2013-08-25,81.33999633789062,13.979999542236328,2.818000078201294,106.41999816894531
2013-08-26,81.37000274658203,14.989999771118164,2.805000066757202,105.91999816894531
2013-08-27,81.16999816894531,16.770000457763672,2.7209999561309814,109.01000213623047
2013-08-28,81.41999816894531,16.489999771118164,2.7820000648498535,110.0999984741211
2013-08-29,81.94999694824219,16.809999465942383,2.750999927520752,108.80000305175781
2013-08-30,82.08999633789062,17.010000228881836,2.749000072479248,107.6500015258789
2013-08-31,82.08999633789062,17.010000228881836,2.749000072479248,107.6500015258789
2013-09-01,82.08999633789062,17.010000228881836,2.749000072479248,107.6500015258789
2013-09-02,82.08999633789062,17.010000228881836,2.749000072479248,107.6500015258789
2013-09-03,82.36000061035156,16.610000610351562,2.8480000495910645,108.54000091552734
2013-09-04,82.16999816894531,15.880000114440918,2.8970000743865967,107.2300033569336
2013-09-05,82.62999725341797,15.770000457763672,2.9790000915527344,108.37000274658203
2013-09-06,82.1500015258789,15.850000381469727,2.937999963760376,110.52999877929688
2013-09-07,82.1500015258789,15.850000381469727,2.937999963760376,110.52999877929688
2013-09-08,82.1500015258789,15.850000381469727,2.937999963760376,110.52999877929688
2013-09-09,81.79000091552734,15.630000114440918,2.8970000743865967,109.5199966430664
2013-09-10,81.81999969482422,14.529999732971191,2.9590001106262207,107.38999938964844
2013-09-11,81.5199966430664,13.819999694824219,2.9200000762939453,107.55999755859375
2013-09-12,81.48999786376953,14.289999961853027,2.9070000648498535,108.5999984741211
2013-09-13,81.44999694824219,14.15999984741211,2.8980000019073486,108.20999908447266
2013-09-14,81.44999694824219,14.15999984741211,2.8980000019073486,108.20999908447266
2013-09-15,81.44999694824219,14.15999984741211,2.8980000019073486,108.20999908447266
2013-09-16,81.25,14.380000114440918,2.874000072479248,106.58999633789062
2013-09-17,81.16999816894531,14.529999732971191,2.8529999256134033,105.41999816894531
2013-09-18,80.23999786376953,13.59000015258789,2.7079999446868896,108.06999969482422
2013-09-19,80.36000061035156,13.15999984741211,2.747999906539917,106.38999938964844
2013-09-20,80.44000244140625,13.119999885559082,2.7320001125335693,104.68000030517578
2013-09-21,80.44000244140625,13.119999885559082,2.7320001125335693,104.68000030517578
2013-09-22,80.44000244140625,13.119999885559082,2.7320001125335693,104.68000030517578
2013-09-23,80.44999694824219,14.3100004196167,2.7139999866485596,103.58999633789062
2013-09-24,80.55999755859375,14.079999923706055,2.6530001163482666,103.12999725341797
2013-09-25,80.33000183105469,14.010000228881836,2.614000082015991,102.66000366210938
2013-09-26,80.5199966430664,14.0600004196167,2.6429998874664307,103.02999877929688
2013-09-27,80.2699966430664,15.460000038146973,2.61899995803833,102.87000274658203
2013-09-28,80.2699966430664,15.460000038146973,2.61899995803833,102.87000274658203
2013-09-29,80.2699966430664,15.460000038146973,2.61899995803833,102.87000274658203
2013-09-30,80.22000122070312,16.600000381469727,2.615000009536743,102.33000183105469
2013-10-01,80.0999984741211,15.539999961853027,2.6459999084472656,102.04000091552734
2013-10-02,79.87999725341797,16.600000381469727,2.625999927520752,104.0999984741211
2013-10-03,79.7699966430664,17.670000076293945,2.6059999465942383,103.30999755859375
2013-10-04,80.12000274658203,16.739999771118164,2.6519999504089355,103.83999633789062
2013-10-05,80.12000274658203,16.739999771118164,2.6519999504089355,103.83999633789062
2013-10-06,80.12000274658203,16.739999771118164,2.6519999504089355,103.83999633789062
2013-10-07,79.94000244140625,19.40999984741211,2.634000062942505,103.02999877929688
2013-10-08,80.05999755859375,20.34000015258789,2.635999917984009,103.48999786376953
2013-10-09,80.37000274658203,19.600000381469727,2.6500000953674316,101.61000061035156
2013-10-10,80.41999816894531,16.479999542236328,2.684999942779541,103.01000213623047
2013-10-11,80.36000061035156,15.720000267028809,2.681999921798706,102.0199966430664
2013-10-12,80.36000061035156,15.720000267028809,2.681999921798706,102.0199966430664
2013-10-13,80.36000061035156,15.720000267028809,2.681999921798706,102.0199966430664
2013-10-14,80.26000213623047,16.06999969482422,2.690999984741211,102.41000366210938
2013-10-15,80.4800033569336,18.65999984741211,2.7200000286102295,101.20999908447266
2013-10-16,80.5,14.710000038146973,2.6710000038146973,102.29000091552734
2013-10-17,79.6500015258789,13.479999542236328,2.5869998931884766,100.66999816894531
2013-10-18,79.63999938964844,13.039999961853027,2.5889999866485596,100.80999755859375
2013-10-19,79.63999938964844,13.039999961853027,2.5889999866485596,100.80999755859375
2013-10-20,79.63999938964844,13.039999961853027,2.5889999866485596,100.80999755859375
2013-10-21,79.68000030517578,13.15999984741211,2.6089999675750732,99.22000122070312
2013-10-22,79.23999786376953,13.329999923706055,2.51200008392334,97.80000305175781
2013-10-23,79.26000213623047,13.420000076293945,2.484999895095825,96.86000061035156
2013-10-24,79.19000244140625,13.199999809265137,2.5220000743865967,97.11000061035156
2013-10-25,79.18000030517578,13.09000015258789,2.503000020980835,97.8499984741211
2013-10-26,79.18000030517578,13.09000015258789,2.503000020980835,97.8499984741211
2013-10-27,79.18000030517578,13.09000015258789,2.503000020980835,97.8499984741211
2013-10-28,79.25,13.3100004196167,2.51200008392334,98.68000030517578
2013-10-29,79.62999725341797,13.40999984741211,2.506999969482422,98.19999694824219
2013-10-30,79.75,13.649999618530273,2.5269999504089355,96.7699966430664
2013-10-31,80.19999694824219,13.75,2.5420000553131104,96.37999725341797
2013-11-01,80.7300033569336,13.279999732971191,2.619999885559082,94.61000061035156
2013-11-02,80.7300033569336,13.279999732971191,2.619999885559082,94.61000061035156
2013-11-03,80.7300033569336,13.279999732971191,2.619999885559082,94.61000061035156
2013-11-04,80.55000305175781,12.930000305175781,2.6019999980926514,94.62000274658203
2013-11-05,80.70999908447266,13.270000457763672,2.6619999408721924,93.37000274658203
2013-11-06,80.4800033569336,12.670000076293945,2.640000104904175,94.80000305175781
2013-11-07,80.81999969482422,13.90999984741211,2.61299991607666,94.19999694824219
2013-11-08,81.20999908447266,12.899999618530273,2.746000051498413,94.5999984741211
2013-11-09,81.20999908447266,12.899999618530273,2.746000051498413,94.5999984741211
2013-11-10,81.20999908447266,12.899999618530273,2.746000051498413,94.5999984741211
2013-11-11,81.08999633789062,12.529999732971191,2.750999927520752,95.13999938964844
2013-11-12,81.19000244140625,12.819999694824219,2.7679998874664307,93.04000091552734
2013-11-13,80.93000030517578,12.520000457763672,2.7249999046325684,93.87999725341797
2013-11-14,80.9800033569336,12.369999885559082,2.7019999027252197,93.76000213623047
2013-11-15,80.83999633789062,12.1899995803833,2.7090001106262207,93.83999633789062
2013-11-16,80.83999633789062,12.1899995803833,2.7090001106262207,93.83999633789062
2013-11-17,80.83999633789062,12.1899995803833,2.7090001106262207,93.83999633789062
2013-11-18,80.83000183105469,13.100000381469727,2.677999973297119,93.02999877929688
2013-11-19,80.69999694824219,13.390000343322754,2.7119998931884766,93.33999633789062
2013-11-20,81.11000061035156,13.399999618530273,2.7920000553131104,93.33000183105469
2013-11-21,81.05000305175781,12.65999984741211,2.7839999198913574,95.44000244140625
2013-11-22,80.70999908447266,12.260000228881836,2.752000093460083,94.83999633789062
2013-11-23,80.70999908447266,12.260000228881836,2.752000093460083,94.83999633789062
2013-11-24,80.70999908447266,12.260000228881836,2.752000093460083,94.83999633789062
2013-11-25,80.91999816894531,12.789999961853027,2.740999937057495,94.08999633789062
2013-11-26,80.61000061035156,12.8100004196167,2.696000099182129,93.68000030517578
2013-11-27,80.73999786376953,12.979999542236328,2.7360000610351562,92.30000305175781
2013-11-28,80.73999786376953,12.979999542236328,2.7360000610351562,92.30000305175781
2013-11-29,80.68000030517578,13.699999809265137,2.740999937057495,92.72000122070312
2013-11-30,80.68000030517578,13.699999809265137,2.740999937057495,92.72000122070312
2013-12-01,80.68000030517578,13.699999809265137,2.740999937057495,92.72000122070312
2013-12-02,80.91000366210938,14.229999542236328,2.8010001182556152,93.81999969482422
2013-12-03,80.62000274658203,14.550000190734863,2.7750000953674316,96.04000091552734
2013-12-04,80.62999725341797,14.699999809265137,2.8410000801086426,97.19999694824219
2013-12-05,80.2699966430664,15.079999923706055,2.861999988555908,97.37999725341797
2013-12-06,80.2699966430664,13.789999961853027,2.882999897003174,97.6500015258789
2013-12-07,80.2699966430664,13.789999961853027,2.882999897003174,97.6500015258789
2013-12-08,80.2699966430664,13.789999961853027,2.882999897003174,97.6500015258789
2013-12-09,80.12999725341797,13.489999771118164,2.8570001125335693,97.33999633789062
2013-12-10,79.97000122070312,13.90999984741211,2.796999931335449,98.51000213623047
2013-12-11,79.88999938964844,15.420000076293945,2.8440001010894775,97.44000244140625
2013-12-12,80.19999694824219,15.539999961853027,2.877000093460083,97.5
2013-12-13,80.20999908447266,15.760000228881836,2.868000030517578,96.5999984741211
2013-12-14,80.20999908447266,15.760000228881836,2.868000030517578,96.5999984741211
2013-12-15,80.20999908447266,15.760000228881836,2.868000030517578,96.5999984741211
2013-12-16,80.06999969482422,16.030000686645508,2.877000093460083,97.4800033569336
2013-12-17,80.05999755859375,16.209999084472656,2.8429999351501465,97.22000122070312
2013-12-18,80.11000061035156,13.800000190734863,2.884999990463257,97.80000305175781
2013-12-19,80.62999725341797,14.149999618530273,2.924999952316284,98.7699966430664
2013-12-20,80.58000183105469,13.789999961853027,2.88700008392334,99.31999969482422
2013-12-21,80.58000183105469,13.789999961853027,2.88700008392334,99.31999969482422
2013-12-22,80.58000183105469,13.789999961853027,2.88700008392334,99.31999969482422
2013-12-23,80.44999694824219,13.039999961853027,2.928999900817871,98.91000366210938
2013-12-24,80.52999877929688,12.479999542236328,2.9830000400543213,99.22000122070312
2013-12-25,80.52999877929688,12.479999542236328,2.9830000400543213,99.22000122070312
2013-12-26,80.4800033569336,12.329999923706055,2.990000009536743,99.55000305175781
2013-12-27,80.38999938964844,12.460000038146973,3.00600004196167,100.31999969482422
2013-12-28,80.38999938964844,12.460000038146973,3.00600004196167,100.31999969482422
2013-12-29,80.38999938964844,12.460000038146973,3.00600004196167,100.31999969482422
2013-12-30,80.0,13.5600004196167,2.9760000705718994,99.29000091552734
2013-12-31,80.04000091552734,13.720000267028809,3.0260000228881836,98.41999816894531
2014-01-01,80.04000091552734,13.720000267028809,3.0260000228881836,98.41999816894531
2014-01-02,80.62999725341797,14.229999542236328,2.984999895095825,95.44000244140625
2014-01-03,80.79000091552734,13.760000228881836,2.994999885559082,93.95999908447266
2014-01-04,80.79000091552734,13.760000228881836,2.994999885559082,93.95999908447266
2014-01-05,80.79000091552734,13.760000228881836,2.994999885559082,93.95999908447266
2014-01-06,80.6500015258789,13.550000190734863,2.9609999656677246,93.43000030517578
2014-01-07,80.83000183105469,12.920000076293945,2.937000036239624,93.66999816894531
2014-01-08,81.04000091552734,12.869999885559082,2.993000030517578,92.33000183105469
2014-01-09,81.01000213623047,12.890000343322754,2.9630000591278076,91.66000366210938
2014-01-10,80.66000366210938,12.140000343322754,2.859999895095825,92.72000122070312
2014-01-11,80.66000366210938,12.140000343322754,2.859999895095825,92.72000122070312
2014-01-12,80.66000366210938,12.140000343322754,2.859999895095825,92.72000122070312
2014-01-13,80.51000213623047,13.279999732971191,2.8269999027252197,91.80000305175781
2014-01-14,80.61000061035156,12.279999732971191,2.86899995803833,92.58999633789062
2014-01-15,81.0,12.279999732971191,2.884000062942505,94.16999816894531
2014-01-16,80.9000015258789,12.529999732971191,2.8429999351501465,93.95999908447266
2014-01-17,81.26000213623047,12.4399995803833,2.8269999027252197,94.37000274658203
2014-01-18,81.26000213623047,12.4399995803833,2.8269999027252197,94.37000274658203
2014-01-19,81.26000213623047,12.4399995803833,2.8269999027252197,94.37000274658203
2014-01-20,81.26000213623047,12.4399995803833,2.8269999027252197,94.37000274658203
2014-01-21,81.0999984741211,12.869999885559082,2.825000047683716,94.98999786376953
2014-01-22,81.16999816894531,12.84000015258789,2.859999895095825,96.7300033569336
2014-01-23,80.44000244140625,13.770000457763672,2.7730000019073486,97.31999969482422
2014-01-24,80.45999908447266,18.139999389648438,2.734999895095825,96.63999938964844
2014-01-25,80.45999908447266,18.139999389648438,2.734999895095825,96.63999938964844
2014-01-26,80.45999908447266,18.139999389648438,2.734999895095825,96.63999938964844
2014-01-27,80.5,17.420000076293945,2.7660000324249268,95.72000122070312
2014-01-28,80.56999969482422,15.800000190734863,2.746000051498413,97.41000366210938
2014-01-29,80.51000213623047,17.350000381469727,2.674999952316284,97.36000061035156
2014-01-30,81.08999633789062,17.290000915527344,2.693000078201294,98.2300033569336
2014-01-31,81.2699966430664,18.40999984741211,2.6679999828338623,97.48999786376953
2014-02-01,81.2699966430664,18.40999984741211,2.6679999828338623,97.48999786376953
2014-02-02,81.2699966430664,18.40999984741211,2.6679999828338623,97.48999786376953
2014-02-03,81.01000213623047,21.440000534057617,2.5810000896453857,96.43000030517578
2014-02-04,81.12000274658203,19.110000610351562,2.624000072479248,97.19000244140625
2014-02-05,81.02999877929688,19.950000762939453,2.6670000553131104,97.37999725341797
2014-02-06,80.88999938964844,17.229999542236328,2.7019999027252197,97.83999633789062
2014-02-07,80.69000244140625,15.289999961853027,2.674999952316284,99.87999725341797
2014-02-08,80.69000244140625,15.289999961853027,2.674999952316284,99.87999725341797
2014-02-09,80.69000244140625,15.289999961853027,2.674999952316284,99.87999725341797
2014-02-10,80.66999816894531,15.260000228881836,2.677999973297119,100.05999755859375
2014-02-11,80.62999725341797,14.510000228881836,2.7190001010894775,99.94000244140625
2014-02-12,80.68000030517578,14.300000190734863,2.763000011444092,100.37000274658203
2014-02-13,80.29000091552734,14.140000343322754,2.7360000610351562,100.3499984741211
2014-02-14,80.12999725341797,13.569999694824219,2.746000051498413,100.30000305175781
2014-02-15,80.12999725341797,13.569999694824219,2.746000051498413,100.30000305175781
2014-02-16,80.12999725341797,13.569999694824219,2.746000051498413,100.30000305175781
2014-02-17,80.12999725341797,13.569999694824219,2.746000051498413,100.30000305175781
2014-02-18,80.01000213623047,13.869999885559082,2.7109999656677246,102.43000030517578
2014-02-19,80.16999816894531,15.5,2.7339999675750732,103.30999755859375
2014-02-20,80.29000091552734,14.789999961853027,2.753999948501587,102.91999816894531
2014-02-21,80.23999786376953,14.680000305175781,2.7339999675750732,102.19999694824219
2014-02-22,80.23999786376953,14.680000305175781,2.7339999675750732,102.19999694824219
2014-02-23,80.23999786376953,14.680000305175781,2.7339999675750732,102.19999694824219
2014-02-24,80.20999908447266,14.229999542236328,2.75,102.81999969482422
2014-02-25,80.1500015258789,13.670000076293945,2.7009999752044678,101.83000183105469
2014-02-26,80.41000366210938,14.350000381469727,2.6730000972747803,102.58999633789062
2014-02-27,80.29000091552734,14.039999961853027,2.6419999599456787,102.4000015258789
2014-02-28,79.77999877929688,14.0,2.6579999923706055,102.58999633789062
2014-03-01,79.77999877929688,14.0,2.6579999923706055,102.58999633789062
2014-03-02,79.77999877929688,14.0,2.6579999923706055,102.58999633789062
2014-03-03,80.06999969482422,16.0,2.6070001125335693,104.91999816894531
2014-03-04,80.16000366210938,14.100000381469727,2.690999984741211,103.33000183105469
2014-03-05,80.11000061035156,13.890000343322754,2.697999954223633,101.44999694824219
2014-03-06,79.68000030517578,14.210000038146973,2.736999988555908,101.55999755859375
2014-03-07,79.72000122070312,14.109999656677246,2.7899999618530273,102.58000183105469
2014-03-08,79.72000122070312,14.109999656677246,2.7899999618530273,102.58000183105469
2014-03-09,79.72000122070312,14.109999656677246,2.7899999618530273,102.58000183105469
2014-03-10,79.75,14.199999809265137,2.7839999198913574,101.12000274658203
2014-03-11,79.7699966430664,14.800000190734863,2.7660000324249268,100.02999877929688
2014-03-12,79.61000061035156,14.470000267028809,2.7260000705718994,97.98999786376953
2014-03-13,79.62000274658203,16.219999313354492,2.6530001163482666,98.19999694824219
2014-03-14,79.44000244140625,17.81999969482422,2.6449999809265137,98.88999938964844
2014-03-15,79.44000244140625,17.81999969482422,2.6449999809265137,98.88999938964844
2014-03-16,79.44000244140625,17.81999969482422,2.6449999809265137,98.88999938964844
2014-03-17,79.38999938964844,15.640000343322754,2.6989998817443848,98.08000183105469
2014-03-18,79.41000366210938,14.520000457763672,2.680999994277954,99.69999694824219
2014-03-19,79.98999786376953,15.119999885559082,2.7720000743865967,100.37000274658203
2014-03-20,80.20999908447266,14.520000457763672,2.7750000953674316,99.43000030517578
2014-03-21,80.11000061035156,15.0,2.75,99.45999908447266
2014-03-22,80.11000061035156,15.0,2.75,99.45999908447266
2014-03-23,80.11000061035156,15.0,2.75,99.45999908447266
2014-03-24,79.93000030517578,15.09000015258789,2.7330000400543213,99.5999984741211
2014-03-25,79.94000244140625,14.020000457763672,2.734999895095825,99.19000244140625
2014-03-26,79.9800033569336,14.930000305175781,2.7009999752044678,100.26000213623047
2014-03-27,80.11000061035156,14.619999885559082,2.671999931335449,101.27999877929688
2014-03-28,80.18000030517578,14.40999984741211,2.7119998931884766,101.66999816894531
2014-03-29,80.18000030517578,14.40999984741211,2.7119998931884766,101.66999816894531
2014-03-30,80.18000030517578,14.40999984741211,2.7119998931884766,101.66999816894531
2014-03-31,80.0999984741211,13.880000114440918,2.7230000495910645,101.58000183105469
2014-04-01,80.08000183105469,13.100000381469727,2.759000062942505,99.73999786376953
2014-04-02,80.22000122070312,13.09000015258789,2.802999973297119,99.62000274658203
2014-04-03,80.47000122070312,13.369999885559082,2.7899999618530273,100.29000091552734
2014-04-04,80.41999816894531,13.960000038146973,2.7260000705718994,101.13999938964844
2014-04-05,80.41999816894531,13.960000038146973,2.7260000705718994,101.13999938964844
2014-04-06,80.41999816894531,13.960000038146973,2.7260000705718994,101.13999938964844
2014-04-07,80.22000122070312,15.569999694824219,2.694999933242798,100.44000244140625
2014-04-08,79.75,14.890000343322754,2.680999994277954,102.55999755859375
2014-04-09,79.4800033569336,13.819999694824219,2.684000015258789,103.5999984741211
2014-04-10,79.37999725341797,15.890000343322754,2.628000020980835,103.4000015258789
2014-04-11,79.44999694824219,17.030000686645508,2.61899995803833,103.73999786376953
2014-04-12,79.44999694824219,17.030000686645508,2.61899995803833,103.73999786376953
2014-04-13,79.44999694824219,17.030000686645508,2.61899995803833,103.73999786376953
2014-04-14,79.7300033569336,16.110000610351562,2.6389999389648438,104.05000305175781
2014-04-15,79.80000305175781,15.609999656677246,2.628000020980835,103.75
2014-04-16,79.81999969482422,14.180000305175781,2.63700008392334,103.76000213623047
2014-04-17,79.83000183105469,13.359999656677246,2.7209999561309814,104.30000305175781
2014-04-18,79.83000183105469,13.359999656677246,2.7209999561309814,104.30000305175781
2014-04-19,79.83000183105469,13.359999656677246,2.7209999561309814,104.30000305175781
2014-04-20,79.83000183105469,13.359999656677246,2.7209999561309814,104.30000305175781
2014-04-21,79.94999694824219,13.25,2.7209999561309814,104.37000274658203
2014-04-22,79.91000366210938,13.1899995803833,2.7260000705718994,102.12999725341797
2014-04-23,79.86000061035156,13.270000457763672,2.686000108718872,101.44000244140625
2014-04-24,79.80000305175781,13.319999694824219,2.687999963760376,101.94000244140625
2014-04-25,79.7699966430664,14.0600004196167,2.6659998893737793,100.5999984741211
2014-04-26,79.7699966430664,14.0600004196167,2.6659998893737793,100.5999984741211
2014-04-27,79.7699966430664,14.0600004196167,2.6659998893737793,100.5999984741211
2014-04-28,79.68000030517578,13.970000267028809,2.677000045776367,100.83999633789062
2014-04-29,79.80999755859375,13.710000038146973,2.694999933242798,101.27999877929688
2014-04-30,79.48999786376953,13.40999984741211,2.6480000019073486,99.73999786376953
2014-05-01,79.52999877929688,13.25,2.6059999465942383,99.41999816894531
2014-05-02,79.5199966430664,12.90999984741211,2.5910000801086426,99.76000213623047
2014-05-03,79.5199966430664,12.90999984741211,2.5910000801086426,99.76000213623047
2014-05-04,79.5199966430664,12.90999984741211,2.5910000801086426,99.76000213623047
2014-05-05,79.48999786376953,13.289999961853027,2.6110000610351562,99.4800033569336
2014-05-06,79.13999938964844,13.800000190734863,2.5950000286102295,99.5
2014-05-07,79.22000122070312,13.399999618530273,2.5899999141693115,100.7699966430664
2014-05-08,79.43000030517578,13.430000305175781,2.6019999980926514,100.26000213623047
2014-05-09,79.9000015258789,12.920000076293945,2.622999906539917,99.98999786376953
2014-05-10,79.9000015258789,12.920000076293945,2.622999906539917,99.98999786376953
2014-05-11,79.9000015258789,12.920000076293945,2.622999906539917,99.98999786376953
2014-05-12,79.9000015258789,12.229999542236328,2.6559998989105225,100.58999633789062
2014-05-13,80.13999938964844,12.130000114440918,2.618000030517578,101.69999694824219
2014-05-14,80.06999969482422,12.170000076293945,2.5429999828338623,102.37000274658203
2014-05-15,80.0,13.170000076293945,2.502000093460083,101.5
2014-05-16,80.04000091552734,12.4399995803833,2.5179998874664307,102.0199966430664
2014-05-17,80.04000091552734,12.4399995803833,2.5179998874664307,102.0199966430664
2014-05-18,80.04000091552734,12.4399995803833,2.5179998874664307,102.0199966430664
2014-05-19,79.98999786376953,12.420000076293945,2.5360000133514404,102.61000061035156
2014-05-20,80.04000091552734,12.960000038146973,2.509000062942505,102.44000244140625
2014-05-21,80.0999984741211,11.90999984741211,2.5369999408721924,104.06999969482422
2014-05-22,80.25,12.029999732971191,2.555000066757202,103.73999786376953
2014-05-23,80.38999938964844,11.359999656677246,2.5360000133514404,104.3499984741211
2014-05-24,80.38999938964844,11.359999656677246,2.5360000133514404,104.3499984741211
2014-05-25,80.38999938964844,11.359999656677246,2.5360000133514404,104.3499984741211
2014-05-26,80.38999938964844,11.359999656677246,2.5360000133514404,104.3499984741211
2014-05-27,80.3499984741211,11.510000228881836,2.5179998874664307,104.11000061035156
2014-05-28,80.56999969482422,11.680000305175781,2.437999963760376,102.72000122070312
2014-05-29,80.48999786376953,11.569999694824219,2.447000026702881,103.58000183105469
2014-05-30,80.37000274658203,11.399999618530273,2.4570000171661377,102.70999908447266
2014-05-31,80.37000274658203,11.399999618530273,2.4570000171661377,102.70999908447266
2014-06-01,80.37000274658203,11.399999618530273,2.4570000171661377,102.70999908447266
2014-06-02,80.63999938964844,11.579999923706055,2.5339999198913574,102.47000122070312
2014-06-03,80.55000305175781,11.869999885559082,2.5929999351501465,102.66000366210938
2014-06-04,80.66999816894531,12.079999923706055,2.6059999465942383,102.63999938964844
2014-06-05,80.37000274658203,11.680000305175781,2.5840001106262207,102.4800033569336
2014-06-06,80.41000366210938,10.729999542236328,2.5969998836517334,102.66000366210938
2014-06-07,80.41000366210938,10.729999542236328,2.5969998836517334,102.66000366210938
2014-06-08,80.41000366210938,10.729999542236328,2.5969998836517334,102.66000366210938
2014-06-09,80.6500015258789,11.149999618530273,2.61299991607666,104.41000366210938
2014-06-10,80.81999969482422,10.989999771118164,2.634999990463257,104.3499984741211
2014-06-11,80.79000091552734,11.600000381469727,2.640000104904175,104.4000015258789
2014-06-12,80.58000183105469,12.5600004196167,2.5859999656677246,106.52999877929688
2014-06-13,80.58000183105469,12.180000305175781,2.6040000915527344,106.91000366210938
2014-06-14,80.58000183105469,12.180000305175781,2.6040000915527344,106.91000366210938
2014-06-15,80.58000183105469,12.180000305175781,2.6040000915527344,106.91000366210938
2014-06-16,80.47000122070312,12.649999618530273,2.5969998836517334,106.9000015258789
2014-06-17,80.62999725341797,12.0600004196167,2.6549999713897705,106.36000061035156
2014-06-18,80.58000183105469,10.609999656677246,2.61299991607666,105.97000122070312
2014-06-19,80.31999969482422,10.619999885559082,2.621999979019165,106.43000030517578
2014-06-20,80.37000274658203,10.850000381469727,2.624000072479248,107.26000213623047
2014-06-21,80.37000274658203,10.850000381469727,2.624000072479248,107.26000213623047
2014-06-22,80.37000274658203,10.850000381469727,2.624000072479248,107.26000213623047
2014-06-23,80.26000213623047,10.979999542236328,2.622999906539917,106.16999816894531
2014-06-24,80.33000183105469,12.130000114440918,2.5859999656677246,106.02999877929688
2014-06-25,80.22000122070312,11.59000015258789,2.559000015258789,106.5
2014-06-26,80.2300033569336,11.630000114440918,2.5250000953674316,105.83999633789062
2014-06-27,80.04000091552734,11.260000228881836,2.5320000648498535,105.73999786376953
2014-06-28,80.04000091552734,11.260000228881836,2.5320000648498535,105.73999786376953
2014-06-29,80.04000091552734,11.260000228881836,2.5320000648498535,105.73999786376953
2014-06-30,79.77999877929688,11.569999694824219,2.5160000324249268,105.37000274658203
2014-07-01,79.81999969482422,11.149999618530273,2.562999963760376,105.33999633789062
2014-07-02,79.95999908447266,10.819999694824219,2.628000020980835,104.4800033569336
2014-07-03,80.20999908447266,10.319999694824219,2.6480000019073486,104.05999755859375
2014-07-04,80.20999908447266,10.319999694824219,2.6480000019073486,104.05999755859375
2014-07-05,80.20999908447266,10.319999694824219,2.6480000019073486,104.05999755859375
2014-07-06,80.20999908447266,10.319999694824219,2.6480000019073486,104.05999755859375
2014-07-07,80.22000122070312,11.329999923706055,2.617000102996826,103.52999877929688
2014-07-08,80.18000030517578,11.979999542236328,2.565000057220459,103.4000015258789
2014-07-09,79.98999786376953,11.649999618530273,2.546999931335449,102.29000091552734
2014-07-10,80.12999725341797,12.59000015258789,2.5320000648498535,102.93000030517578
2014-07-11,80.19000244140625,12.079999923706055,2.5199999809265137,100.83000183105469
2014-07-12,80.19000244140625,12.079999923706055,2.5199999809265137,100.83000183105469
2014-07-13,80.19000244140625,12.079999923706055,2.5199999809265137,100.83000183105469
2014-07-14,80.19000244140625,11.819999694824219,2.5490000247955322,100.91000366210938
2014-07-15,80.38999938964844,11.960000038146973,2.5490000247955322,99.95999908447266
2014-07-16,80.55999755859375,11.0,2.5380001068115234,101.19999694824219
2014-07-17,80.5199966430664,14.539999961853027,2.4749999046325684,103.19000244140625
2014-07-18,80.5199966430664,12.0600004196167,2.4839999675750732,103.12999725341797
2014-07-19,80.5199966430664,12.0600004196167,2.4839999675750732,103.12999725341797
2014-07-20,80.5199966430664,12.0600004196167,2.4839999675750732,103.12999725341797
2014-07-21,80.55999755859375,12.8100004196167,2.4739999771118164,104.58999633789062
2014-07-22,80.77999877929688,12.239999771118164,2.4660000801086426,104.41999816894531
2014-07-23,80.80999755859375,11.520000457763672,2.4639999866485596,103.12000274658203
2014-07-24,80.87000274658203,11.84000015258789,2.509000062942505,102.06999969482422
2014-07-25,81.02999877929688,12.6899995803833,2.4690001010894775,102.08999633789062
2014-07-26,81.02999877929688,12.6899995803833,2.4690001010894775,102.08999633789062
2014-07-27,81.02999877929688,12.6899995803833,2.4690001010894775,102.08999633789062
2014-07-28,81.02999877929688,12.5600004196167,2.490999937057495,101.66999816894531
2014-07-29,81.20999908447266,13.279999732971191,2.4619998931884766,100.97000122070312
2014-07-30,81.41999816894531,13.329999923706055,2.553999900817871,100.2699966430664
2014-07-31,81.45999908447266,16.950000762939453,2.555999994277954,98.16999816894531
2014-08-01,81.30000305175781,17.030000686645508,2.505000114440918,97.87999725341797
2014-08-02,81.30000305175781,17.030000686645508,2.505000114440918,97.87999725341797
2014-08-03,81.30000305175781,17.030000686645508,2.505000114440918,97.87999725341797
2014-08-04,81.33000183105469,15.119999885559082,2.490999937057495,98.29000091552734
2014-08-05,81.5199966430664,16.8700008392334,2.4830000400543213,97.37999725341797
2014-08-06,81.44000244140625,16.3700008392334,2.4739999771118164,96.91999816894531
2014-08-07,81.5199966430664,16.65999984741211,2.4240000247955322,97.33999633789062
2014-08-08,81.38999938964844,15.770000457763672,2.4149999618530273,97.6500015258789
2014-08-09,81.38999938964844,15.770000457763672,2.4149999618530273,97.6500015258789
2014-08-10,81.38999938964844,15.770000457763672,2.4149999618530273,97.6500015258789
2014-08-11,81.47000122070312,14.229999542236328,2.4200000762939453,98.08000183105469
2014-08-12,81.5,14.130000114440918,2.441999912261963,97.37000274658203
2014-08-13,81.5999984741211,12.899999618530273,2.4130001068115234,97.58999633789062
2014-08-14,81.58999633789062,12.420000076293945,2.4000000953674316,95.58000183105469
2014-08-15,81.41999816894531,13.149999618530273,2.3450000286102295,97.3499984741211
2014-08-16,81.41999816894531,13.149999618530273,2.3450000286102295,97.3499984741211
2014-08-17,81.41999816894531,13.149999618530273,2.3450000286102295,97.3499984741211
2014-08-18,81.58000183105469,12.319999694824219,2.38700008392334,96.41000366210938
2014-08-19,81.87999725341797,12.210000038146973,2.4049999713897705,94.4800033569336
2014-08-20,82.25,11.779999732971191,2.4260001182556152,96.06999969482422
2014-08-21,82.1500015258789,11.760000228881836,2.4070000648498535,93.95999908447266
2014-08-22,82.33999633789062,11.470000267028809,2.4030001163482666,93.6500015258789
2014-08-23,82.33999633789062,11.470000267028809,2.4030001163482666,93.6500015258789
2014-08-24,82.33999633789062,11.470000267028809,2.4030001163482666,93.6500015258789
2014-08-25,82.55000305175781,11.699999809265137,2.38700008392334,93.3499984741211
2014-08-26,82.6500015258789,11.630000114440918,2.3910000324249268,93.86000061035156
2014-08-27,82.43000030517578,11.779999732971191,2.3610000610351562,93.87999725341797
2014-08-28,82.4800033569336,12.050000190734863,2.3340001106262207,94.55000305175781
2014-08-29,82.75,12.09000015258789,2.3429999351501465,95.95999908447266
2014-08-30,82.75,12.09000015258789,2.3429999351501465,95.95999908447266
2014-08-31,82.75,12.09000015258789,2.3429999351501465,95.95999908447266
2014-09-01,82.75,12.09000015258789,2.3429999351501465,95.95999908447266
2014-09-02,82.98999786376953,12.25,2.4189999103546143,92.87999725341797
2014-09-03,82.87000274658203,12.359999656677246,2.4100000858306885,95.54000091552734
2014-09-04,83.81999969482422,12.640000343322754,2.447999954223633,94.44999694824219
2014-09-05,83.76000213623047,12.09000015258789,2.4609999656677246,93.29000091552734
2014-09-06,83.76000213623047,12.09000015258789,2.4609999656677246,93.29000091552734
2014-09-07,83.76000213623047,12.09000015258789,2.4609999656677246,93.29000091552734
2014-09-08,84.2300033569336,12.65999984741211,2.4690001010894775,92.66000366210938
2014-09-09,84.27999877929688,13.5,2.5,92.75
2014-09-10,84.25,12.880000114440918,2.5339999198913574,91.66999816894531
2014-09-11,84.30000305175781,12.800000190734863,2.5309998989105225,92.83000183105469
2014-09-12,84.23999786376953,13.3100004196167,2.614000082015991,92.2699966430664
2014-09-13,84.23999786376953,13.3100004196167,2.614000082015991,92.2699966430664
2014-09-14,84.23999786376953,13.3100004196167,2.614000082015991,92.2699966430664
2014-09-15,84.26000213623047,14.119999885559082,2.5910000801086426,92.91999816894531
2014-09-16,84.06999969482422,12.729999542236328,2.5889999866485596,94.87999725341797
2014-09-17,84.69999694824219,12.649999618530273,2.5999999046325684,94.41999816894531
2014-09-18,84.31999969482422,12.029999732971191,2.628999948501587,93.06999969482422
2014-09-19,84.80000305175781,12.109999656677246,2.5869998931884766,92.41000366210938
2014-09-20,84.80000305175781,12.109999656677246,2.5869998931884766,92.41000366210938
2014-09-21,84.80000305175781,12.109999656677246,2.5869998931884766,92.41000366210938
2014-09-22,84.66999816894531,13.6899995803833,2.565999984741211,91.5199966430664
2014-09-23,84.66000366210938,14.930000305175781,2.5350000858306885,91.55999755859375
2014-09-24,85.05000305175781,13.270000457763672,2.569000005722046,92.80000305175781
2014-09-25,85.19999694824219,15.640000343322754,2.510999917984009,92.52999877929688
2014-09-26,85.63999938964844,14.850000381469727,2.5350000858306885,93.54000091552734
2014-09-27,85.63999938964844,14.850000381469727,2.5350000858306885,93.54000091552734
2014-09-28,85.63999938964844,14.850000381469727,2.5350000858306885,93.54000091552734
2014-09-29,85.58999633789062,15.979999542236328,2.490999937057495,94.56999969482422
2014-09-30,85.94000244140625,16.309999465942383,2.507999897003174,91.16000366210938
2014-10-01,85.97000122070312,16.709999084472656,2.4030001163482666,90.7300033569336
2014-10-02,85.5999984741211,16.15999984741211,2.437999963760376,91.01000213623047
2014-10-03,86.69000244140625,14.550000190734863,2.447000026702881,89.73999786376953
2014-10-04,86.69000244140625,14.550000190734863,2.447000026702881,89.73999786376953
2014-10-05,86.69000244140625,14.550000190734863,2.447000026702881,89.73999786376953
2014-10-06,85.70999908447266,15.460000038146973,2.424999952316284,90.33999633789062
2014-10-07,85.66999816894531,17.200000762939453,2.3499999046325684,88.8499984741211
2014-10-08,85.30000305175781,15.109999656677246,2.3299999237060547,87.30999755859375
2014-10-09,85.5199966430664,18.760000228881836,2.3269999027252197,85.7699966430664
2014-10-10,85.91000366210938,21.239999771118164,2.306999921798706,85.81999969482422
2014-10-11,85.91000366210938,21.239999771118164,2.306999921798706,85.81999969482422
2014-10-12,85.91000366210938,21.239999771118164,2.306999921798706,85.81999969482422
2014-10-13,85.43000030517578,24.639999389648438,2.2860000133514404,85.73999786376953
2014-10-14,85.81999969482422,22.790000915527344,2.2060000896453857,81.83999633789062
2014-10-15,85.1500015258789,25.270000457763672,2.0899999141693115,81.77999877929688
2014-10-16,85.0,25.200000762939453,2.1530001163482666,82.69999694824219
2014-10-17,85.19000244140625,21.989999771118164,2.1989998817443848,82.75
2014-10-18,85.19000244140625,21.989999771118164,2.1989998817443848,82.75
2014-10-19,85.19000244140625,21.989999771118164,2.1989998817443848,82.75
2014-10-20,84.94999694824219,18.56999969482422,2.180999994277954,82.70999908447266
2014-10-21,85.30999755859375,16.079999923706055,2.2079999446868896,82.80999755859375
2014-10-22,85.73999786376953,17.8700008392334,2.2290000915527344,80.5199966430664
2014-10-23,85.83999633789062,16.530000686645508,2.2750000953674316,82.08999633789062
2014-10-24,85.7300033569336,16.110000610351562,2.2730000019073486,81.01000213623047
2014-10-25,85.7300033569336,16.110000610351562,2.2730000019073486,81.01000213623047
2014-10-26,85.7300033569336,16.110000610351562,2.2730000019073486,81.01000213623047
2014-10-27,85.5,16.040000915527344,2.256999969482422,81.0
2014-10-28,85.41000366210938,14.390000343322754,2.2839999198913574,81.41999816894531
2014-10-29,85.94999694824219,15.149999618530273,2.322999954223633,82.19999694824219
2014-10-30,86.1500015258789,14.520000457763672,2.305000066757202,81.12000274658203
2014-10-31,86.87999725341797,14.029999732971191,2.3350000381469727,80.54000091552734
2014-11-01,86.87999725341797,14.029999732971191,2.3350000381469727,80.54000091552734
2014-11-02,86.87999725341797,14.029999732971191,2.3350000381469727,80.54000091552734
2014-11-03,87.30999755859375,14.729999542236328,2.3480000495910645,78.77999877929688
2014-11-04,86.9800033569336,14.890000343322754,2.3420000076293945,77.19000244140625
2014-11-05,87.44000244140625,14.170000076293945,2.3499999046325684,78.68000030517578
2014-11-06,88.01000213623047,13.670000076293945,2.375,77.91000366210938
2014-11-07,87.63999938964844,13.119999885559082,2.312000036239624,78.6500015258789
2014-11-08,87.63999938964844,13.119999885559082,2.312000036239624,78.6500015258789
2014-11-09,87.63999938964844,13.119999885559082,2.312000036239624,78.6500015258789
2014-11-10,87.80999755859375,12.670000076293945,2.3589999675750732,77.4000015258789
2014-11-11,87.52999877929688,12.920000076293945,2.359999895095825,77.94000244140625
2014-11-12,87.81999969482422,13.020000457763672,2.3589999675750732,77.18000030517578
2014-11-13,87.66999816894531,13.789999961853027,2.3469998836517334,74.20999908447266
2014-11-14,87.52999877929688,13.3100004196167,2.319999933242798,75.81999969482422
2014-11-15,87.52999877929688,13.3100004196167,2.319999933242798,75.81999969482422
2014-11-16,87.52999877929688,13.3100004196167,2.319999933242798,75.81999969482422
2014-11-17,87.93000030517578,13.989999771118164,2.3399999141693115,75.63999938964844
2014-11-18,87.58000183105469,13.859999656677246,2.322000026702881,74.61000061035156
2014-11-19,87.6500015258789,13.960000038146973,2.3510000705718994,74.58000183105469
2014-11-20,87.58999633789062,13.579999923706055,2.3350000381469727,75.58000183105469
2014-11-21,88.30999755859375,12.899999618530273,2.315000057220459,76.51000213623047
2014-11-22,88.30999755859375,12.899999618530273,2.315000057220459,76.51000213623047
2014-11-23,88.30999755859375,12.899999618530273,2.315000057220459,76.51000213623047
2014-11-24,88.1500015258789,12.619999885559082,2.309999942779541,75.77999877929688
2014-11-25,87.91999816894531,12.25,2.259999990463257,74.08999633789062
2014-11-26,87.61000061035156,12.069999694824219,2.2339999675750732,73.69000244140625
2014-11-27,87.61000061035156,12.069999694824219,2.2339999675750732,73.69000244140625
2014-11-28,88.36000061035156,13.329999923706055,2.194000005722046,66.1500015258789
2014-11-29,88.36000061035156,13.329999923706055,2.194000005722046,66.1500015258789
2014-11-30,88.36000061035156,13.329999923706055,2.194000005722046,66.1500015258789
2014-12-01,87.94999694824219,14.15999984741211,2.2179999351501465,69.0
2014-12-02,88.6500015258789,12.850000381469727,2.2850000858306885,66.87999725341797
2014-12-03,88.95999908447266,12.5,2.2869999408721924,67.37999725341797
2014-12-04,88.69999694824219,12.380000114440918,2.256999969482422,66.80999755859375
2014-12-05,89.33000183105469,11.890000343322754,2.306999921798706,65.83999633789062
2014-12-06,89.33000183105469,11.890000343322754,2.306999921798706,65.83999633789062
2014-12-07,89.33000183105469,11.890000343322754,2.306999921798706,65.83999633789062
2014-12-08,89.04000091552734,14.210000038146973,2.256999969482422,63.04999923706055
2014-12-09,88.69000244140625,15.350000381469727,2.2200000286102295,63.81999969482422
2014-12-10,88.2699966430664,18.530000686645508,2.1689999103546143,60.939998626708984
2014-12-11,88.66000366210938,20.079999923706055,2.177999973297119,59.95000076293945
2014-12-12,88.36000061035156,21.079999923706055,2.1029999256134033,57.810001373291016
2014-12-13,88.36000061035156,21.079999923706055,2.1029999256134033,57.810001373291016
2014-12-14,88.36000061035156,21.079999923706055,2.1029999256134033,57.810001373291016
2014-12-15,88.45999908447266,20.420000076293945,2.115999937057495,55.90999984741211
2014-12-16,88.12999725341797,23.56999969482422,2.071000099182129,55.93000030517578
2014-12-17,89.12999725341797,19.440000534057617,2.1480000019073486,56.470001220703125
2014-12-18,89.23999786376953,16.809999465942383,2.2039999961853027,54.11000061035156
2014-12-19,89.5999984741211,16.489999771118164,2.1760001182556152,56.52000045776367
2014-12-20,89.5999984741211,16.489999771118164,2.1760001182556152,56.52000045776367
2014-12-21,89.5999984741211,16.489999771118164,2.1760001182556152,56.52000045776367
2014-12-22,89.7699966430664,15.25,2.1619999408721924,55.2599983215332
2014-12-23,90.05999755859375,14.800000190734863,2.256999969482422,57.119998931884766
2014-12-24,89.97000122070312,14.369999885559082,2.2639999389648438,55.84000015258789
2014-12-25,89.97000122070312,14.369999885559082,2.2639999389648438,55.84000015258789
2014-12-26,90.02999877929688,14.5,2.25,54.72999954223633
2014-12-27,90.02999877929688,14.5,2.25,54.72999954223633
2014-12-28,90.02999877929688,14.5,2.25,54.72999954223633
2014-12-29,90.19000244140625,15.0600004196167,2.2070000171661377,53.61000061035156
2014-12-30,89.98999786376953,15.920000076293945,2.190000057220459,54.119998931884766
2014-12-31,90.2699966430664,19.200000762939453,2.1700000762939453,53.27000045776367
2015-01-01,90.2699966430664,19.200000762939453,2.1700000762939453,53.27000045776367
2015-01-02,91.08000183105469,17.790000915527344,2.122999906539917,52.689998626708984
2015-01-03,91.08000183105469,17.790000915527344,2.122999906539917,52.689998626708984
2015-01-04,91.08000183105469,17.790000915527344,2.122999906539917,52.689998626708984
2015-01-05,91.37999725341797,19.920000076293945,2.0390000343322754,50.040000915527344
2015-01-06,91.5,21.1200008392334,1.9630000591278076,47.93000030517578
2015-01-07,91.88999938964844,19.309999465942383,1.9539999961853027,48.650001525878906
2015-01-08,92.37000274658203,17.010000228881836,2.0160000324249268,48.790000915527344
2015-01-09,91.94000244140625,17.549999237060547,1.9709999561309814,48.36000061035156
2015-01-10,91.94000244140625,17.549999237060547,1.9709999561309814,48.36000061035156
2015-01-11,91.94000244140625,17.549999237060547,1.9709999561309814,48.36000061035156
2015-01-12,91.9800033569336,19.600000381469727,1.9119999408721924,46.06999969482422
2015-01-13,92.30999755859375,20.559999465942383,1.8899999856948853,45.88999938964844
2015-01-14,92.16000366210938,21.479999542236328,1.8370000123977661,48.47999954223633
2015-01-15,92.3499984741211,22.389999389648438,1.774999976158142,46.25
2015-01-16,92.5199966430664,20.950000762939453,1.815000057220459,48.689998626708984
2015-01-17,92.5199966430664,20.950000762939453,1.815000057220459,48.689998626708984
2015-01-18,92.5199966430664,20.950000762939453,1.815000057220459,48.689998626708984
2015-01-19,92.5199966430664,20.950000762939453,1.815000057220459,48.689998626708984
2015-01-20,93.05000305175781,19.889999389648438,1.8070000410079956,46.38999938964844
2015-01-21,92.9000015258789,18.850000381469727,1.8530000448226929,47.779998779296875
2015-01-22,94.23999786376953,16.399999618530273,1.8960000276565552,46.310001373291016
2015-01-23,95.0,16.65999984741211,1.8170000314712524,45.59000015258789
2015-01-24,95.0,16.65999984741211,1.8170000314712524,45.59000015258789
2015-01-25,95.0,16.65999984741211,1.8170000314712524,45.59000015258789
2015-01-26,94.80000305175781,15.520000457763672,1.8279999494552612,45.150001525878906
2015-01-27,94.0199966430664,17.219999313354492,1.8250000476837158,46.22999954223633
2015-01-28,94.47000122070312,20.440000534057617,1.7239999771118164,44.45000076293945
2015-01-29,94.77999877929688,18.760000228881836,1.7510000467300415,44.529998779296875
2015-01-30,94.80000305175781,20.969999313354492,1.6749999523162842,48.2400016784668
2015-01-31,94.80000305175781,20.969999313354492,1.6749999523162842,48.2400016784668
2015-02-01,94.80000305175781,20.969999313354492,1.6749999523162842,48.2400016784668
2015-02-02,94.5,19.43000030517578,1.6729999780654907,49.56999969482422
2015-02-03,93.5999984741211,17.329999923706055,1.7799999713897705,53.04999923706055
2015-02-04,93.98999786376953,18.329999923706055,1.7970000505447388,48.45000076293945
2015-02-05,94.69999694824219,16.850000381469727,1.815000057220459,50.47999954223633
2015-02-06,94.69999694824219,17.290000915527344,1.937999963760376,51.689998626708984
2015-02-07,94.69999694824219,17.290000915527344,1.937999963760376,51.689998626708984
2015-02-08,94.69999694824219,17.290000915527344,1.937999963760376,51.689998626708984
2015-02-09,94.44999694824219,18.549999237060547,1.9479999542236328,52.86000061035156
2015-02-10,94.76000213623047,17.229999542236328,1.9910000562667847,50.02000045776367
2015-02-11,94.98999786376953,16.959999084472656,1.9880000352859497,48.84000015258789
2015-02-12,94.08999633789062,15.34000015258789,1.9859999418258667,51.209999084472656
2015-02-13,94.19999694824219,14.6899995803833,2.0209999084472656,52.779998779296875
2015-02-14,94.19999694824219,14.6899995803833,2.0209999084472656,52.779998779296875
2015-02-15,94.19999694824219,14.6899995803833,2.0209999084472656,52.779998779296875
2015-02-16,94.19999694824219,14.6899995803833,2.0209999084472656,52.779998779296875
2015-02-17,94.05999755859375,15.800000190734863,2.1449999809265137,53.529998779296875
2015-02-18,94.19999694824219,15.449999809265137,2.065999984741211,52.13999938964844
2015-02-19,94.4000015258789,15.289999961853027,2.11299991607666,51.15999984741211
2015-02-20,94.25,14.300000190734863,2.132999897003174,50.34000015258789
2015-02-21,94.25,14.300000190734863,2.132999897003174,50.34000015258789
2015-02-22,94.25,14.300000190734863,2.132999897003174,50.34000015258789
2015-02-23,94.56999969482422,14.5600004196167,2.059000015258789,49.45000076293945
2015-02-24,94.48999786376953,13.6899995803833,1.9880000352859497,49.279998779296875
2015-02-25,94.20999908447266,13.84000015258789,1.968999981880188,50.9900016784668
2015-02-26,95.29000091552734,13.90999984741211,2.0160000324249268,48.16999816894531
2015-02-27,95.25,13.34000015258789,2.002000093460083,49.7599983215332
2015-02-28,95.25,13.34000015258789,2.002000093460083,49.7599983215332
2015-03-01,95.25,13.34000015258789,2.002000093460083,49.7599983215332
2015-03-02,95.45999908447266,13.039999961853027,2.0840001106262207,49.59000015258789
2015-03-03,95.37999725341797,13.859999656677246,2.121999979019165,50.52000045776367
2015-03-04,95.97000122070312,14.229999542236328,2.122999906539917,51.529998779296875
2015-03-05,96.37999725341797,14.039999961853027,2.111999988555908,50.7599983215332
2015-03-06,97.62000274658203,15.199999809265137,2.240000009536743,49.61000061035156
2015-03-07,97.62000274658203,15.199999809265137,2.240000009536743,49.61000061035156
2015-03-08,97.62000274658203,15.199999809265137,2.240000009536743,49.61000061035156
2015-03-09,97.58999633789062,15.0600004196167,2.194999933242798,50.0
2015-03-10,98.62000274658203,16.690000534057617,2.125999927520752,48.290000915527344
2015-03-11,99.80000305175781,16.8700008392334,2.1089999675750732,48.16999816894531
2015-03-12,99.1500015258789,15.420000076293945,2.0959999561309814,47.04999923706055
2015-03-13,100.33000183105469,16.0,2.111999988555908,44.84000015258789
2015-03-14,100.33000183105469,16.0,2.111999988555908,44.84000015258789
2015-03-15,100.33000183105469,16.0,2.111999988555908,44.84000015258789
2015-03-16,99.5999984741211,15.609999656677246,2.0980000495910645,43.880001068115234
2015-03-17,99.58999633789062,15.65999984741211,2.058000087738037,43.459999084472656
2015-03-18,98.55000305175781,13.970000267028809,1.9509999752044678,44.65999984741211
2015-03-19,99.0999984741211,14.069999694824219,1.9769999980926514,43.959999084472656
2015-03-20,97.91000366210938,13.020000457763672,1.9299999475479126,45.720001220703125
2015-03-21,97.91000366210938,13.020000457763672,1.9299999475479126,45.720001220703125
2015-03-22,97.91000366210938,13.020000457763672,1.9299999475479126,45.720001220703125
2015-03-23,97.02999877929688,13.40999984741211,1.9149999618530273,47.45000076293945
2015-03-24,97.19000244140625,13.619999885559082,1.878000020980835,47.5099983215332
2015-03-25,96.9800033569336,15.4399995803833,1.9199999570846558,49.209999084472656
2015-03-26,97.44000244140625,15.800000190734863,2.006999969482422,51.43000030517578
2015-03-27,97.29000091552734,15.069999694824219,1.9479999542236328,48.869998931884766
2015-03-28,97.29000091552734,15.069999694824219,1.9479999542236328,48.869998931884766
2015-03-29,97.29000091552734,15.069999694824219,1.9479999542236328,48.869998931884766
2015-03-30,97.9800033569336,14.510000228881836,1.9630000591278076,48.68000030517578
2015-03-31,98.36000061035156,15.289999961853027,1.934000015258789,47.599998474121094
2015-04-01,98.19000244140625,15.109999656677246,1.8680000305175781,50.09000015258789
2015-04-02,97.44000244140625,14.670000076293945,1.9040000438690186,49.13999938964844
2015-04-03,97.44000244140625,14.670000076293945,1.9040000438690186,49.13999938964844
2015-04-04,97.44000244140625,14.670000076293945,1.9040000438690186,49.13999938964844
2015-04-05,97.44000244140625,14.670000076293945,1.9040000438690186,49.13999938964844
2015-04-06,97.11000061035156,14.739999771118164,1.9040000438690186,52.13999938964844
2015-04-07,97.83000183105469,14.779999732971191,1.8930000066757202,53.97999954223633
2015-04-08,98.06999969482422,13.979999542236328,1.8949999809265137,50.41999816894531
2015-04-09,99.16000366210938,13.09000015258789,1.9579999446868896,50.790000915527344
2015-04-10,99.38999938964844,12.579999923706055,1.9509999752044678,51.63999938964844
2015-04-11,99.38999938964844,12.579999923706055,1.9509999752044678,51.63999938964844
2015-04-12,99.38999938964844,12.579999923706055,1.9509999752044678,51.63999938964844
2015-04-13,99.48999786376953,13.9399995803833,1.9390000104904175,51.90999984741211
2015-04-14,98.76000213623047,13.670000076293945,1.9040000438690186,53.290000915527344
2015-04-15,98.33000183105469,12.84000015258789,1.899999976158142,56.38999938964844
2015-04-16,97.41999816894531,12.600000381469727,1.878000020980835,56.709999084472656
2015-04-17,97.5199966430664,13.890000343322754,1.850000023841858,55.7400016784668
2015-04-18,97.5199966430664,13.890000343322754,1.850000023841858,55.7400016784668
2015-04-19,97.5199966430664,13.890000343322754,1.850000023841858,55.7400016784668
2015-04-20,97.94000244140625,13.300000190734863,1.8949999809265137,56.380001068115234
2015-04-21,97.9800033569336,13.25,1.9160000085830688,55.2599983215332
2015-04-22,98.0199966430664,12.710000038146973,1.972000002861023,56.15999984741211
2015-04-23,97.27999877929688,12.479999542236328,1.9470000267028809,57.7400016784668
2015-04-24,96.91999816894531,12.289999961853027,1.9170000553131104,57.150001525878906
2015-04-25,96.91999816894531,12.289999961853027,1.9170000553131104,57.150001525878906
2015-04-26,96.91999816894531,12.289999961853027,1.9170000553131104,57.150001525878906
2015-04-27,96.7699966430664,13.119999885559082,1.9240000247955322,56.9900016784668
2015-04-28,96.08999633789062,12.40999984741211,1.9730000495910645,57.060001373291016
2015-04-29,95.12000274658203,13.390000343322754,2.0350000858306885,58.58000183105469
2015-04-30,94.5999984741211,14.550000190734863,2.0460000038146973,59.630001068115234
2015-05-01,95.30000305175781,12.699999809265137,2.117000102996826,59.150001525878906
2015-05-02,95.30000305175781,12.699999809265137,2.117000102996826,59.150001525878906
2015-05-03,95.30000305175781,12.699999809265137,2.117000102996826,59.150001525878906
2015-05-04,95.4800033569336,12.850000381469727,2.134999990463257,58.93000030517578
2015-05-05,95.12999725341797,14.3100004196167,2.1760001182556152,60.400001525878906
2015-05-06,94.12999725341797,15.149999618530273,2.240000009536743,60.93000030517578
2015-05-07,94.62000274658203,15.130000114440918,2.184000015258789,58.939998626708984
2015-05-08,94.79000091552734,12.859999656677246,2.1500000953674316,59.38999938964844
2015-05-09,94.79000091552734,12.859999656677246,2.1500000953674316,59.38999938964844
2015-05-10,94.79000091552734,12.859999656677246,2.1500000953674316,59.38999938964844
2015-05-11,95.01000213623047,13.850000381469727,2.2739999294281006,59.25
2015-05-12,94.52999877929688,13.859999656677246,2.259999990463257,60.75
2015-05-13,93.62000274658203,13.760000228881836,2.2820000648498535,60.5
2015-05-14,93.36000061035156,12.739999771118164,2.239000082015991,59.880001068115234
2015-05-15,93.13999938964844,12.380000114440918,2.1410000324249268,59.689998626708984
2015-05-16,93.13999938964844,12.380000114440918,2.1410000324249268,59.689998626708984
2015-05-17,93.13999938964844,12.380000114440918,2.1410000324249268,59.689998626708984
2015-05-18,94.19000244140625,12.729999542236328,2.2279999256134033,59.43000030517578
2015-05-19,95.2699966430664,12.850000381469727,2.26200008392334,57.2599983215332
2015-05-20,95.44999694824219,12.880000114440918,2.250999927520752,58.97999954223633
2015-05-21,95.26000213623047,12.109999656677246,2.184999942779541,60.720001220703125
2015-05-22,96.01000213623047,12.130000114440918,2.2149999141693115,59.720001220703125
2015-05-23,96.01000213623047,12.130000114440918,2.2149999141693115,59.720001220703125
2015-05-24,96.01000213623047,12.130000114440918,2.2149999141693115,59.720001220703125
2015-05-25,96.01000213623047,12.130000114440918,2.2149999141693115,59.720001220703125
2015-05-26,97.30000305175781,14.0600004196167,2.13700008392334,58.029998779296875
2015-05-27,97.37000274658203,13.270000457763672,2.134999990463257,57.5099983215332
2015-05-28,96.97000122070312,13.3100004196167,2.130000114440918,57.68000030517578
2015-05-29,96.91000366210938,13.84000015258789,2.0950000286102295,60.29999923706055
2015-05-30,96.91000366210938,13.84000015258789,2.0950000286102295,60.29999923706055
2015-05-31,96.91000366210938,13.84000015258789,2.0950000286102295,60.29999923706055
2015-06-01,97.38999938964844,13.970000267028809,2.191999912261963,60.20000076293945
2015-06-02,95.83999633789062,14.239999771118164,2.2660000324249268,61.2599983215332
2015-06-03,95.47000122070312,13.65999984741211,2.365999937057495,59.63999938964844
2015-06-04,95.45999908447266,14.710000038146973,2.306999921798706,58.0
2015-06-05,96.30999755859375,14.210000038146973,2.4019999504089355,59.130001068115234
2015-06-06,96.30999755859375,14.210000038146973,2.4019999504089355,59.130001068115234
2015-06-07,96.30999755859375,14.210000038146973,2.4019999504089355,59.130001068115234
2015-06-08,95.30000305175781,15.289999961853027,2.38100004196167,58.13999938964844
2015-06-09,95.16999816894531,14.470000267028809,2.4170000553131104,60.13999938964844
2015-06-10,94.6500015258789,13.220000267028809,2.4779999256134033,61.43000030517578
2015-06-11,94.9800033569336,12.850000381469727,2.382999897003174,60.77000045776367
2015-06-12,94.97000122070312,13.779999732971191,2.384999990463257,59.959999084472656
2015-06-13,94.97000122070312,13.779999732971191,2.384999990463257,59.959999084472656
2015-06-14,94.97000122070312,13.779999732971191,2.384999990463257,59.959999084472656
2015-06-15,94.80999755859375,15.390000343322754,2.3580000400543213,59.52000045776367
2015-06-16,95.0,14.8100004196167,2.318000078201294,59.970001220703125
2015-06-17,94.30000305175781,14.5,2.305999994277954,59.91999816894531
2015-06-18,94.04000091552734,13.1899995803833,2.3510000705718994,60.45000076293945
2015-06-19,94.08999633789062,13.960000038146973,2.2669999599456787,59.61000061035156
2015-06-20,94.08999633789062,13.960000038146973,2.2669999599456787,59.61000061035156
2015-06-21,94.08999633789062,13.960000038146973,2.2669999599456787,59.61000061035156
2015-06-22,94.33000183105469,12.739999771118164,2.359999895095825,59.68000030517578
2015-06-23,95.43000030517578,12.109999656677246,2.4089999198913574,61.0099983215332
2015-06-24,95.26000213623047,13.260000228881836,2.371000051498413,60.27000045776367
2015-06-25,95.19000244140625,14.010000228881836,2.3929998874664307,59.70000076293945
2015-06-26,95.47000122070312,14.020000457763672,2.4760000705718994,59.630001068115234
2015-06-27,95.47000122070312,14.020000457763672,2.4760000705718994,59.630001068115234
2015-06-28,95.47000122070312,14.020000457763672,2.4760000705718994,59.630001068115234
2015-06-29,94.79000091552734,18.850000381469727,2.3310000896453857,58.33000183105469
2015-06-30,95.48999786376953,18.229999542236328,2.3350000381469727,59.470001220703125
2015-07-01,96.30999755859375,16.09000015258789,2.4179999828338623,56.959999084472656
2015-07-02,96.11000061035156,16.790000915527344,2.3929998874664307,56.93000030517578
2015-07-03,96.11000061035156,16.790000915527344,2.3929998874664307,56.93000030517578
2015-07-04,96.11000061035156,16.790000915527344,2.3929998874664307,56.93000030517578
2015-07-05,96.11000061035156,16.790000915527344,2.3929998874664307,56.93000030517578
2015-07-06,96.30000305175781,17.010000228881836,2.2780001163482666,52.529998779296875
2015-07-07,96.87000274658203,16.09000015258789,2.2309999465942383,52.33000183105469
2015-07-08,96.29000091552734,19.65999984741211,2.2060000896453857,51.650001525878906
2015-07-09,96.61000061035156,19.969999313354492,2.3010001182556152,52.779998779296875
2015-07-10,96.02999877929688,16.829999923706055,2.4170000553131104,52.7400016784668
2015-07-11,96.02999877929688,16.829999923706055,2.4170000553131104,52.7400016784668
2015-07-12,96.02999877929688,16.829999923706055,2.4170000553131104,52.7400016784668
2015-07-13,96.86000061035156,13.899999618530273,2.430000066757202,52.20000076293945
2015-07-14,96.63999938964844,13.369999885559082,2.3989999294281006,53.040000915527344
2015-07-15,97.12999725341797,13.229999542236328,2.3499999046325684,51.40999984741211
2015-07-16,97.66000366210938,12.109999656677246,2.3519999980926514,50.90999984741211
2015-07-17,97.86000061035156,11.949999809265137,2.3489999771118164,50.88999938964844
2015-07-18,97.86000061035156,11.949999809265137,2.3489999771118164,50.88999938964844
2015-07-19,97.86000061035156,11.949999809265137,2.3489999771118164,50.88999938964844
2015-07-20,98.02999877929688,12.25,2.371999979019165,50.150001525878906
2015-07-21,97.33000183105469,12.220000267028809,2.3399999141693115,50.36000061035156
2015-07-22,97.5999984741211,12.119999885559082,2.322000026702881,49.189998626708984
2015-07-23,97.12000274658203,12.640000343322754,2.2769999504089355,48.45000076293945
2015-07-24,97.23999786376953,13.739999771118164,2.2709999084472656,48.13999938964844
2015-07-25,97.23999786376953,13.739999771118164,2.2709999084472656,48.13999938964844
2015-07-26,97.23999786376953,13.739999771118164,2.2709999084472656,48.13999938964844
2015-07-27,96.5,15.600000381469727,2.2279999256134033,47.38999938964844
2015-07-28,96.7699966430664,13.4399995803833,2.25,47.97999954223633
2015-07-29,96.9800033569336,12.5,2.2790000438690186,48.790000915527344
2015-07-30,97.55999755859375,12.130000114440918,2.2679998874664307,48.52000045776367
2015-07-31,97.37000274658203,12.119999885559082,2.2049999237060547,47.119998931884766
2015-08-01,97.37000274658203,12.119999885559082,2.2049999237060547,47.119998931884766
2015-08-02,97.37000274658203,12.119999885559082,2.2049999237060547,47.119998931884766
2015-08-03,97.48999786376953,12.5600004196167,2.1500000953674316,45.16999816894531
2015-08-04,97.93000030517578,13.0,2.2109999656677246,45.7400016784668
2015-08-05,97.95999908447266,12.510000228881836,2.2679998874664307,45.150001525878906
2015-08-06,97.83000183105469,13.770000457763672,2.2339999675750732,44.65999984741211
2015-08-07,97.55999755859375,13.390000343322754,2.174999952316284,43.869998931884766
2015-08-08,97.55999755859375,13.390000343322754,2.174999952316284,43.869998931884766
2015-08-09,97.55999755859375,13.390000343322754,2.174999952316284,43.869998931884766
2015-08-10,97.16000366210938,12.229999542236328,2.23799991607666,44.959999084472656
2015-08-11,97.29000091552734,13.710000038146973,2.13700008392334,43.08000183105469
2015-08-12,96.26000213623047,13.609999656677246,2.130000114440918,43.29999923706055
2015-08-13,96.44999694824219,13.489999771118164,2.188999891281128,42.22999954223633
2015-08-14,96.56999969482422,12.829999923706055,2.196000099182129,42.5
2015-08-15,96.56999969482422,12.829999923706055,2.196000099182129,42.5
2015-08-16,96.56999969482422,12.829999923706055,2.196000099182129,42.5
2015-08-17,96.81999969482422,13.020000457763672,2.1500000953674316,41.869998931884766
2015-08-18,96.97000122070312,13.789999961853027,2.196000099182129,42.619998931884766
2015-08-19,96.45999908447266,15.25,2.128999948501587,40.79999923706055
2015-08-20,95.75,19.139999389648438,2.0840001106262207,41.13999938964844
2015-08-21,94.83000183105469,28.030000686645508,2.053999900817871,40.45000076293945
2015-08-22,94.83000183105469,28.030000686645508,2.053999900817871,40.45000076293945
2015-08-23,94.83000183105469,28.030000686645508,2.053999900817871,40.45000076293945
2015-08-24,93.30999755859375,40.7400016784668,1.996999979019165,38.2400016784668
2015-08-25,94.52999877929688,36.02000045776367,2.132999897003174,39.310001373291016
2015-08-26,95.0999984741211,30.31999969482422,2.171999931335449,38.599998474121094
2015-08-27,95.61000061035156,26.100000381469727,2.1679999828338623,42.560001373291016
2015-08-28,96.11000061035156,26.049999237060547,2.186000108718872,45.220001220703125
2015-08-29,96.11000061035156,26.049999237060547,2.186000108718872,45.220001220703125
2015-08-30,96.11000061035156,26.049999237060547,2.186000108718872,45.220001220703125
2015-08-31,95.94999694824219,28.43000030517578,2.200000047683716,49.20000076293945
2015-09-01,95.44999694824219,31.399999618530273,2.171999931335449,45.40999984741211
2015-09-02,95.83000183105469,26.09000015258789,2.193000078201294,46.25
2015-09-03,96.41000366210938,25.610000610351562,2.1679999828338623,46.75
2015-09-04,96.2300033569336,27.799999237060547,2.128000020980835,46.04999923706055
2015-09-05,96.2300033569336,27.799999237060547,2.128000020980835,46.04999923706055
2015-09-06,96.2300033569336,27.799999237060547,2.128000020980835,46.04999923706055
2015-09-07,96.2300033569336,27.799999237060547,2.128000020980835,46.04999923706055
2015-09-08,95.87999725341797,24.899999618530273,2.194000005722046,45.939998626708984
2015-09-09,96.01000213623047,26.229999542236328,2.180999994277954,44.150001525878906
2015-09-10,95.45999908447266,24.3700008392334,2.2219998836517334,45.91999816894531
2015-09-11,95.19000244140625,23.200000762939453,2.183000087738037,44.630001068115234
2015-09-12,95.19000244140625,23.200000762939453,2.183000087738037,44.630001068115234
2015-09-13,95.19000244140625,23.200000762939453,2.183000087738037,44.630001068115234
2015-09-14,95.25,24.25,2.180000066757202,44.0
2015-09-15,95.61000061035156,22.540000915527344,2.2809998989105225,44.59000015258789
2015-09-16,95.41999816894531,21.350000381469727,2.302999973297119,47.150001525878906
2015-09-17,94.55000305175781,21.139999389648438,2.2170000076293945,46.900001525878906
2015-09-18,94.86000061035156,22.280000686645508,2.130000114440918,44.68000030517578
2015-09-19,94.86000061035156,22.280000686645508,2.130000114440918,44.68000030517578
2015-09-20,94.86000061035156,22.280000686645508,2.130000114440918,44.68000030517578
2015-09-21,95.88999938964844,20.139999389648438,2.2139999866485596,46.68000030517578
2015-09-22,96.27999877929688,22.440000534057617,2.125,45.83000183105469
2015-09-23,96.06999969482422,22.1299991607666,2.1440000534057617,44.47999954223633
2015-09-24,95.98999786376953,23.469999313354492,2.119999885559082,44.90999984741211
2015-09-25,96.2699966430664,23.6200008392334,2.1679999828338623,45.70000076293945
2015-09-26,96.2699966430664,23.6200008392334,2.1679999828338623,45.70000076293945
2015-09-27,96.2699966430664,23.6200008392334,2.1679999828338623,45.70000076293945
2015-09-28,96.02999877929688,27.6299991607666,2.0950000286102295,44.43000030517578
2015-09-29,95.88999938964844,26.829999923706055,2.053999900817871,45.22999954223633
2015-09-30,96.3499984741211,24.5,2.059999942779541,45.09000015258789
2015-10-01,96.19000244140625,22.549999237060547,2.0420000553131104,44.7400016784668
2015-10-02,95.83000183105469,20.940000534057617,1.9889999628067017,45.540000915527344
2015-10-03,95.83000183105469,20.940000534057617,1.9889999628067017,45.540000915527344
2015-10-04,95.83000183105469,20.940000534057617,1.9889999628067017,45.540000915527344
2015-10-05,96.11000061035156,19.540000915527344,2.055999994277954,46.2599983215332
2015-10-06,95.45999908447266,19.399999618530273,2.0350000858306885,48.529998779296875
2015-10-07,95.5,18.399999618530273,2.062000036239624,47.810001373291016
2015-10-08,95.31999969482422,17.420000076293945,2.1080000400543213,49.43000030517578
2015-10-09,94.80999755859375,17.079999923706055,2.0989999771118164,49.630001068115234
2015-10-10,94.80999755859375,17.079999923706055,2.0989999771118164,49.630001068115234
2015-10-11,94.80999755859375,17.079999923706055,2.0989999771118164,49.630001068115234
2015-10-12,94.83999633789062,16.170000076293945,2.0899999141693115,47.099998474121094
2015-10-13,94.76000213623047,17.670000076293945,2.055000066757202,46.65999984741211
2015-10-14,93.93000030517578,18.030000686645508,1.9809999465942383,46.63999938964844
2015-10-15,94.37000274658203,16.049999237060547,2.0230000019073486,46.380001068115234
2015-10-16,94.54000091552734,15.050000190734863,2.0230000019073486,47.2599983215332
2015-10-17,94.54000091552734,15.050000190734863,2.0230000019073486,47.2599983215332
2015-10-18,94.54000091552734,15.050000190734863,2.0230000019073486,47.2599983215332
2015-10-19,94.95999908447266,14.979999542236328,2.0280001163482666,45.88999938964844
2015-10-20,94.8499984741211,15.75,2.071000099182129,45.54999923706055
2015-10-21,95.05000305175781,16.700000762939453,2.0299999713897705,45.20000076293945
2015-10-22,96.33999633789062,14.449999809265137,2.0250000953674316,45.380001068115234
2015-10-23,97.06999969482422,14.460000038146973,2.0829999446868896,44.599998474121094
2015-10-24,97.06999969482422,14.460000038146973,2.0829999446868896,44.599998474121094
2015-10-25,97.06999969482422,14.460000038146973,2.0829999446868896,44.599998474121094
2015-10-26,96.86000061035156,15.289999961853027,2.058000087738037,43.97999954223633
2015-10-27,96.91000366210938,15.430000305175781,2.0280001163482666,43.20000076293945
2015-10-28,97.77999877929688,14.329999923706055,2.0920000076293945,45.939998626708984
2015-10-29,97.27999877929688,14.609999656677246,2.1730000972747803,46.060001373291016
2015-10-30,96.94999694824219,15.069999694824219,2.1510000228881836,46.59000015258789
2015-10-31,96.94999694824219,15.069999694824219,2.1510000228881836,46.59000015258789
2015-11-01,96.94999694824219,15.069999694824219,2.1510000228881836,46.59000015258789
2015-11-02,96.93000030517578,14.149999618530273,2.187000036239624,46.13999938964844
2015-11-03,97.16000366210938,14.539999961853027,2.2200000286102295,47.900001525878906
2015-11-04,97.94999694824219,15.510000228881836,2.2300000190734863,46.31999969482422
2015-11-05,97.94000244140625,15.050000190734863,2.244999885559082,45.20000076293945
2015-11-06,99.16000366210938,14.329999923706055,2.3329999446868896,44.290000915527344
2015-11-07,99.16000366210938,14.329999923706055,2.3329999446868896,44.290000915527344
2015-11-08,99.16000366210938,14.329999923706055,2.3329999446868896,44.290000915527344
2015-11-09,98.9800033569336,16.520000457763672,2.3420000076293945,43.869998931884766
2015-11-10,99.29000091552734,15.289999961853027,2.322000026702881,44.209999084472656
2015-11-11,99.01000213623047,16.059999465942383,2.3380000591278076,42.93000030517578
2015-11-12,98.6500015258789,18.3700008392334,2.319000005722046,41.75
2015-11-13,98.98999786376953,20.079999923706055,2.2799999713897705,40.7400016784668
2015-11-14,98.98999786376953,20.079999923706055,2.2799999713897705,40.7400016784668
2015-11-15,98.98999786376953,20.079999923706055,2.2799999713897705,40.7400016784668
2015-11-16,99.44000244140625,18.15999984741211,2.2730000019073486,41.7400016784668
2015-11-17,99.62999725341797,18.84000015258789,2.260999917984009,40.66999816894531
2015-11-18,99.6500015258789,16.850000381469727,2.2690000534057617,40.75
2015-11-19,98.98999786376953,16.989999771118164,2.247999906539917,40.540000915527344
2015-11-20,99.56999969482422,15.470000267028809,2.26200008392334,40.38999938964844
2015-11-21,99.56999969482422,15.470000267028809,2.26200008392334,40.38999938964844
2015-11-22,99.56999969482422,15.470000267028809,2.26200008392334,40.38999938964844
2015-11-23,99.80000305175781,15.619999885559082,2.25,41.75
2015-11-24,99.52999877929688,15.930000305175781,2.243000030517578,42.869998931884766
2015-11-25,99.80000305175781,15.1899995803833,2.2320001125335693,43.040000915527344
2015-11-26,99.80000305175781,15.1899995803833,2.2320001125335693,43.040000915527344
2015-11-27,100.0199966430664,15.119999885559082,2.2249999046325684,41.709999084472656
2015-11-28,100.0199966430664,15.119999885559082,2.2249999046325684,41.709999084472656
2015-11-29,100.0199966430664,15.119999885559082,2.2249999046325684,41.709999084472656
2015-11-30,100.16999816894531,16.1299991607666,2.2179999351501465,41.650001525878906
2015-12-01,99.80000305175781,14.670000076293945,2.1549999713897705,41.849998474121094
2015-12-02,99.98999786376953,15.90999984741211,2.177999973297119,39.939998626708984
2015-12-03,97.62000274658203,18.110000610351562,2.3299999237060547,41.08000183105469
2015-12-04,98.3499984741211,14.8100004196167,2.2750000953674316,39.970001220703125
2015-12-05,98.3499984741211,14.8100004196167,2.2750000953674316,39.970001220703125
2015-12-06,98.3499984741211,14.8100004196167,2.2750000953674316,39.970001220703125
2015-12-07,98.66000366210938,15.84000015258789,2.2249999046325684,37.650001525878906
2015-12-08,98.47000122070312,17.600000381469727,2.23799991607666,37.5099983215332
2015-12-09,97.3499984741211,19.610000610351562,2.2079999446868896,37.15999984741211
2015-12-10,97.94000244140625,19.34000015258789,2.239000082015991,36.7599983215332
2015-12-11,97.56999969482422,24.389999389648438,2.1389999389648438,35.619998931884766
2015-12-12,97.56999969482422,24.389999389648438,2.1389999389648438,35.619998931884766
2015-12-13,97.56999969482422,24.389999389648438,2.1389999389648438,35.619998931884766
2015-12-14,97.5999984741211,22.729999542236328,2.2249999046325684,36.310001373291016
2015-12-15,98.22000122070312,20.950000762939453,2.2679998874664307,37.349998474121094
2015-12-16,97.87000274658203,17.860000610351562,2.2869999408721924,35.52000045776367
2015-12-17,99.2699966430664,18.940000534057617,2.23799991607666,34.95000076293945
2015-12-18,98.69999694824219,20.700000762939453,2.1989998817443848,34.72999954223633
2015-12-19,98.69999694824219,20.700000762939453,2.1989998817443848,34.72999954223633
2015-12-20,98.69999694824219,20.700000762939453,2.1989998817443848,34.72999954223633
2015-12-21,98.45999908447266,18.700000762939453,2.197000026702881,34.7400016784668
2015-12-22,98.23999786376953,16.600000381469727,2.239000082015991,36.13999938964844
2015-12-23,98.33999633789062,15.569999694824219,2.2639999389648438,37.5
2015-12-24,97.9800033569336,15.739999771118164,2.243000030517578,38.099998474121094
2015-12-25,97.9800033569336,15.739999771118164,2.243000030517578,38.099998474121094
2015-12-26,97.9800033569336,15.739999771118164,2.243000030517578,38.099998474121094
2015-12-27,97.9800033569336,15.739999771118164,2.243000030517578,38.099998474121094
2015-12-28,97.91999816894531,16.90999984741211,2.2249999046325684,36.810001373291016
2015-12-29,98.0999984741211,16.079999923706055,2.306999921798706,37.869998931884766
2015-12-30,98.2699966430664,17.290000915527344,2.302999973297119,36.599998474121094
2015-12-31,98.62999725341797,18.209999084472656,2.2690000534057617,37.040000915527344
2016-01-01,98.62999725341797,18.209999084472656,2.2690000534057617,37.040000915527344
2016-01-02,98.62999725341797,18.209999084472656,2.2690000534057617,37.040000915527344
2016-01-03,98.62999725341797,18.209999084472656,2.2690000534057617,37.040000915527344
2016-01-04,98.87000274658203,20.700000762939453,2.244999885559082,36.7599983215332
2016-01-05,99.4000015258789,19.34000015258789,2.247999906539917,35.970001220703125
2016-01-06,99.18000030517578,20.59000015258789,2.177000045776367,33.970001220703125
2016-01-07,98.22000122070312,24.989999771118164,2.1530001163482666,33.27000045776367
2016-01-08,98.54000091552734,27.010000228881836,2.130000114440918,33.15999984741211
2016-01-09,98.54000091552734,27.010000228881836,2.130000114440918,33.15999984741211
2016-01-10,98.54000091552734,27.010000228881836,2.130000114440918,33.15999984741211
2016-01-11,98.7300033569336,24.299999237060547,2.1579999923706055,31.40999984741211
2016-01-12,98.97000122070312,22.469999313354492,2.1019999980926514,30.440000534057617
2016-01-13,98.93000030517578,25.219999313354492,2.065999984741211,30.479999542236328
2016-01-14,99.08999633789062,23.950000762939453,2.0980000495910645,31.200000762939453
2016-01-15,98.95999908447266,27.020000457763672,2.0329999923706055,29.420000076293945
2016-01-16,98.95999908447266,27.020000457763672,2.0329999923706055,29.420000076293945
2016-01-17,98.95999908447266,27.020000457763672,2.0329999923706055,29.420000076293945
2016-01-18,99.12000274658203,27.020000457763672,2.0329999923706055,29.420000076293945
2016-01-19,98.98999786376953,26.049999237060547,2.0350000858306885,28.459999084472656
2016-01-20,99.08999633789062,27.59000015258789,1.9839999675750732,26.549999237060547
2016-01-21,99.05999755859375,26.690000534057617,2.0190000534057617,29.530000686645508
2016-01-22,99.56999969482422,22.34000015258789,2.0480000972747803,32.189998626708984
2016-01-23,99.56999969482422,22.34000015258789,2.0480000972747803,32.189998626708984
2016-01-24,99.56999969482422,22.34000015258789,2.0480000972747803,32.189998626708984
2016-01-25,99.36000061035156,24.149999618530273,2.0220000743865967,30.34000015258789
2016-01-26,99.36000061035156,22.5,1.99399995803833,31.450000762939453
2016-01-27,98.9000015258789,23.110000610351562,2.000999927520752,32.29999923706055
2016-01-28,98.51000213623047,22.420000076293945,1.9850000143051147,33.220001220703125
2016-01-29,99.61000061035156,20.200000762939453,1.930999994277954,33.619998931884766
2016-01-30,99.61000061035156,20.200000762939453,1.930999994277954,33.619998931884766
2016-01-31,99.61000061035156,20.200000762939453,1.930999994277954,33.619998931884766
2016-02-01,99.0,19.979999542236328,1.965999960899353,31.6200008392334
2016-02-02,98.87000274658203,21.979999542236328,1.8639999628067017,29.8799991607666
2016-02-03,97.29000091552734,21.649999618530273,1.88100004196167,32.279998779296875
2016-02-04,96.47000122070312,21.84000015258789,1.8639999628067017,31.719999313354492
2016-02-05,97.02999877929688,23.3799991607666,1.8480000495910645,30.889999389648438
2016-02-06,97.02999877929688,23.3799991607666,1.8480000495910645,30.889999389648438
2016-02-07,97.02999877929688,23.3799991607666,1.8480000495910645,30.889999389648438
2016-02-08,96.56999969482422,26.0,1.7350000143051147,29.690000534057617
2016-02-09,96.06999969482422,26.540000915527344,1.7289999723434448,27.940000534057617
2016-02-10,95.88999938964844,26.290000915527344,1.7050000429153442,27.450000762939453
2016-02-11,95.55999755859375,28.139999389648438,1.6440000534057617,26.209999084472656
2016-02-12,95.9800033569336,25.399999618530273,1.7480000257492065,29.440000534057617
2016-02-13,95.9800033569336,25.399999618530273,1.7480000257492065,29.440000534057617
2016-02-14,95.9800033569336,25.399999618530273,1.7480000257492065,29.440000534057617
2016-02-15,95.9800033569336,25.399999618530273,1.7480000257492065,29.440000534057617
2016-02-16,96.87000274658203,24.110000610351562,1.777999997138977,29.040000915527344
2016-02-17,96.79000091552734,22.309999465942383,1.819000005722046,30.65999984741211
2016-02-18,96.94999694824219,21.639999389648438,1.7589999437332153,30.770000457763672
2016-02-19,96.5999984741211,20.530000686645508,1.7480000257492065,29.639999389648438
2016-02-20,96.5999984741211,20.530000686645508,1.7480000257492065,29.639999389648438
2016-02-21,96.5999984741211,20.530000686645508,1.7480000257492065,29.639999389648438
2016-02-22,97.37999725341797,19.3799991607666,1.7660000324249268,31.479999542236328
2016-02-23,97.4800033569336,20.979999542236328,1.7450000047683716,31.8700008392334
2016-02-24,97.45999908447266,20.719999313354492,1.7419999837875366,32.150001525878906
2016-02-25,97.29000091552734,19.110000610351562,1.6970000267028809,33.06999969482422
2016-02-26,98.1500015258789,19.809999465942383,1.7619999647140503,32.779998779296875
2016-02-27,98.1500015258789,19.809999465942383,1.7619999647140503,32.779998779296875
2016-02-28,98.1500015258789,19.809999465942383,1.7619999647140503,32.779998779296875
2016-02-29,98.20999908447266,20.549999237060547,1.7400000095367432,33.75
2016-03-01,98.3499984741211,17.700000762939453,1.8339999914169312,34.400001525878906
2016-03-02,98.20999908447266,17.09000015258789,1.8480000495910645,34.65999984741211
2016-03-03,97.56999969482422,16.700000762939453,1.8300000429153442,34.56999969482422
2016-03-04,97.33999633789062,16.860000610351562,1.8830000162124634,35.91999816894531
2016-03-05,97.33999633789062,16.860000610351562,1.8830000162124634,35.91999816894531
2016-03-06,97.33999633789062,16.860000610351562,1.8830000162124634,35.91999816894531
2016-03-07,97.06999969482422,17.350000381469727,1.9019999504089355,37.900001525878906
2016-03-08,97.20999908447266,18.670000076293945,1.8320000171661377,36.5
2016-03-09,97.16999816894531,18.34000015258789,1.8919999599456787,38.290000915527344
2016-03-10,96.06999969482422,18.049999237060547,1.9290000200271606,37.84000015258789
2016-03-11,96.16999816894531,16.5,1.9769999980926514,38.5
2016-03-12,96.16999816894531,16.5,1.9769999980926514,38.5
2016-03-13,96.16999816894531,16.5,1.9769999980926514,38.5
2016-03-14,96.62000274658203,16.920000076293945,1.9630000591278076,37.18000030517578
2016-03-15,96.62999725341797,16.84000015258789,1.9589999914169312,36.34000015258789
2016-03-16,95.88999938964844,14.989999771118164,1.937999963760376,38.459999084472656
2016-03-17,94.76000213623047,14.4399995803833,1.902999997138977,40.20000076293945
2016-03-18,94.98999786376953,14.020000457763672,1.871000051498413,39.439998626708984
2016-03-19,94.98999786376953,14.020000457763672,1.871000051498413,39.439998626708984
2016-03-20,94.98999786376953,14.020000457763672,1.871000051498413,39.439998626708984
2016-03-21,95.29000091552734,13.789999961853027,1.9229999780654907,39.90999984741211
2016-03-22,95.6500015258789,14.170000076293945,1.934999942779541,41.45000076293945
2016-03-23,96.05000305175781,14.9399995803833,1.875,39.790000915527344
2016-03-24,96.13999938964844,14.739999771118164,1.899999976158142,39.459999084472656
2016-03-25,96.13999938964844,14.739999771118164,1.899999976158142,39.459999084472656
2016-03-26,96.13999938964844,14.739999771118164,1.899999976158142,39.459999084472656
2016-03-27,96.13999938964844,14.739999771118164,1.899999976158142,39.459999084472656
2016-03-28,95.94000244140625,15.239999771118164,1.8700000047683716,39.38999938964844
2016-03-29,95.16000366210938,13.819999694824219,1.8140000104904175,38.279998779296875
2016-03-30,94.83999633789062,13.5600004196167,1.8300000429153442,38.31999969482422
2016-03-31,94.58999633789062,13.949999809265137,1.7860000133514404,38.34000015258789
2016-04-01,94.62000274658203,13.100000381469727,1.7920000553131104,36.790000915527344
2016-04-02,94.62000274658203,13.100000381469727,1.7920000553131104,36.790000915527344
2016-04-03,94.62000274658203,13.100000381469727,1.7920000553131104,36.790000915527344
2016-04-04,94.51000213623047,14.119999885559082,1.7790000438690186,35.70000076293945
2016-04-05,94.62999725341797,15.420000076293945,1.7269999980926514,35.88999938964844
2016-04-06,94.43000030517578,14.09000015258789,1.7549999952316284,37.75
2016-04-07,94.4800033569336,16.15999984741211,1.690999984741211,37.2599983215332
2016-04-08,94.23999786376953,15.359999656677246,1.7200000286102295,39.720001220703125
2016-04-09,94.23999786376953,15.359999656677246,1.7200000286102295,39.720001220703125
2016-04-10,94.23999786376953,15.359999656677246,1.7200000286102295,39.720001220703125
2016-04-11,93.94999694824219,16.260000228881836,1.7239999771118164,40.36000061035156
2016-04-12,93.95999908447266,14.850000381469727,1.781000018119812,42.16999816894531
2016-04-13,94.73999786376953,13.84000015258789,1.7619999647140503,41.7599983215332
2016-04-14,94.9000015258789,13.720000267028809,1.781000018119812,41.5
2016-04-15,94.69999694824219,13.619999885559082,1.7519999742507935,40.36000061035156
2016-04-16,94.69999694824219,13.619999885559082,1.7519999742507935,40.36000061035156
2016-04-17,94.69999694824219,13.619999885559082,1.7519999742507935,40.36000061035156
2016-04-18,94.48999786376953,13.350000381469727,1.7730000019073486,39.779998779296875
2016-04-19,93.9800033569336,13.239999771118164,1.7829999923706055,41.08000183105469
2016-04-20,94.48999786376953,13.279999732971191,1.8539999723434448,42.630001068115234
2016-04-21,94.5999984741211,13.949999809265137,1.8700000047683716,43.18000030517578
2016-04-22,95.12000274658203,13.220000267028809,1.8880000114440918,43.72999954223633
2016-04-23,95.12000274658203,13.220000267028809,1.8880000114440918,43.72999954223633
2016-04-24,95.12000274658203,13.220000267028809,1.8880000114440918,43.72999954223633
2016-04-25,94.83999633789062,14.079999923706055,1.9019999504089355,42.63999938964844
2016-04-26,94.56999969482422,13.960000038146973,1.930999994277954,44.040000915527344
2016-04-27,94.38999938964844,13.770000457763672,1.8600000143051147,45.33000183105469
2016-04-28,93.76000213623047,15.220000267028809,1.8380000591278076,46.029998779296875
2016-04-29,93.08000183105469,15.699999809265137,1.819000005722046,45.91999816894531
2016-04-30,93.08000183105469,15.699999809265137,1.819000005722046,45.91999816894531
2016-05-01,93.08000183105469,15.699999809265137,1.819000005722046,45.91999816894531
2016-05-02,92.62999725341797,14.680000305175781,1.8650000095367432,44.779998779296875
2016-05-03,92.94000244140625,15.600000381469727,1.7999999523162842,43.650001525878906
2016-05-04,93.18000030517578,16.049999237060547,1.784000039100647,43.779998779296875
2016-05-05,93.77999877929688,15.90999984741211,1.746999979019165,44.31999969482422
2016-05-06,93.88999938964844,14.720000267028809,1.7790000438690186,44.65999984741211
2016-05-07,93.88999938964844,14.720000267028809,1.7790000438690186,44.65999984741211
2016-05-08,93.88999938964844,14.720000267028809,1.7790000438690186,44.65999984741211
2016-05-09,94.1500015258789,14.569999694824219,1.7599999904632568,43.439998626708984
2016-05-10,94.29000091552734,13.630000114440918,1.7599999904632568,44.65999984741211
2016-05-11,93.81999969482422,14.6899995803833,1.7369999885559082,46.22999954223633
2016-05-12,94.13999938964844,14.40999984741211,1.7569999694824219,46.70000076293945
2016-05-13,94.61000061035156,15.039999961853027,1.7050000429153442,46.209999084472656
2016-05-14,94.61000061035156,15.039999961853027,1.7050000429153442,46.209999084472656
2016-05-15,94.61000061035156,15.039999961853027,1.7050000429153442,46.209999084472656
2016-05-16,94.56999969482422,14.680000305175781,1.753000020980835,47.720001220703125
2016-05-17,94.55000305175781,15.569999694824219,1.7589999437332153,48.310001373291016
2016-05-18,95.08000183105469,15.949999809265137,1.8799999952316284,48.189998626708984
2016-05-19,95.29000091552734,16.329999923706055,1.8450000286102295,48.15999984741211
2016-05-20,95.30999755859375,15.199999809265137,1.8489999771118164,47.75
2016-05-21,95.30999755859375,15.199999809265137,1.8489999771118164,47.75
2016-05-22,95.30999755859375,15.199999809265137,1.8489999771118164,47.75
2016-05-23,95.2300033569336,15.819999694824219,1.8380000591278076,48.08000183105469
2016-05-24,95.56999969482422,14.420000076293945,1.8589999675750732,48.619998931884766
2016-05-25,95.3499984741211,13.899999618530273,1.8700000047683716,49.560001373291016
2016-05-26,95.16999816894531,13.430000305175781,1.8229999542236328,49.47999954223633
2016-05-27,95.5199966430664,13.119999885559082,1.8509999513626099,49.33000183105469
2016-05-28,95.5199966430664,13.119999885559082,1.8509999513626099,49.33000183105469
2016-05-29,95.5199966430664,13.119999885559082,1.8509999513626099,49.33000183105469
2016-05-30,95.5199966430664,13.119999885559082,1.8509999513626099,49.33000183105469
2016-05-31,95.88999938964844,14.1899995803833,1.8339999914169312,49.099998474121094
2016-06-01,95.45999908447266,14.199999809265137,1.8459999561309814,49.0099983215332
2016-06-02,95.55999755859375,13.630000114440918,1.8109999895095825,49.16999816894531
2016-06-03,94.02999877929688,13.470000267028809,1.7039999961853027,48.619998931884766
2016-06-04,94.02999877929688,13.470000267028809,1.7039999961853027,48.619998931884766
2016-06-05,94.02999877929688,13.470000267028809,1.7039999961853027,48.619998931884766
2016-06-06,93.9000015258789,13.649999618530273,1.7230000495910645,49.689998626708984
2016-06-07,93.83000183105469,14.050000190734863,1.7130000591278076,50.36000061035156
2016-06-08,93.58999633789062,14.079999923706055,1.7059999704360962,51.22999954223633
2016-06-09,94.0999984741211,14.640000343322754,1.6799999475479126,50.560001373291016
2016-06-10,94.5999984741211,17.030000686645508,1.6390000581741333,49.06999969482422
2016-06-11,94.5999984741211,17.030000686645508,1.6390000581741333,49.06999969482422
2016-06-12,94.5999984741211,17.030000686645508,1.6390000581741333,49.06999969482422
2016-06-13,94.37000274658203,20.969999313354492,1.6160000562667847,48.880001068115234
2016-06-14,94.93000030517578,20.5,1.6109999418258667,48.4900016784668
2016-06-15,94.61000061035156,20.139999389648438,1.5959999561309814,48.0099983215332
2016-06-16,94.56999969482422,19.3700008392334,1.5640000104904175,46.209999084472656
2016-06-17,94.20999908447266,19.40999984741211,1.6180000305175781,47.97999954223633
2016-06-18,94.20999908447266,19.40999984741211,1.6180000305175781,47.97999954223633
2016-06-19,94.20999908447266,19.40999984741211,1.6180000305175781,47.97999954223633
2016-06-20,93.61000061035156,18.3700008392334,1.6699999570846558,49.369998931884766
2016-06-21,94.0199966430664,18.479999542236328,1.6970000267028809,48.849998474121094
2016-06-22,93.72000122070312,21.170000076293945,1.684999942779541,49.130001068115234
2016-06-23,93.52999877929688,17.25,1.7389999628067017,50.11000061035156
2016-06-24,95.44999694824219,25.760000228881836,1.5789999961853027,47.63999938964844
2016-06-25,95.44999694824219,25.760000228881836,1.5789999961853027,47.63999938964844
2016-06-26,95.44999694824219,25.760000228881836,1.5789999961853027,47.63999938964844
2016-06-27,96.54000091552734,23.850000381469727,1.4600000381469727,46.33000183105469
2016-06-28,96.25,18.75,1.4609999656677246,47.849998474121094
2016-06-29,95.7699966430664,16.639999389648438,1.4769999980926514,49.880001068115234
2016-06-30,96.13999938964844,15.630000114440918,1.4880000352859497,48.33000183105469
2016-07-01,95.6500015258789,14.770000457763672,1.4559999704360962,48.9900016784668
2016-07-02,95.6500015258789,14.770000457763672,1.4559999704360962,48.9900016784668
2016-07-03,95.6500015258789,14.770000457763672,1.4559999704360962,48.9900016784668
2016-07-04,95.6500015258789,14.770000457763672,1.4559999704360962,48.9900016784668
2016-07-05,96.16999816894531,15.579999923706055,1.3669999837875366,46.599998474121094
2016-07-06,96.05999755859375,14.960000038146973,1.3849999904632568,47.43000030517578
2016-07-07,96.33000183105469,14.760000228881836,1.3869999647140503,45.13999938964844
2016-07-08,96.30000305175781,13.199999809265137,1.3660000562667847,45.40999984741211
2016-07-09,96.30000305175781,13.199999809265137,1.3660000562667847,45.40999984741211
2016-07-10,96.30000305175781,13.199999809265137,1.3660000562667847,45.40999984741211
2016-07-11,96.56999969482422,13.539999961853027,1.434000015258789,44.7599983215332
2016-07-12,96.44000244140625,13.550000190734863,1.5130000114440918,46.79999923706055
2016-07-13,96.22000122070312,13.039999961853027,1.468000054359436,44.75
2016-07-14,96.08000183105469,12.819999694824219,1.531000018119812,45.68000030517578
2016-07-15,96.58000183105469,12.670000076293945,1.593999981880188,45.95000076293945
2016-07-16,96.58000183105469,12.670000076293945,1.593999981880188,45.95000076293945
2016-07-17,96.58000183105469,12.670000076293945,1.593999981880188,45.95000076293945
2016-07-18,96.55999755859375,12.4399995803833,1.5870000123977661,45.2400016784668
2016-07-19,97.05000305175781,11.970000267028809,1.5579999685287476,44.650001525878906
2016-07-20,97.19999694824219,11.770000457763672,1.5800000429153442,44.939998626708984
2016-07-21,97.0,12.739999771118164,1.565000057220459,44.75
2016-07-22,97.47000122070312,12.020000457763672,1.5700000524520874,44.189998626708984
2016-07-23,97.47000122070312,12.020000457763672,1.5700000524520874,44.189998626708984
2016-07-24,97.47000122070312,12.020000457763672,1.5700000524520874,44.189998626708984
2016-07-25,97.29000091552734,12.869999885559082,1.5709999799728394,43.130001068115234
2016-07-26,97.16000366210938,13.050000190734863,1.562999963760376,42.91999816894531
2016-07-27,97.05000305175781,12.829999923706055,1.5149999856948853,41.91999816894531
2016-07-28,96.73999786376953,12.720000267028809,1.5110000371932983,41.13999938964844
2016-07-29,95.52999877929688,11.869999885559082,1.4579999446868896,41.599998474121094
2016-07-30,95.52999877929688,11.869999885559082,1.4579999446868896,41.599998474121094
2016-07-31,95.52999877929688,11.869999885559082,1.4579999446868896,41.599998474121094
2016-08-01,95.70999908447266,12.4399995803833,1.496000051498413,40.060001373291016
2016-08-02,95.05999755859375,13.369999885559082,1.5369999408721924,39.5099983215332
2016-08-03,95.55999755859375,12.859999656677246,1.5420000553131104,40.83000183105469
2016-08-04,95.76000213623047,12.420000076293945,1.503000020980835,41.93000030517578
2016-08-05,96.19000244140625,11.390000343322754,1.5820000171661377,41.79999923706055
2016-08-06,96.19000244140625,11.390000343322754,1.5820000171661377,41.79999923706055
2016-08-07,96.19000244140625,11.390000343322754,1.5820000171661377,41.79999923706055
2016-08-08,96.4000015258789,11.5,1.5829999446868896,43.02000045776367
2016-08-09,96.18000030517578,11.65999984741211,1.5449999570846558,42.77000045776367
2016-08-10,95.6500015258789,12.050000190734863,1.5089999437332153,41.709999084472656
2016-08-11,95.86000061035156,11.680000305175781,1.5729999542236328,43.4900016784668
2016-08-12,95.72000122070312,11.550000190734863,1.5149999856948853,44.4900016784668
2016-08-13,95.72000122070312,11.550000190734863,1.5149999856948853,44.4900016784668
2016-08-14,95.72000122070312,11.550000190734863,1.5149999856948853,44.4900016784668
2016-08-15,95.62999725341797,11.8100004196167,1.5529999732971191,45.7400016784668
2016-08-16,94.79000091552734,12.640000343322754,1.5759999752044678,46.58000183105469
2016-08-17,94.72000122070312,12.1899995803833,1.5609999895095825,46.790000915527344
2016-08-18,94.16000366210938,11.430000305175781,1.5360000133514404,48.220001220703125
2016-08-19,94.51000213623047,11.34000015258789,1.5779999494552612,48.52000045776367
2016-08-20,94.51000213623047,11.34000015258789,1.5779999494552612,48.52000045776367
2016-08-21,94.51000213623047,11.34000015258789,1.5779999494552612,48.52000045776367
2016-08-22,94.5199966430664,12.270000457763672,1.5390000343322754,47.04999923706055
2016-08-23,94.54000091552734,12.380000114440918,1.5529999732971191,48.099998474121094
2016-08-24,94.79000091552734,13.449999809265137,1.559000015258789,46.77000045776367
2016-08-25,94.7699966430664,13.630000114440918,1.5770000219345093,47.33000183105469
2016-08-26,95.56999969482422,13.649999618530273,1.6349999904632568,47.63999938964844
2016-08-27,95.56999969482422,13.649999618530273,1.6349999904632568,47.63999938964844
2016-08-28,95.56999969482422,13.649999618530273,1.6349999904632568,47.63999938964844
2016-08-29,95.58000183105469,12.9399995803833,1.565999984741211,46.97999954223633
2016-08-30,96.05000305175781,13.119999885559082,1.5700000524520874,46.349998474121094
2016-08-31,96.0199966430664,13.420000076293945,1.5679999589920044,44.70000076293945
2016-09-01,95.6500015258789,13.479999542236328,1.5700000524520874,43.15999984741211
2016-09-02,95.87999725341797,11.979999542236328,1.5959999561309814,44.439998626708984
2016-09-03,95.87999725341797,11.979999542236328,1.5959999561309814,44.439998626708984
2016-09-04,95.87999725341797,11.979999542236328,1.5959999561309814,44.439998626708984
2016-09-05,95.87999725341797,11.979999542236328,1.5959999561309814,44.439998626708984
2016-09-06,94.81999969482422,12.020000457763672,1.5429999828338623,44.83000183105469
2016-09-07,94.95999908447266,11.9399995803833,1.5410000085830688,45.5
2016-09-08,95.02999877929688,12.510000228881836,1.6160000562667847,47.619998931884766
2016-09-09,95.33999633789062,17.5,1.6720000505447388,45.880001068115234
2016-09-10,95.33999633789062,17.5,1.6720000505447388,45.880001068115234
2016-09-11,95.33999633789062,17.5,1.6720000505447388,45.880001068115234
2016-09-12,95.0999984741211,15.15999984741211,1.6720000505447388,46.290000915527344
2016-09-13,95.62999725341797,17.850000381469727,1.7339999675750732,44.900001525878906
2016-09-14,95.33000183105469,18.139999389648438,1.6890000104904175,43.58000183105469
2016-09-15,95.29000091552734,16.299999237060547,1.7029999494552612,43.90999984741211
2016-09-16,96.11000061035156,15.369999885559082,1.7009999752044678,43.029998779296875
2016-09-17,96.11000061035156,15.369999885559082,1.7009999752044678,43.029998779296875
2016-09-18,96.11000061035156,15.369999885559082,1.7009999752044678,43.029998779296875
2016-09-19,95.83999633789062,15.529999732971191,1.6959999799728394,43.29999923706055
2016-09-20,96.0199966430664,15.920000076293945,1.687999963760376,43.439998626708984
2016-09-21,95.66000366210938,13.300000190734863,1.6679999828338623,45.34000015258789
2016-09-22,95.44999694824219,12.020000457763672,1.6319999694824219,46.31999969482422
2016-09-23,95.4800033569336,12.289999961853027,1.6150000095367432,44.47999954223633
2016-09-24,95.4800033569336,12.289999961853027,1.6150000095367432,44.47999954223633
2016-09-25,95.4800033569336,12.289999961853027,1.6150000095367432,44.47999954223633
2016-09-26,95.30999755859375,14.5,1.5889999866485596,45.93000030517578
2016-09-27,95.44000244140625,13.100000381469727,1.555999994277954,44.66999816894531
2016-09-28,95.43000030517578,12.390000343322754,1.5670000314712524,47.04999923706055
2016-09-29,95.54000091552734,14.020000457763672,1.5570000410079956,47.83000183105469
2016-09-30,95.45999908447266,13.289999961853027,1.6080000400543213,48.2400016784668
2016-10-01,95.45999908447266,13.289999961853027,1.6080000400543213,48.2400016784668
2016-10-02,95.45999908447266,13.289999961853027,1.6080000400543213,48.2400016784668
2016-10-03,95.75,13.569999694824219,1.621999979019165,48.810001373291016
2016-10-04,96.12000274658203,13.630000114440918,1.6829999685287476,48.689998626708984
2016-10-05,96.12999725341797,12.989999771118164,1.715999960899353,49.83000183105469
2016-10-06,96.66000366210938,12.84000015258789,1.7419999837875366,50.439998626708984
2016-10-07,96.5199966430664,13.479999542236328,1.7359999418258667,49.810001373291016
2016-10-08,96.5199966430664,13.479999542236328,1.7359999418258667,49.810001373291016
2016-10-09,96.5199966430664,13.479999542236328,1.7359999418258667,49.810001373291016
2016-10-10,96.5199966430664,13.380000114440918,1.7230000495910645,49.810001373291016
2016-10-11,97.69999694824219,15.359999656677246,1.7589999437332153,50.790000915527344
2016-10-12,97.97000122070312,15.90999984741211,1.777999997138977,50.18000030517578
2016-10-13,97.5199966430664,16.690000534057617,1.7380000352859497,50.439998626708984
2016-10-14,98.0199966430664,16.1200008392334,1.7940000295639038,50.349998474121094
2016-10-15,98.0199966430664,16.1200008392334,1.7940000295639038,50.349998474121094
2016-10-16,98.0199966430664,16.1200008392334,1.7940000295639038,50.349998474121094
2016-10-17,97.88999938964844,16.209999084472656,1.7660000324249268,49.939998626708984
2016-10-18,97.9000015258789,15.279999732971191,1.7489999532699585,50.290000915527344
2016-10-19,97.87000274658203,14.40999984741211,1.7519999742507935,51.599998474121094
2016-10-20,98.31999969482422,13.75,1.746999979019165,50.43000030517578
2016-10-21,98.69999694824219,13.34000015258789,1.7400000095367432,50.849998474121094
2016-10-22,98.69999694824219,13.34000015258789,1.7400000095367432,50.849998474121094
2016-10-23,98.69999694824219,13.34000015258789,1.7400000095367432,50.849998474121094
2016-10-24,98.66999816894531,13.020000457763672,1.7630000114440918,50.52000045776367
2016-10-25,98.72000122070312,13.460000038146973,1.7580000162124634,49.959999084472656
2016-10-26,98.62999725341797,14.239999771118164,1.7899999618530273,49.18000030517578
2016-10-27,98.88999938964844,15.359999656677246,1.843000054359436,49.720001220703125
2016-10-28,98.3499984741211,16.190000534057617,1.8450000286102295,48.70000076293945
2016-10-29,98.3499984741211,16.190000534057617,1.8450000286102295,48.70000076293945
2016-10-30,98.3499984741211,16.190000534057617,1.8450000286102295,48.70000076293945
2016-10-31,98.44999694824219,17.059999465942383,1.8339999914169312,46.86000061035156
2016-11-01,97.69999694824219,18.559999465942383,1.8200000524520874,46.66999816894531
2016-11-02,97.4000015258789,19.31999969482422,1.7990000247955322,45.34000015258789
2016-11-03,97.16000366210938,22.079999923706055,1.812000036239624,44.65999984741211
2016-11-04,97.06999969482422,22.510000228881836,1.7829999923706055,44.06999969482422
2016-11-05,97.06999969482422,22.510000228881836,1.7829999923706055,44.06999969482422
2016-11-06,97.06999969482422,22.510000228881836,1.7829999923706055,44.06999969482422
2016-11-07,97.77999877929688,18.709999084472656,1.8279999494552612,44.88999938964844
2016-11-08,97.86000061035156,18.739999771118164,1.8619999885559082,44.97999954223633
2016-11-09,98.5,14.380000114440918,2.072000026702881,45.27000045776367
2016-11-10,98.79000091552734,14.739999771118164,2.117000102996826,44.65999984741211
2016-11-11,98.79000091552734,14.170000076293945,2.117000102996826,44.65999984741211
2016-11-12,98.79000091552734,14.170000076293945,2.117000102996826,44.65999984741211
2016-11-13,98.79000091552734,14.170000076293945,2.117000102996826,44.65999984741211
2016-11-14,100.11000061035156,14.479999542236328,2.2219998836517334,43.31999969482422
2016-11-15,100.19000244140625,13.369999885559082,2.23799991607666,45.810001373291016
2016-11-16,100.41000366210938,13.720000267028809,2.2230000495910645,45.56999969482422
2016-11-17,100.88999938964844,13.350000381469727,2.2760000228881836,45.41999816894531
2016-11-18,101.20999908447266,12.850000381469727,2.3350000381469727,45.689998626708984
2016-11-19,101.20999908447266,12.850000381469727,2.3350000381469727,45.689998626708984
2016-11-20,101.20999908447266,12.850000381469727,2.3350000381469727,45.689998626708984
2016-11-21,101.05000305175781,12.420000076293945,2.3389999866485596,47.4900016784668
2016-11-22,101.04000091552734,12.40999984741211,2.321000099182129,48.029998779296875
2016-11-23,101.69999694824219,12.430000305175781,2.3570001125335693,47.959999084472656
2016-11-24,101.69999694824219,12.430000305175781,2.3570001125335693,47.959999084472656
2016-11-25,101.48999786376953,12.34000015258789,2.371999979019165,46.060001373291016
2016-11-26,101.48999786376953,12.34000015258789,2.371999979019165,46.060001373291016
2016-11-27,101.48999786376953,12.34000015258789,2.371999979019165,46.060001373291016
2016-11-28,101.33000183105469,13.149999618530273,2.319999933242798,47.08000183105469
2016-11-29,100.93000030517578,12.899999618530273,2.302000045776367,45.22999954223633
2016-11-30,101.5,13.329999923706055,2.368000030517578,49.439998626708984
2016-12-01,101.04000091552734,14.069999694824219,2.440999984741211,51.060001373291016
2016-12-02,100.7699966430664,14.119999885559082,2.390000104904175,51.68000030517578
2016-12-03,100.7699966430664,14.119999885559082,2.390000104904175,51.68000030517578
2016-12-04,100.7699966430664,14.119999885559082,2.390000104904175,51.68000030517578
2016-12-05,100.13999938964844,12.140000343322754,2.38700008392334,51.790000915527344
2016-12-06,100.48999786376953,11.789999961853027,2.3959999084472656,50.93000030517578
2016-12-07,100.2300033569336,12.220000267028809,2.3469998836517334,49.77000045776367
2016-12-08,101.06999969482422,12.640000343322754,2.38700008392334,50.84000015258789
2016-12-09,101.56999969482422,11.75,2.4639999866485596,51.5
2016-12-10,101.56999969482422,11.75,2.4639999866485596,51.5
2016-12-11,101.56999969482422,11.75,2.4639999866485596,51.5
2016-12-12,100.95999908447266,12.640000343322754,2.4790000915527344,52.83000183105469
2016-12-13,101.02999877929688,12.720000267028809,2.4809999465942383,52.97999954223633
2016-12-14,102.0,13.1899995803833,2.5250000953674316,51.040000915527344
2016-12-15,103.12999725341797,12.789999961853027,2.5799999237060547,50.900001525878906
2016-12-16,102.94999694824219,12.199999809265137,2.5969998836517334,51.900001525878906
2016-12-17,102.94999694824219,12.199999809265137,2.5969998836517334,51.900001525878906
2016-12-18,102.94999694824219,12.199999809265137,2.5969998836517334,51.900001525878906
2016-12-19,103.13999938964844,11.710000038146973,2.5420000553131104,52.119998931884766
2016-12-20,103.29000091552734,11.449999809265137,2.568000078201294,52.22999954223633
2016-12-21,103.0199966430664,11.270000457763672,2.5460000038146973,52.4900016784668
2016-12-22,103.08999633789062,11.430000305175781,2.552999973297119,52.95000076293945
2016-12-23,103.01000213623047,11.4399995803833,2.5429999828338623,53.02000045776367
2016-12-24,103.01000213623047,11.4399995803833,2.5429999828338623,53.02000045776367
2016-12-25,103.01000213623047,11.4399995803833,2.5429999828338623,53.02000045776367
2016-12-26,103.01000213623047,11.4399995803833,2.5429999828338623,53.02000045776367
2016-12-27,103.0199966430664,11.989999771118164,2.562999963760376,53.900001525878906
2016-12-28,103.26000213623047,12.949999809265137,2.50600004196167,54.060001373291016
2016-12-29,102.68000030517578,13.369999885559082,2.4769999980926514,53.77000045776367
2016-12-30,102.38999938964844,14.039999961853027,2.446000099182129,53.720001220703125
2016-12-31,102.38999938964844,14.039999961853027,2.446000099182129,53.720001220703125
2017-01-01,102.38999938964844,14.039999961853027,2.446000099182129,53.720001220703125
2017-01-02,102.38999938964844,14.039999961853027,2.446000099182129,53.720001220703125
2017-01-03,103.20999908447266,12.850000381469727,2.450000047683716,52.33000183105469
2017-01-04,102.69999694824219,11.850000381469727,2.4519999027252197,53.2599983215332
2017-01-05,101.5199966430664,11.670000076293945,2.368000030517578,53.7599983215332
2017-01-06,102.22000122070312,11.319999694824219,2.4179999828338623,53.9900016784668
2017-01-07,102.22000122070312,11.319999694824219,2.4179999828338623,53.9900016784668
2017-01-08,102.22000122070312,11.319999694824219,2.4179999828338623,53.9900016784668
2017-01-09,101.93000030517578,11.5600004196167,2.375999927520752,51.959999084472656
2017-01-10,102.01000213623047,11.489999771118164,2.378999948501587,50.81999969482422
2017-01-11,101.77999877929688,11.260000228881836,2.369999885559082,52.25
2017-01-12,101.3499984741211,11.539999961853027,2.3610000610351562,53.0099983215332
2017-01-13,101.18000030517578,11.229999542236328,2.380000114440918,52.369998931884766
2017-01-14,101.18000030517578,11.229999542236328,2.380000114440918,52.369998931884766
2017-01-15,101.18000030517578,11.229999542236328,2.380000114440918,52.369998931884766
2017-01-16,101.18000030517578,11.229999542236328,2.380000114440918,52.369998931884766
2017-01-17,100.33000183105469,11.869999885559082,2.3269999027252197,52.47999954223633
2017-01-18,100.93000030517578,12.479999542236328,2.3889999389648438,51.08000183105469
2017-01-19,101.1500015258789,12.779999732971191,2.4590001106262207,51.369998931884766
2017-01-20,100.73999786376953,11.539999961853027,2.4670000076293945,52.41999816894531
2017-01-21,100.73999786376953,11.539999961853027,2.4670000076293945,52.41999816894531
2017-01-22,100.73999786376953,11.539999961853027,2.4670000076293945,52.41999816894531
2017-01-23,100.16000366210938,11.770000457763672,2.4030001163482666,52.75
2017-01-24,100.3499984741211,11.069999694824219,2.4709999561309814,53.18000030517578
2017-01-25,100.02999877929688,10.8100004196167,2.5230000019073486,52.75
2017-01-26,100.37999725341797,10.630000114440918,2.507999897003174,53.779998779296875
2017-01-27,100.52999877929688,10.579999923706055,2.4809999465942383,53.16999816894531
2017-01-28,100.52999877929688,10.579999923706055,2.4809999465942383,53.16999816894531
2017-01-29,100.52999877929688,10.579999923706055,2.4809999465942383,53.16999816894531
2017-01-30,100.43000030517578,11.880000114440918,2.4830000400543213,52.630001068115234
2017-01-31,99.51000213623047,11.989999771118164,2.4509999752044678,52.810001373291016
2017-02-01,99.63999938964844,11.8100004196167,2.4739999771118164,53.880001068115234
2017-02-02,99.8499984741211,11.930000305175781,2.4700000286102295,53.540000915527344
2017-02-03,99.87000274658203,10.970000267028809,2.490999937057495,53.83000183105469
2017-02-04,99.87000274658203,10.970000267028809,2.490999937057495,53.83000183105469
2017-02-05,99.87000274658203,10.970000267028809,2.490999937057495,53.83000183105469
2017-02-06,99.91000366210938,11.369999885559082,2.4130001068115234,53.0099983215332
2017-02-07,100.26000213623047,11.289999961853027,2.3889999389648438,52.16999816894531
2017-02-08,100.27999877929688,11.449999809265137,2.3510000705718994,52.34000015258789
2017-02-09,100.6500015258789,10.880000114440918,2.3949999809265137,53.0
2017-02-10,100.80000305175781,10.850000381469727,2.4089999198913574,53.86000061035156
2017-02-11,100.80000305175781,10.850000381469727,2.4089999198913574,53.86000061035156
2017-02-12,100.80000305175781,10.850000381469727,2.4089999198913574,53.86000061035156
2017-02-13,100.95999908447266,11.069999694824219,2.434000015258789,52.93000030517578
2017-02-14,101.25,10.739999771118164,2.4700000286102295,53.20000076293945
2017-02-15,101.18000030517578,11.970000267028809,2.502000093460083,53.11000061035156
2017-02-16,100.44000244140625,11.760000228881836,2.450000047683716,53.36000061035156
2017-02-17,100.94999694824219,11.489999771118164,2.424999952316284,53.400001525878906
2017-02-18,100.94999694824219,11.489999771118164,2.424999952316284,53.400001525878906
2017-02-19,100.94999694824219,11.489999771118164,2.424999952316284,53.400001525878906
2017-02-20,100.94999694824219,11.489999771118164,2.424999952316284,53.400001525878906
2017-02-21,101.37000274658203,11.569999694824219,2.427000045776367,54.060001373291016
2017-02-22,101.33000183105469,11.739999771118164,2.4179999828338623,53.59000015258789
2017-02-23,101.05000305175781,11.710000038146973,2.388000011444092,54.45000076293945
2017-02-24,101.08999633789062,11.470000267028809,2.316999912261963,53.9900016784668
2017-02-25,101.08999633789062,11.470000267028809,2.316999912261963,53.9900016784668
2017-02-26,101.08999633789062,11.470000267028809,2.316999912261963,53.9900016784668
2017-02-27,101.12999725341797,12.09000015258789,2.36899995803833,54.04999923706055
2017-02-28,101.12000274658203,12.920000076293945,2.3580000400543213,54.0099983215332
2017-03-01,101.77999877929688,12.539999961853027,2.4630000591278076,53.83000183105469
2017-03-02,102.19999694824219,11.8100004196167,2.489000082015991,52.61000061035156
2017-03-03,101.54000091552734,10.960000038146973,2.492000102996826,53.33000183105469
2017-03-04,101.54000091552734,10.960000038146973,2.492000102996826,53.33000183105469
2017-03-05,101.54000091552734,10.960000038146973,2.492000102996826,53.33000183105469
2017-03-06,101.63999938964844,11.239999771118164,2.49399995803833,53.20000076293945
2017-03-07,101.80999755859375,11.449999809265137,2.510999917984009,53.13999938964844
2017-03-08,102.06999969482422,11.859999656677246,2.552000045776367,50.279998779296875
2017-03-09,101.8499984741211,12.300000190734863,2.5980000495910645,49.279998779296875
2017-03-10,101.25,11.65999984741211,2.5820000171661377,48.4900016784668
2017-03-11,101.25,11.65999984741211,2.5820000171661377,48.4900016784668
2017-03-12,101.25,11.65999984741211,2.5820000171661377,48.4900016784668
2017-03-13,101.37999725341797,11.350000381469727,2.6080000400543213,48.400001525878906
2017-03-14,101.69999694824219,12.300000190734863,2.5950000286102295,47.720001220703125
2017-03-15,100.73999786376953,11.630000114440918,2.507999897003174,48.86000061035156
2017-03-16,100.2699966430664,11.210000038146973,2.5220000743865967,48.75
2017-03-17,100.30000305175781,11.279999732971191,2.500999927520752,48.779998779296875
2017-03-18,100.30000305175781,11.279999732971191,2.500999927520752,48.779998779296875
2017-03-19,100.30000305175781,11.279999732971191,2.500999927520752,48.779998779296875
2017-03-20,100.41000366210938,11.34000015258789,2.4730000495910645,48.220001220703125
2017-03-21,99.80999755859375,12.470000267028809,2.436000108718872,47.34000015258789
2017-03-22,99.68000030517578,12.8100004196167,2.3959999084472656,48.040000915527344
2017-03-23,99.76000213623047,13.119999885559082,2.4179999828338623,47.70000076293945
2017-03-24,99.62999725341797,12.960000038146973,2.4000000953674316,47.970001220703125
2017-03-25,99.62999725341797,12.960000038146973,2.4000000953674316,47.970001220703125
2017-03-26,99.62999725341797,12.960000038146973,2.4000000953674316,47.970001220703125
2017-03-27,99.16999816894531,12.5,2.372999906539917,47.72999954223633
2017-03-28,99.70999908447266,11.529999732971191,2.4089999198913574,48.369998931884766
2017-03-29,100.0,11.420000076293945,2.385999917984009,49.5099983215332
2017-03-30,100.41000366210938,11.539999961853027,2.4159998893737793,50.349998474121094
2017-03-31,100.3499984741211,12.369999885559082,2.3959999084472656,50.599998474121094
2017-04-01,100.3499984741211,12.369999885559082,2.3959999084472656,50.599998474121094
2017-04-02,100.3499984741211,12.369999885559082,2.3959999084472656,50.599998474121094
2017-04-03,100.54000091552734,12.380000114440918,2.3499999046325684,50.2400016784668
2017-04-04,100.54000091552734,11.789999961853027,2.3499999046325684,51.029998779296875
2017-04-05,100.55999755859375,12.890000343322754,2.3570001125335693,51.150001525878906
2017-04-06,100.66999816894531,12.390000343322754,2.3429999351501465,51.70000076293945
2017-04-07,101.18000030517578,12.869999885559082,2.372999906539917,52.2400016784668
2017-04-08,101.18000030517578,12.869999885559082,2.372999906539917,52.2400016784668
2017-04-09,101.18000030517578,12.869999885559082,2.372999906539917,52.2400016784668
2017-04-10,101.0199966430664,14.050000190734863,2.3610000610351562,53.08000183105469
2017-04-11,100.70999908447266,15.069999694824219,2.2980000972747803,53.400001525878906
2017-04-12,100.77999877929688,15.770000457763672,2.2960000038146973,53.11000061035156
2017-04-13,100.55999755859375,15.960000038146973,2.2320001125335693,53.18000030517578
2017-04-14,100.55999755859375,15.960000038146973,2.2320001125335693,53.18000030517578
2017-04-15,100.55999755859375,15.960000038146973,2.2320001125335693,53.18000030517578
2017-04-16,100.55999755859375,15.960000038146973,2.2320001125335693,53.18000030517578
2017-04-17,100.30000305175781,14.65999984741211,2.252000093460083,52.650001525878906
2017-04-18,99.5,14.420000076293945,2.178999900817871,52.40999984741211
2017-04-19,99.73999786376953,14.930000305175781,2.2019999027252197,50.439998626708984
2017-04-20,99.77999877929688,14.149999618530273,2.240999937057495,50.27000045776367
2017-04-21,99.9800033569336,14.630000114440918,2.236999988555908,49.619998931884766
2017-04-22,99.9800033569336,14.630000114440918,2.236999988555908,49.619998931884766
2017-04-23,99.9800033569336,14.630000114440918,2.236999988555908,49.619998931884766
2017-04-24,99.08999633789062,10.84000015258789,2.2730000019073486,49.22999954223633
2017-04-25,98.81999969482422,10.760000228881836,2.3269999027252197,49.560001373291016
2017-04-26,98.95999908447266,10.850000381469727,2.311000108718872,49.619998931884766
2017-04-27,99.08000183105469,10.359999656677246,2.2960000038146973,48.970001220703125
2017-04-28,99.05000305175781,10.819999694824219,2.2820000648498535,49.33000183105469
2017-04-29,99.05000305175781,10.819999694824219,2.2820000648498535,49.33000183105469
2017-04-30,99.05000305175781,10.819999694824219,2.2820000648498535,49.33000183105469
2017-05-01,99.13999938964844,10.109999656677246,2.325000047683716,48.84000015258789
2017-05-02,98.9800033569336,10.59000015258789,2.2960000038146973,47.65999984741211
2017-05-03,99.20999908447266,10.680000305175781,2.309000015258789,47.81999969482422
2017-05-04,98.76000213623047,10.460000038146973,2.3559999465942383,45.52000045776367
2017-05-05,98.6500015258789,10.569999694824219,2.3519999980926514,46.220001220703125
2017-05-06,98.6500015258789,10.569999694824219,2.3519999980926514,46.220001220703125
2017-05-07,98.6500015258789,10.569999694824219,2.3519999980926514,46.220001220703125
2017-05-08,99.1500015258789,9.770000457763672,2.375999927520752,46.43000030517578
2017-05-09,99.58999633789062,9.960000038146973,2.4070000648498535,45.880001068115234
2017-05-10,99.66999816894531,10.210000038146973,2.4140000343322754,47.33000183105469
2017-05-11,99.62000274658203,10.600000381469727,2.4000000953674316,47.83000183105469
2017-05-12,99.25,10.399999618530273,2.3350000381469727,47.84000015258789
2017-05-13,99.25,10.399999618530273,2.3350000381469727,47.84000015258789
2017-05-14,99.25,10.399999618530273,2.3350000381469727,47.84000015258789
2017-05-15,98.91000366210938,10.420000076293945,2.3380000591278076,48.849998474121094
2017-05-16,98.11000061035156,10.649999618530273,2.3289999961853027,48.65999984741211
2017-05-17,97.41999816894531,15.59000015258789,2.2160000801086426,49.06999969482422
2017-05-18,97.87999725341797,14.65999984741211,2.2330000400543213,49.349998474121094
2017-05-19,97.1500015258789,12.039999961853027,2.244999885559082,50.33000183105469
2017-05-20,97.1500015258789,12.039999961853027,2.244999885559082,50.33000183105469
2017-05-21,97.1500015258789,12.039999961853027,2.244999885559082,50.33000183105469
2017-05-22,96.9800033569336,10.930000305175781,2.253999948501587,50.72999954223633
2017-05-23,97.3499984741211,10.720000267028809,2.2850000858306885,51.470001220703125
2017-05-24,97.23999786376953,10.020000457763672,2.2660000324249268,51.36000061035156
2017-05-25,97.25,9.989999771118164,2.255000114440918,48.900001525878906
2017-05-26,97.4000015258789,9.8100004196167,2.25,49.79999923706055
2017-05-27,97.4000015258789,9.8100004196167,2.25,49.79999923706055
2017-05-28,97.4000015258789,9.8100004196167,2.25,49.79999923706055
2017-05-29,97.4000015258789,9.8100004196167,2.25,49.79999923706055
2017-05-30,97.27999877929688,10.380000114440918,2.2170000076293945,49.65999984741211
2017-05-31,96.91999816894531,10.40999984741211,2.196000099182129,48.31999969482422
2017-06-01,97.19999694824219,9.890000343322754,2.2170000076293945,48.36000061035156
2017-06-02,96.72000122070312,9.75,2.1589999198913574,47.65999984741211
2017-06-03,96.72000122070312,9.75,2.1589999198913574,47.65999984741211
2017-06-04,96.72000122070312,9.75,2.1589999198913574,47.65999984741211
2017-06-05,96.80000305175781,10.069999694824219,2.181999921798706,47.400001525878906
2017-06-06,96.63999938964844,10.449999809265137,2.1470000743865967,48.189998626708984
2017-06-07,96.75,10.390000343322754,2.177999973297119,45.720001220703125
2017-06-08,96.91999816894531,10.15999984741211,2.194000005722046,45.63999938964844
2017-06-09,97.2699966430664,10.699999809265137,2.1989998817443848,45.83000183105469
2017-06-10,97.2699966430664,10.699999809265137,2.1989998817443848,45.83000183105469
2017-06-11,97.2699966430664,10.699999809265137,2.1989998817443848,45.83000183105469
2017-06-12,97.13999938964844,11.460000038146973,2.2130000591278076,46.08000183105469
2017-06-13,96.9800033569336,10.420000076293945,2.2070000171661377,46.459999084472656
2017-06-14,96.94000244140625,10.640000343322754,2.138000011444092,44.72999954223633
2017-06-15,97.43000030517578,10.899999618530273,2.1619999408721924,44.459999084472656
2017-06-16,97.16000366210938,10.380000114440918,2.1570000648498535,44.7400016784668
2017-06-17,97.16000366210938,10.380000114440918,2.1570000648498535,44.7400016784668
2017-06-18,97.16000366210938,10.380000114440918,2.1570000648498535,44.7400016784668
2017-06-19,97.52999877929688,10.369999885559082,2.190000057220459,44.20000076293945
2017-06-20,97.75,10.859999656677246,2.1530001163482666,43.22999954223633
2017-06-21,97.55999755859375,10.75,2.1549999713897705,42.529998779296875
2017-06-22,97.54000091552734,10.479999542236328,2.1530001163482666,42.7400016784668
2017-06-23,97.30000305175781,10.020000457763672,2.1440000534057617,43.0099983215332
2017-06-24,97.30000305175781,10.020000457763672,2.1440000534057617,43.0099983215332
2017-06-25,97.30000305175781,10.020000457763672,2.1440000534057617,43.0099983215332
2017-06-26,97.43000030517578,9.899999618530273,2.13700008392334,43.380001068115234
2017-06-27,96.47000122070312,11.0600004196167,2.197999954223633,44.2400016784668
2017-06-28,96.05000305175781,10.029999732971191,2.2209999561309814,44.7400016784668
2017-06-29,95.62999725341797,11.4399995803833,2.2669999599456787,44.93000030517578
2017-06-30,95.66000366210938,11.180000305175781,2.302000045776367,46.040000915527344
2017-07-01,95.66000366210938,11.180000305175781,2.302000045776367,46.040000915527344
2017-07-02,95.66000366210938,11.180000305175781,2.302000045776367,46.040000915527344
2017-07-03,96.19999694824219,11.220000267028809,2.3459999561309814,47.06999969482422
2017-07-04,96.19999694824219,11.220000267028809,2.3459999561309814,47.06999969482422
2017-07-05,96.29000091552734,11.069999694824219,2.3340001106262207,45.130001068115234
2017-07-06,95.81999969482422,12.539999961853027,2.369999885559082,45.52000045776367
2017-07-07,96.01000213623047,11.1899995803833,2.3929998874664307,44.22999954223633
2017-07-08,96.01000213623047,11.1899995803833,2.3929998874664307,44.22999954223633
2017-07-09,96.01000213623047,11.1899995803833,2.3929998874664307,44.22999954223633
2017-07-10,96.05000305175781,11.109999656677246,2.371000051498413,44.400001525878906
2017-07-11,95.73999786376953,10.890000343322754,2.361999988555908,45.040000915527344
2017-07-12,95.79000091552734,10.300000190734863,2.3269999027252197,45.4900016784668
2017-07-13,95.7300033569336,9.899999618530273,2.3480000495910645,46.08000183105469
2017-07-14,95.11000061035156,9.510000228881836,2.319000005722046,46.540000915527344
2017-07-15,95.11000061035156,9.510000228881836,2.319000005722046,46.540000915527344
2017-07-16,95.11000061035156,9.510000228881836,2.319000005722046,46.540000915527344
2017-07-17,95.12999725341797,9.819999694824219,2.309000015258789,46.02000045776367
2017-07-18,94.66000366210938,9.890000343322754,2.263000011444092,46.400001525878906
2017-07-19,94.80000305175781,9.789999961853027,2.2679998874664307,47.119998931884766
2017-07-20,94.2699966430664,9.579999923706055,2.2660000324249268,46.790000915527344
2017-07-21,93.94000244140625,9.359999656677246,2.2320001125335693,45.77000045776367
2017-07-22,93.94000244140625,9.359999656677246,2.2320001125335693,45.77000045776367
2017-07-23,93.94000244140625,9.359999656677246,2.2320001125335693,45.77000045776367
2017-07-24,93.9800033569336,9.430000305175781,2.253999948501587,46.34000015258789
2017-07-25,94.05000305175781,9.430000305175781,2.3259999752044678,47.88999938964844
2017-07-26,93.66999816894531,9.600000381469727,2.2820000648498535,48.75
2017-07-27,93.86000061035156,10.109999656677246,2.309999942779541,49.040000915527344
2017-07-28,93.26000213623047,10.289999961853027,2.2890000343322754,49.709999084472656
2017-07-29,93.26000213623047,10.289999961853027,2.2890000343322754,49.709999084472656
2017-07-30,93.26000213623047,10.289999961853027,2.2890000343322754,49.709999084472656
2017-07-31,92.86000061035156,10.260000228881836,2.2920000553131104,50.16999816894531
2017-08-01,93.02999877929688,10.09000015258789,2.250999927520752,49.15999984741211
2017-08-02,92.83000183105469,10.279999732971191,2.26200008392334,49.59000015258789
2017-08-03,92.80999755859375,10.4399995803833,2.2279999256134033,49.029998779296875
2017-08-04,93.54000091552734,10.029999732971191,2.2669999599456787,49.58000183105469
2017-08-05,93.54000091552734,10.029999732971191,2.2669999599456787,49.58000183105469
2017-08-06,93.54000091552734,10.029999732971191,2.2669999599456787,49.58000183105469
2017-08-07,93.43000030517578,9.930000305175781,2.256999969482422,49.38999938964844
2017-08-08,93.63999938964844,10.960000038146973,2.2829999923706055,49.16999816894531
2017-08-09,93.5199966430664,11.109999656677246,2.240999937057495,49.560001373291016
2017-08-10,93.4000015258789,16.040000915527344,2.2119998931884766,48.59000015258789
2017-08-11,93.06999969482422,15.510000228881836,2.188999891281128,48.81999969482422
2017-08-12,93.06999969482422,15.510000228881836,2.188999891281128,48.81999969482422
2017-08-13,93.06999969482422,15.510000228881836,2.188999891281128,48.81999969482422
2017-08-14,93.45999908447266,12.329999923706055,2.2190001010894775,47.59000015258789
2017-08-15,93.8499984741211,12.039999961853027,2.2660000324249268,47.54999923706055
2017-08-16,93.48999786376953,11.739999771118164,2.2260000705718994,46.779998779296875
2017-08-17,93.62000274658203,15.550000190734863,2.1989998817443848,47.09000015258789
2017-08-18,93.43000030517578,14.260000228881836,2.194000005722046,48.5099983215332
2017-08-19,93.43000030517578,14.260000228881836,2.194000005722046,48.5099983215332
2017-08-20,93.43000030517578,14.260000228881836,2.194000005722046,48.5099983215332
2017-08-21,93.0999984741211,13.1899995803833,2.180000066757202,47.369998931884766
2017-08-22,93.55000305175781,11.350000381469727,2.2149999141693115,47.63999938964844
2017-08-23,93.1500015258789,12.25,2.1710000038146973,48.40999984741211
2017-08-24,93.27999877929688,12.229999542236328,2.194000005722046,47.43000030517578
2017-08-25,92.73999786376953,11.279999732971191,2.1689999103546143,47.869998931884766
2017-08-26,92.73999786376953,11.279999732971191,2.1689999103546143,47.869998931884766
2017-08-27,92.73999786376953,11.279999732971191,2.1689999103546143,47.869998931884766
2017-08-28,92.20999908447266,11.319999694824219,2.1589999198913574,46.56999969482422
2017-08-29,92.3499984741211,11.699999809265137,2.135999917984009,46.439998626708984
2017-08-30,92.87999725341797,11.220000267028809,2.1429998874664307,45.959999084472656
2017-08-31,92.66999816894531,10.59000015258789,2.121000051498413,47.22999954223633
2017-09-01,92.80999755859375,10.130000114440918,2.1570000648498535,47.290000915527344
2017-09-02,92.80999755859375,10.130000114440918,2.1570000648498535,47.290000915527344
2017-09-03,92.80999755859375,10.130000114440918,2.1570000648498535,47.290000915527344
2017-09-04,92.80999755859375,10.130000114440918,2.1570000648498535,47.290000915527344
2017-09-05,92.30999755859375,12.229999542236328,2.069999933242798,48.65999984741211
2017-09-06,92.29000091552734,11.630000114440918,2.1080000400543213,49.15999984741211
2017-09-07,91.52999877929688,11.550000190734863,2.061000108718872,49.09000015258789
2017-09-08,91.33000183105469,12.119999885559082,2.061000108718872,47.47999954223633
2017-09-09,91.33000183105469,12.119999885559082,2.061000108718872,47.47999954223633
2017-09-10,91.33000183105469,12.119999885559082,2.061000108718872,47.47999954223633
2017-09-11,91.86000061035156,10.729999542236328,2.125,48.06999969482422
2017-09-12,91.91000366210938,10.579999923706055,2.1710000038146973,48.22999954223633
2017-09-13,92.5199966430664,10.5,2.194999933242798,49.29999923706055
2017-09-14,92.12000274658203,10.4399995803833,2.197000026702881,49.88999938964844
2017-09-15,91.87000274658203,10.170000076293945,2.2019999027252197,49.88999938964844
2017-09-16,91.87000274658203,10.170000076293945,2.2019999027252197,49.88999938964844
2017-09-17,91.87000274658203,10.170000076293945,2.2019999027252197,49.88999938964844
2017-09-18,92.05000305175781,10.149999618530273,2.2290000915527344,49.90999984741211
2017-09-19,91.79000091552734,10.180000305175781,2.243000030517578,49.47999954223633
2017-09-20,92.51000213623047,9.779999732971191,2.2769999504089355,50.40999984741211
2017-09-21,92.26000213623047,9.670000076293945,2.2780001163482666,50.54999923706055
2017-09-22,92.16999816894531,9.59000015258789,2.26200008392334,50.65999984741211
2017-09-23,92.16999816894531,9.59000015258789,2.26200008392334,50.65999984741211
2017-09-24,92.16999816894531,9.59000015258789,2.26200008392334,50.65999984741211
2017-09-25,92.6500015258789,10.210000038146973,2.2200000286102295,52.220001220703125
2017-09-26,92.97000122070312,10.170000076293945,2.2290000915527344,51.880001068115234
2017-09-27,93.36000061035156,9.869999885559082,2.309000015258789,52.13999938964844
2017-09-28,93.08999633789062,9.550000190734863,2.309000015258789,51.560001373291016
2017-09-29,93.08000183105469,9.510000228881836,2.3259999752044678,51.66999816894531
2017-09-30,93.08000183105469,9.510000228881836,2.3259999752044678,51.66999816894531
2017-10-01,93.08000183105469,9.510000228881836,2.3259999752044678,51.66999816894531
2017-10-02,93.55999755859375,9.449999809265137,2.3369998931884766,50.58000183105469
2017-10-03,93.56999969482422,9.510000228881836,2.3340001106262207,50.41999816894531
2017-10-04,93.45999908447266,9.630000114440918,2.3299999237060547,49.97999954223633
2017-10-05,93.95999908447266,9.1899995803833,2.3499999046325684,50.790000915527344
2017-10-06,93.80000305175781,9.649999618530273,2.369999885559082,49.290000915527344
2017-10-07,93.80000305175781,9.649999618530273,2.369999885559082,49.290000915527344
2017-10-08,93.80000305175781,9.649999618530273,2.369999885559082,49.290000915527344
2017-10-09,93.73999786376953,10.329999923706055,2.3610000610351562,49.58000183105469
2017-10-10,93.29000091552734,10.079999923706055,2.3450000286102295,50.91999816894531
2017-10-11,92.95999908447266,9.850000381469727,2.3450000286102295,51.29999923706055
2017-10-12,93.12000274658203,9.90999984741211,2.322999954223633,50.599998474121094
2017-10-13,93.08999633789062,9.609999656677246,2.2799999713897705,51.45000076293945
2017-10-14,93.08999633789062,9.609999656677246,2.2799999713897705,51.45000076293945
2017-10-15,93.08999633789062,9.609999656677246,2.2799999713897705,51.45000076293945
2017-10-16,93.27999877929688,9.90999984741211,2.306999921798706,51.869998931884766
2017-10-17,93.48999786376953,10.3100004196167,2.2980000972747803,51.880001068115234
2017-10-18,93.36000061035156,10.069999694824219,2.3389999866485596,52.040000915527344
2017-10-19,93.2699966430664,10.050000190734863,2.321000099182129,51.290000915527344
2017-10-20,93.69999694824219,9.970000267028809,2.38100004196167,51.470001220703125
2017-10-21,93.69999694824219,9.970000267028809,2.38100004196167,51.470001220703125
2017-10-22,93.69999694824219,9.970000267028809,2.38100004196167,51.470001220703125
2017-10-23,93.94000244140625,11.069999694824219,2.375999927520752,51.900001525878906
2017-10-24,93.95999908447266,11.15999984741211,2.4059998989105225,52.470001220703125
2017-10-25,93.70999908447266,11.229999542236328,2.444000005722046,52.18000030517578
2017-10-26,94.61000061035156,11.300000190734863,2.4519999027252197,52.63999938964844
2017-10-27,94.91999816894531,9.800000190734863,2.427999973297119,53.900001525878906
2017-10-28,94.91999816894531,9.800000190734863,2.427999973297119,53.900001525878906
2017-10-29,94.91999816894531,9.800000190734863,2.427999973297119,53.900001525878906
2017-10-30,94.48999786376953,10.5,2.369999885559082,54.150001525878906
2017-10-31,94.55000305175781,10.180000305175781,2.375999927520752,54.380001068115234
2017-11-01,94.81999969482422,10.199999809265137,2.375999927520752,54.29999923706055
2017-11-02,94.69000244140625,9.930000305175781,2.3469998836517334,54.540000915527344
2017-11-03,94.94000244140625,9.140000343322754,2.3429999351501465,55.63999938964844
2017-11-04,94.94000244140625,9.140000343322754,2.3429999351501465,55.63999938964844
2017-11-05,94.94000244140625,9.140000343322754,2.3429999351501465,55.63999938964844
2017-11-06,94.72000122070312,9.399999618530273,2.319999933242798,57.349998474121094
2017-11-07,94.91000366210938,9.890000343322754,2.306999921798706,57.20000076293945
2017-11-08,94.87000274658203,9.779999732971191,2.325000047683716,56.810001373291016
2017-11-09,94.44000244140625,10.5,2.3310000896453857,57.16999816894531
2017-11-10,94.38999938964844,11.289999961853027,2.4000000953674316,56.7400016784668
2017-11-11,94.38999938964844,11.289999961853027,2.4000000953674316,56.7400016784668
2017-11-12,94.38999938964844,11.289999961853027,2.4000000953674316,56.7400016784668
2017-11-13,94.48999786376953,11.5,2.4000000953674316,56.7599983215332
2017-11-14,93.83000183105469,11.59000015258789,2.38100004196167,55.70000076293945
2017-11-15,93.80999755859375,13.130000114440918,2.3350000381469727,55.33000183105469
2017-11-16,93.93000030517578,11.760000228881836,2.3610000610351562,55.13999938964844
2017-11-17,93.66000366210938,11.430000305175781,2.3540000915527344,56.54999923706055
2017-11-18,93.66000366210938,11.430000305175781,2.3540000915527344,56.54999923706055
2017-11-19,93.66000366210938,11.430000305175781,2.3540000915527344,56.54999923706055
2017-11-20,94.08000183105469,10.649999618530273,2.371999979019165,56.09000015258789
2017-11-21,93.94999694824219,9.729999542236328,2.36299991607666,56.83000183105469
2017-11-22,93.22000122070312,9.880000114440918,2.322000026702881,58.02000045776367
2017-11-23,93.22000122070312,9.880000114440918,2.322000026702881,58.02000045776367
2017-11-24,92.76000213623047,9.670000076293945,2.3399999141693115,58.95000076293945
2017-11-25,92.76000213623047,9.670000076293945,2.3399999141693115,58.95000076293945
2017-11-26,92.76000213623047,9.670000076293945,2.3399999141693115,58.95000076293945
2017-11-27,92.9000015258789,9.869999885559082,2.328000068664551,58.11000061035156
2017-11-28,93.26000213623047,10.029999732971191,2.3380000591278076,57.9900016784668
2017-11-29,93.26000213623047,10.699999809265137,2.375999927520752,57.29999923706055
2017-11-30,93.01000213623047,11.279999732971191,2.4170000553131104,57.400001525878906
2017-12-01,92.9000015258789,11.430000305175781,2.361999988555908,58.36000061035156
2017-12-02,92.9000015258789,11.430000305175781,2.361999988555908,58.36000061035156
2017-12-03,92.9000015258789,11.430000305175781,2.361999988555908,58.36000061035156
2017-12-04,93.19000244140625,11.680000305175781,2.378999948501587,57.470001220703125
2017-12-05,93.37999725341797,11.329999923706055,2.3559999465942383,57.619998931884766
2017-12-06,93.61000061035156,11.020000457763672,2.3299999237060547,55.959999084472656
2017-12-07,93.80000305175781,10.15999984741211,2.375999927520752,56.689998626708984
2017-12-08,93.9000015258789,9.579999923706055,2.382999897003174,57.36000061035156
2017-12-09,93.9000015258789,9.579999923706055,2.382999897003174,57.36000061035156
2017-12-10,93.9000015258789,9.579999923706055,2.382999897003174,57.36000061035156
2017-12-11,93.87000274658203,9.34000015258789,2.384999990463257,57.9900016784668
2017-12-12,94.0999984741211,9.920000076293945,2.4030001163482666,57.13999938964844
2017-12-13,93.43000030517578,10.180000305175781,2.3489999771118164,56.599998474121094
2017-12-14,93.48999786376953,10.489999771118164,2.3459999561309814,57.040000915527344
2017-12-15,93.93000030517578,9.420000076293945,2.3550000190734863,57.29999923706055
2017-12-16,93.93000030517578,9.420000076293945,2.3550000190734863,57.29999923706055
2017-12-17,93.93000030517578,9.420000076293945,2.3550000190734863,57.29999923706055
2017-12-18,93.69999694824219,9.529999732971191,2.3919999599456787,57.15999984741211
2017-12-19,93.47000122070312,10.029999732971191,2.4630000591278076,57.459999084472656
2017-12-20,93.3499984741211,9.720000267028809,2.496999979019165,58.09000015258789
2017-12-21,93.27999877929688,9.619999885559082,2.4809999465942383,58.36000061035156
2017-12-22,93.3499984741211,9.899999618530273,2.484999895095825,58.470001220703125
2017-12-23,93.3499984741211,9.899999618530273,2.484999895095825,58.470001220703125
2017-12-24,93.3499984741211,9.899999618530273,2.484999895095825,58.470001220703125
2017-12-25,93.3499984741211,9.899999618530273,2.484999895095825,58.470001220703125
2017-12-26,93.26000213623047,10.25,2.4670000076293945,59.970001220703125
2017-12-27,93.02999877929688,10.470000267028809,2.4140000343322754,59.63999938964844
2017-12-28,92.5999984741211,10.180000305175781,2.431999921798706,59.84000015258789
2017-12-29,92.12000274658203,11.039999961853027,2.4049999713897705,60.41999816894531
2017-12-30,92.12000274658203,11.039999961853027,2.4049999713897705,60.41999816894531
2017-12-31,92.12000274658203,11.039999961853027,2.4049999713897705,60.41999816894531
2018-01-01,92.12000274658203,11.039999961853027,2.4049999713897705,60.41999816894531
2018-01-02,91.8499984741211,9.770000457763672,2.4649999141693115,60.369998931884766
2018-01-03,92.16000366210938,9.149999618530273,2.447000026702881,61.630001068115234
2018-01-04,91.8499984741211,9.220000267028809,2.453000068664551,62.0099983215332
2018-01-05,91.94999694824219,9.220000267028809,2.4760000705718994,61.439998626708984
2018-01-06,91.94999694824219,9.220000267028809,2.4760000705718994,61.439998626708984
2018-01-07,91.94999694824219,9.220000267028809,2.4760000705718994,61.439998626708984
2018-01-08,92.33000183105469,9.520000457763672,2.4800000190734863,61.72999954223633
2018-01-09,92.52999877929688,10.079999923706055,2.5460000038146973,62.959999084472656
2018-01-10,92.33000183105469,9.819999694824219,2.549999952316284,63.56999969482422
2018-01-11,91.8499984741211,9.880000114440918,2.5309998989105225,63.79999923706055
2018-01-12,90.97000122070312,10.15999984741211,2.552000045776367,64.30000305175781
2018-01-13,90.97000122070312,10.15999984741211,2.552000045776367,64.30000305175781
2018-01-14,90.97000122070312,10.15999984741211,2.552000045776367,64.30000305175781
2018-01-15,90.97000122070312,10.15999984741211,2.552000045776367,64.30000305175781
2018-01-16,90.38999938964844,11.65999984741211,2.5439999103546143,63.72999954223633
2018-01-17,90.54000091552734,11.90999984741211,2.578000068664551,63.970001220703125
2018-01-18,90.5,12.220000267028809,2.6110000610351562,63.95000076293945
2018-01-19,90.56999969482422,11.270000457763672,2.63700008392334,63.369998931884766
2018-01-20,90.56999969482422,11.270000457763672,2.63700008392334,63.369998931884766
2018-01-21,90.56999969482422,11.270000457763672,2.63700008392334,63.369998931884766
2018-01-22,90.4000015258789,11.029999732971191,2.6649999618530273,63.4900016784668
2018-01-23,90.12000274658203,11.100000381469727,2.624000072479248,64.47000122070312
2018-01-24,89.20999908447266,11.470000267028809,2.6540000438690186,65.61000061035156
2018-01-25,89.38999938964844,11.579999923706055,2.621000051498413,65.51000213623047
2018-01-26,89.06999969482422,11.079999923706055,2.6619999408721924,66.13999938964844
2018-01-27,89.06999969482422,11.079999923706055,2.6619999408721924,66.13999938964844
2018-01-28,89.06999969482422,11.079999923706055,2.6619999408721924,66.13999938964844
2018-01-29,89.30999755859375,13.84000015258789,2.6989998817443848,65.55999755859375
2018-01-30,89.19000244140625,14.789999961853027,2.7260000705718994,64.5
2018-01-31,89.12999725341797,13.539999961853027,2.7200000286102295,64.7300033569336
2018-02-01,88.66999816894531,13.470000267028809,2.7730000019073486,65.80000305175781
2018-02-02,89.19999694824219,17.309999465942383,2.8540000915527344,65.44999694824219
2018-02-03,89.19999694824219,17.309999465942383,2.8540000915527344,65.44999694824219
2018-02-04,89.19999694824219,17.309999465942383,2.8540000915527344,65.44999694824219
2018-02-05,89.55000305175781,37.31999969482422,2.7939999103546143,64.1500015258789
2018-02-06,89.58999633789062,29.979999542236328,2.7679998874664307,63.38999938964844
2018-02-07,90.26000213623047,27.729999542236328,2.8440001010894775,61.790000915527344
2018-02-08,90.2300033569336,33.459999084472656,2.8510000705718994,61.150001525878906
2018-02-09,90.44000244140625,29.059999465942383,2.8289999961853027,59.20000076293945
2018-02-10,90.44000244140625,29.059999465942383,2.8289999961853027,59.20000076293945
2018-02-11,90.44000244140625,29.059999465942383,2.8289999961853027,59.20000076293945
2018-02-12,90.20999908447266,25.610000610351562,2.8570001125335693,59.290000915527344
2018-02-13,89.69999694824219,24.969999313354492,2.8399999141693115,59.189998626708984
2018-02-14,89.12000274658203,19.260000228881836,2.9130001068115234,60.599998474121094
2018-02-15,88.58999633789062,19.1299991607666,2.8910000324249268,61.34000015258789
2018-02-16,89.0999984741211,19.459999084472656,2.877000093460083,61.68000030517578
2018-02-17,89.0999984741211,19.459999084472656,2.877000093460083,61.68000030517578
2018-02-18,89.0999984741211,19.459999084472656,2.877000093460083,61.68000030517578
2018-02-19,89.0999984741211,19.459999084472656,2.877000093460083,61.68000030517578
2018-02-20,89.72000122070312,20.600000381469727,2.8929998874664307,61.900001525878906
2018-02-21,90.08000183105469,20.020000457763672,2.943000078201294,61.68000030517578
2018-02-22,89.75,18.719999313354492,2.9170000553131104,62.77000045776367
2018-02-23,89.87999725341797,16.489999771118164,2.871000051498413,63.54999923706055
2018-02-24,89.87999725341797,16.489999771118164,2.871000051498413,63.54999923706055
2018-02-25,89.87999725341797,16.489999771118164,2.871000051498413,63.54999923706055
2018-02-26,89.81999969482422,15.800000190734863,2.8589999675750732,63.90999984741211
2018-02-27,90.36000061035156,18.59000015258789,2.9079999923706055,63.0099983215332
2018-02-28,90.61000061035156,19.850000381469727,2.868000030517578,61.63999938964844
2018-03-01,90.31999969482422,22.469999313354492,2.803999900817871,60.9900016784668
2018-03-02,89.94000244140625,19.59000015258789,2.8570001125335693,61.25
2018-03-03,89.94000244140625,19.59000015258789,2.8570001125335693,61.25
2018-03-04,89.94000244140625,19.59000015258789,2.8570001125335693,61.25
2018-03-05,90.08000183105469,18.729999542236328,2.88100004196167,62.56999969482422
2018-03-06,89.62000274658203,18.360000610351562,2.877000093460083,62.599998474121094
2018-03-07,89.63999938964844,17.760000228881836,2.882999897003174,61.150001525878906
2018-03-08,90.12000274658203,16.540000915527344,2.865999937057495,60.119998931884766
2018-03-09,90.08999633789062,14.640000343322754,2.8940000534057617,62.040000915527344
2018-03-10,90.08999633789062,14.640000343322754,2.8940000534057617,62.040000915527344
2018-03-11,90.08999633789062,14.640000343322754,2.8940000534057617,62.040000915527344
2018-03-12,89.9000015258789,15.779999732971191,2.869999885559082,61.36000061035156
2018-03-13,89.66000366210938,16.350000381469727,2.8480000495910645,60.709999084472656
2018-03-14,89.69999694824219,17.229999542236328,2.816999912261963,60.959999084472656
2018-03-15,90.13999938964844,16.59000015258789,2.8259999752044678,61.189998626708984
2018-03-16,90.2300033569336,15.800000190734863,2.8480000495910645,62.34000015258789
2018-03-17,90.2300033569336,15.800000190734863,2.8480000495910645,62.34000015258789
2018-03-18,90.2300033569336,15.800000190734863,2.8480000495910645,62.34000015258789
2018-03-19,89.9000015258789,19.020000457763672,2.8450000286102295,62.060001373291016
2018-03-20,90.37000274658203,18.200000762939453,2.878999948501587,63.400001525878906
2018-03-21,89.77999877929688,17.860000610351562,2.9070000648498535,65.16999816894531
2018-03-22,89.86000061035156,23.34000015258789,2.8320000171661377,64.30000305175781
2018-03-23,89.44000244140625,24.8700008392334,2.8299999237060547,65.87999725341797
2018-03-24,89.44000244140625,24.8700008392334,2.8299999237060547,65.87999725341797
2018-03-25,89.44000244140625,24.8700008392334,2.8299999237060547,65.87999725341797
2018-03-26,89.02999877929688,21.030000686645508,2.8429999351501465,65.55000305175781
2018-03-27,89.37000274658203,22.5,2.7860000133514404,65.25
2018-03-28,90.05999755859375,22.8700008392334,2.7750000953674316,64.37999725341797
2018-03-29,90.1500015258789,19.969999313354492,2.740999937057495,64.94000244140625
2018-03-30,90.1500015258789,19.969999313354492,2.740999937057495,64.94000244140625
2018-03-31,90.1500015258789,19.969999313354492,2.740999937057495,64.94000244140625
2018-04-01,90.1500015258789,19.969999313354492,2.740999937057495,64.94000244140625
2018-04-02,90.05000305175781,23.6200008392334,2.7320001125335693,63.0099983215332
2018-04-03,90.19999694824219,21.100000381469727,2.7839999198913574,63.5099983215332
2018-04-04,90.13999938964844,20.059999465942383,2.7880001068115234,63.369998931884766
2018-04-05,90.45999908447266,18.940000534057617,2.8320000171661377,63.540000915527344
2018-04-06,90.11000061035156,21.489999771118164,2.7750000953674316,62.060001373291016
2018-04-07,90.11000061035156,21.489999771118164,2.7750000953674316,62.060001373291016
2018-04-08,90.11000061035156,21.489999771118164,2.7750000953674316,62.060001373291016
2018-04-09,89.83999633789062,21.770000457763672,2.7860000133514404,63.41999816894531
2018-04-10,89.58999633789062,20.469999313354492,2.796999931335449,65.51000213623047
2018-04-11,89.56999969482422,20.239999771118164,2.7899999618530273,66.81999969482422
2018-04-12,89.75,18.489999771118164,2.8340001106262207,67.06999969482422
2018-04-13,89.80000305175781,17.40999984741211,2.8289999961853027,67.38999938964844
2018-04-14,89.80000305175781,17.40999984741211,2.8289999961853027,67.38999938964844
2018-04-15,89.80000305175781,17.40999984741211,2.8289999961853027,67.38999938964844
2018-04-16,89.43000030517578,16.559999465942383,2.8320000171661377,66.22000122070312
2018-04-17,89.5199966430664,15.25,2.813999891281128,66.5199966430664
2018-04-18,89.62000274658203,15.600000381469727,2.867000102996826,68.47000122070312
2018-04-19,89.94000244140625,15.960000038146973,2.9140000343322754,68.29000091552734
2018-04-20,90.31999969482422,16.8799991607666,2.9509999752044678,68.37999725341797
2018-04-21,90.31999969482422,16.8799991607666,2.9509999752044678,68.37999725341797
2018-04-22,90.31999969482422,16.8799991607666,2.9509999752044678,68.37999725341797
2018-04-23,90.94000244140625,16.34000015258789,2.9730000495910645,68.63999938964844
2018-04-24,90.7699966430664,18.020000457763672,2.9830000400543213,67.69999694824219
2018-04-25,91.16999816894531,17.84000015258789,3.0239999294281006,68.05000305175781
2018-04-26,91.55999755859375,16.239999771118164,2.990000009536743,68.19000244140625
2018-04-27,91.54000091552734,15.40999984741211,2.9570000171661377,68.0999984741211
2018-04-28,91.54000091552734,15.40999984741211,2.9570000171661377,68.0999984741211
2018-04-29,91.54000091552734,15.40999984741211,2.9570000171661377,68.0999984741211
2018-04-30,91.83999633789062,15.930000305175781,2.936000108718872,68.56999969482422
2018-05-01,92.44999694824219,15.489999771118164,2.9760000705718994,67.25
2018-05-02,92.51000213623047,15.970000267028809,2.9639999866485596,67.93000030517578
2018-05-03,92.41000366210938,15.899999618530273,2.946000099182129,68.43000030517578
2018-05-04,92.56999969482422,14.770000457763672,2.944000005722046,69.72000122070312
2018-05-05,92.56999969482422,14.770000457763672,2.944000005722046,69.72000122070312
2018-05-06,92.56999969482422,14.770000457763672,2.944000005722046,69.72000122070312
2018-05-07,92.75,14.75,2.950000047683716,70.7300033569336
2018-05-08,93.12000274658203,14.710000038146973,2.9690001010894775,69.05999755859375
2018-05-09,93.04000091552734,13.420000076293945,3.003999948501587,71.13999938964844
2018-05-10,92.6500015258789,13.229999542236328,2.9709999561309814,71.36000061035156
2018-05-11,92.54000091552734,12.649999618530273,2.9709999561309814,70.69999694824219
2018-05-12,92.54000091552734,12.649999618530273,2.9709999561309814,70.69999694824219
2018-05-13,92.54000091552734,12.649999618530273,2.9709999561309814,70.69999694824219
2018-05-14,92.58999633789062,12.930000305175781,2.994999885559082,70.95999908447266
2018-05-15,93.22000122070312,14.630000114440918,3.0799999237060547,71.30999755859375
2018-05-16,93.38999938964844,13.420000076293945,3.0950000286102295,71.48999786376953
2018-05-17,93.47000122070312,13.430000305175781,3.1089999675750732,71.48999786376953
2018-05-18,93.63999938964844,13.420000076293945,3.066999912261963,71.27999877929688
2018-05-19,93.63999938964844,13.420000076293945,3.066999912261963,71.27999877929688
2018-05-20,93.63999938964844,13.420000076293945,3.066999912261963,71.27999877929688
2018-05-21,93.68000030517578,13.079999923706055,3.065000057220459,72.23999786376953
2018-05-22,93.61000061035156,13.220000267028809,3.065000057220459,72.12999725341797
2018-05-23,94.01000213623047,12.579999923706055,3.003000020980835,71.83999633789062
2018-05-24,93.77999877929688,12.529999732971191,2.9809999465942383,70.70999908447266
2018-05-25,94.19000244140625,13.220000267028809,2.930999994277954,67.87999725341797
2018-05-26,94.19000244140625,13.220000267028809,2.930999994277954,67.87999725341797
2018-05-27,94.19000244140625,13.220000267028809,2.930999994277954,67.87999725341797
2018-05-28,94.19000244140625,13.220000267028809,2.930999994277954,67.87999725341797
2018-05-29,94.83000183105469,17.020000457763672,2.7679998874664307,66.7300033569336
2018-05-30,94.1500015258789,14.9399995803833,2.8420000076293945,68.20999908447266
2018-05-31,93.98999786376953,15.430000305175781,2.822000026702881,67.04000091552734
2018-06-01,94.19000244140625,13.460000038146973,2.8949999809265137,65.80999755859375
2018-06-02,94.19000244140625,13.460000038146973,2.8949999809265137,65.80999755859375
2018-06-03,94.19000244140625,13.460000038146973,2.8949999809265137,65.80999755859375
2018-06-04,94.0199966430664,12.739999771118164,2.937000036239624,64.75
2018-06-05,93.88999938964844,12.399999618530273,2.9189999103546143,65.5199966430664
2018-06-06,93.66000366210938,11.640000343322754,2.9749999046325684,64.7300033569336
2018-06-07,93.4000015258789,12.130000114440918,2.933000087738037,65.94999694824219
2018-06-08,93.55000305175781,12.180000305175781,2.937000036239624,65.73999786376953
2018-06-09,93.55000305175781,12.180000305175781,2.937000036239624,65.73999786376953
2018-06-10,93.55000305175781,12.180000305175781,2.937000036239624,65.73999786376953
2018-06-11,93.58000183105469,12.350000381469727,2.9570000171661377,66.0999984741211
2018-06-12,93.80000305175781,12.34000015258789,2.9570000171661377,66.36000061035156
2018-06-13,93.70999908447266,12.9399995803833,2.9769999980926514,66.63999938964844
2018-06-14,94.7699966430664,12.119999885559082,2.946000099182129,66.88999938964844
2018-06-15,94.79000091552734,11.979999542236328,2.9240000247955322,65.05999755859375
2018-06-16,94.79000091552734,11.979999542236328,2.9240000247955322,65.05999755859375
2018-06-17,94.79000091552734,11.979999542236328,2.9240000247955322,65.05999755859375
2018-06-18,94.75,12.3100004196167,2.9260001182556152,65.8499984741211
2018-06-19,95.08999633789062,13.350000381469727,2.8929998874664307,65.06999969482422
2018-06-20,95.05999755859375,12.789999961853027,2.927999973297119,66.22000122070312
2018-06-21,94.87000274658203,14.640000343322754,2.8970000743865967,65.54000091552734
2018-06-22,94.5199966430664,13.770000457763672,2.9000000953674316,68.58000183105469
2018-06-23,94.5199966430664,13.770000457763672,2.9000000953674316,68.58000183105469
2018-06-24,94.5199966430664,13.770000457763672,2.9000000953674316,68.58000183105469
2018-06-25,94.27999877929688,17.329999923706055,2.875,68.08000183105469
2018-06-26,94.68000030517578,15.920000076293945,2.880000114440918,70.52999877929688
2018-06-27,95.29000091552734,17.90999984741211,2.8269999027252197,72.76000213623047
2018-06-28,95.38999938964844,16.850000381469727,2.8469998836517334,73.44999694824219
2018-06-29,94.62999725341797,16.09000015258789,2.8489999771118164,74.1500015258789
2018-06-30,94.62999725341797,16.09000015258789,2.8489999771118164,74.1500015258789
2018-07-01,94.62999725341797,16.09000015258789,2.8489999771118164,74.1500015258789
2018-07-02,94.87000274658203,15.600000381469727,2.865999937057495,73.94000244140625
2018-07-03,94.58999633789062,16.139999389648438,2.8380000591278076,74.13999938964844
2018-07-04,94.58999633789062,16.139999389648438,2.8380000591278076,74.13999938964844
2018-07-05,94.47000122070312,14.970000267028809,2.8399999141693115,72.94000244140625
2018-07-06,94.04000091552734,13.369999885559082,2.8310000896453857,73.80000305175781
2018-07-07,94.04000091552734,13.369999885559082,2.8310000896453857,73.80000305175781
2018-07-08,94.04000091552734,13.369999885559082,2.8310000896453857,73.80000305175781
2018-07-09,94.08000183105469,12.6899995803833,2.859999895095825,73.8499984741211
2018-07-10,94.11000061035156,12.640000343322754,2.872999906539917,74.11000061035156
2018-07-11,94.72000122070312,13.630000114440918,2.8420000076293945,70.37999725341797
2018-07-12,94.80999755859375,12.579999923706055,2.8529999256134033,70.33000183105469
2018-07-13,94.75,12.180000305175781,2.8310000896453857,71.01000213623047
2018-07-14,94.75,12.180000305175781,2.8310000896453857,71.01000213623047
2018-07-15,94.75,12.180000305175781,2.8310000896453857,71.01000213623047
2018-07-16,94.51000213623047,12.829999923706055,2.8580000400543213,68.05999755859375
2018-07-17,94.97000122070312,12.0600004196167,2.864000082015991,68.08000183105469
2018-07-18,95.08000183105469,12.100000381469727,2.875,68.76000213623047
2018-07-19,95.16999816894531,12.869999885559082,2.8469998836517334,69.45999908447266
2018-07-20,94.45999908447266,12.859999656677246,2.8949999809265137,70.45999908447266
2018-07-21,94.45999908447266,12.859999656677246,2.8949999809265137,70.45999908447266
2018-07-22,94.45999908447266,12.859999656677246,2.8949999809265137,70.45999908447266
2018-07-23,94.66999816894531,12.619999885559082,2.9649999141693115,67.88999938964844
2018-07-24,94.61000061035156,12.40999984741211,2.9489998817443848,68.5199966430664
2018-07-25,94.36000061035156,12.289999961853027,2.936000108718872,69.30000305175781
2018-07-26,94.75,12.140000343322754,2.9749999046325684,69.61000061035156
2018-07-27,94.68000030517578,13.029999732971191,2.9600000381469727,68.69000244140625
2018-07-28,94.68000030517578,13.029999732971191,2.9600000381469727,68.69000244140625
2018-07-29,94.68000030517578,13.029999732971191,2.9600000381469727,68.69000244140625
2018-07-30,94.36000061035156,14.260000228881836,2.9749999046325684,70.12999725341797
2018-07-31,94.48999786376953,12.829999923706055,2.9639999866485596,68.76000213623047
2018-08-01,94.62000274658203,13.149999618530273,3.003000020980835,67.66000366210938
2018-08-02,95.16999816894531,12.1899995803833,2.9860000610351562,68.95999908447266
2018-08-03,95.13999938964844,11.640000343322754,2.953000068664551,68.48999786376953
2018-08-04,95.13999938964844,11.640000343322754,2.953000068664551,68.48999786376953
2018-08-05,95.13999938964844,11.640000343322754,2.953000068664551,68.48999786376953
2018-08-06,95.36000061035156,11.270000457763672,2.937999963760376,69.01000213623047
2018-08-07,95.22000122070312,10.930000305175781,2.9730000495910645,69.16999816894531
2018-08-08,95.0999984741211,10.850000381469727,2.9709999561309814,66.94000244140625
2018-08-09,95.5,11.270000457763672,2.934999942779541,66.80999755859375
2018-08-10,96.36000061035156,13.15999984741211,2.8570001125335693,67.62999725341797
2018-08-11,96.36000061035156,13.15999984741211,2.8570001125335693,67.62999725341797
2018-08-12,96.36000061035156,13.15999984741211,2.8570001125335693,67.62999725341797
2018-08-13,96.38999938964844,14.779999732971191,2.877000093460083,67.19999694824219
2018-08-14,96.7300033569336,13.3100004196167,2.8949999809265137,67.04000091552734
2018-08-15,96.69999694824219,14.640000343322754,2.8519999980926514,65.01000213623047
2018-08-16,96.6500015258789,13.449999809265137,2.871000051498413,65.45999908447266
2018-08-17,96.0999984741211,12.640000343322754,2.872999906539917,65.91000366210938
2018-08-18,96.0999984741211,12.640000343322754,2.872999906539917,65.91000366210938
2018-08-19,96.0999984741211,12.640000343322754,2.872999906539917,65.91000366210938
2018-08-20,95.9000015258789,12.489999771118164,2.822999954223633,66.43000030517578
2018-08-21,95.26000213623047,12.859999656677246,2.8440001010894775,67.3499984741211
2018-08-22,95.1500015258789,12.25,2.822999954223633,67.86000061035156
2018-08-23,95.62000274658203,12.40999984741211,2.821000099182129,67.83000183105469
2018-08-24,95.1500015258789,11.989999771118164,2.8259999752044678,68.72000122070312
2018-08-25,95.1500015258789,11.989999771118164,2.8259999752044678,68.72000122070312
2018-08-26,95.1500015258789,11.989999771118164,2.8259999752044678,68.72000122070312
2018-08-27,94.77999877929688,12.15999984741211,2.8480000495910645,68.87000274658203
2018-08-28,94.72000122070312,12.5,2.884000062942505,68.52999877929688
2018-08-29,94.5999984741211,12.25,2.884000062942505,69.51000213623047
2018-08-30,94.72000122070312,13.529999732971191,2.859999895095825,70.25
2018-08-31,95.13999938964844,12.859999656677246,2.8529999256134033,69.80000305175781
2018-09-01,95.13999938964844,12.859999656677246,2.8529999256134033,69.80000305175781
2018-09-02,95.13999938964844,12.859999656677246,2.8529999256134033,69.80000305175781
2018-09-03,95.13999938964844,12.859999656677246,2.8529999256134033,69.80000305175781
2018-09-04,95.41999816894531,13.15999984741211,2.9019999504089355,69.87000274658203
2018-09-05,95.12999725341797,13.90999984741211,2.9019999504089355,68.72000122070312
2018-09-06,95.0199966430664,14.649999618530273,2.878999948501587,67.7699966430664
2018-09-07,95.37000274658203,14.880000114440918,2.941999912261963,67.75
2018-09-08,95.37000274658203,14.880000114440918,2.941999912261963,67.75
2018-09-09,95.37000274658203,14.880000114440918,2.941999912261963,67.75
2018-09-10,95.1500015258789,14.15999984741211,2.937000036239624,67.54000091552734
2018-09-11,95.05999755859375,13.220000267028809,2.9769999980926514,69.25
2018-09-12,94.80000305175781,13.140000343322754,2.9630000591278076,70.37000274658203
2018-09-13,94.54000091552734,12.369999885559082,2.9630000591278076,68.58999633789062
2018-09-14,94.9800033569336,12.069999694824219,2.99399995803833,68.98999786376953
2018-09-15,94.9800033569336,12.069999694824219,2.99399995803833,68.98999786376953
2018-09-16,94.9800033569336,12.069999694824219,2.99399995803833,68.98999786376953
2018-09-17,94.51000213623047,13.680000305175781,3.000999927520752,68.91000366210938
2018-09-18,94.62000274658203,12.789999961853027,3.0480000972747803,69.8499984741211
2018-09-19,94.55000305175781,11.75,3.0829999446868896,71.12000274658203
2018-09-20,93.91000366210938,11.800000190734863,3.078000068664551,70.80000305175781
2018-09-21,94.22000122070312,11.680000305175781,3.068000078201294,70.77999877929688
2018-09-22,94.22000122070312,11.680000305175781,3.068000078201294,70.77999877929688
2018-09-23,94.22000122070312,11.680000305175781,3.068000078201294,70.77999877929688
2018-09-24,94.26000213623047,12.199999809265137,3.078000068664551,72.08000183105469
2018-09-25,94.12999725341797,12.420000076293945,3.1019999980926514,72.27999877929688
2018-09-26,94.19000244140625,12.890000343322754,3.061000108718872,71.56999969482422
2018-09-27,95.0,12.40999984741211,3.055999994277954,72.12000274658203
2018-09-28,95.19000244140625,12.119999885559082,3.055999994277954,73.25
2018-09-29,95.19000244140625,12.119999885559082,3.055999994277954,73.25
2018-09-30,95.19000244140625,12.119999885559082,3.055999994277954,73.25
2018-10-01,95.30000305175781,12.0,3.0799999237060547,75.30000305175781
2018-10-02,95.51000213623047,12.050000190734863,3.055999994277954,75.2300033569336
2018-10-03,95.76000213623047,11.609999656677246,3.1610000133514404,76.41000366210938
2018-10-04,95.75,14.220000267028809,3.197000026702881,74.33000183105469
2018-10-05,95.62000274658203,14.819999694824219,3.2249999046325684,74.33999633789062
2018-10-06,95.62000274658203,14.819999694824219,3.2249999046325684,74.33999633789062
2018-10-07,95.62000274658203,14.819999694824219,3.2249999046325684,74.33999633789062
2018-10-08,95.7699966430664,15.6899995803833,3.2330000400543213,74.29000091552734
2018-10-09,95.68000030517578,15.949999809265137,3.2079999446868896,74.95999908447266
2018-10-10,95.51000213623047,22.959999084472656,3.2249999046325684,73.16999816894531
2018-10-11,95.0199966430664,24.979999542236328,3.132999897003174,70.97000122070312
2018-10-12,95.22000122070312,21.309999465942383,3.1410000324249268,71.33999633789062
2018-10-13,95.22000122070312,21.309999465942383,3.1410000324249268,71.33999633789062
2018-10-14,95.22000122070312,21.309999465942383,3.1410000324249268,71.33999633789062
2018-10-15,95.06999969482422,21.299999237060547,3.1630001068115234,71.77999877929688
2018-10-16,95.05000305175781,17.6200008392334,3.1559998989105225,71.91999816894531
2018-10-17,95.58000183105469,17.399999618530273,3.178999900817871,69.75
2018-10-18,95.9000015258789,20.059999465942383,3.174999952316284,68.6500015258789
2018-10-19,95.70999908447266,19.889999389648438,3.197999954223633,69.12000274658203
2018-10-20,95.70999908447266,19.889999389648438,3.197999954223633,69.12000274658203
2018-10-21,95.70999908447266,19.889999389648438,3.197999954223633,69.12000274658203
2018-10-22,96.01000213623047,19.639999389648438,3.196000099182129,69.16999816894531
2018-10-23,95.95999908447266,20.709999084472656,3.1659998893737793,66.43000030517578
2018-10-24,96.43000030517578,25.229999542236328,3.124000072479248,66.81999969482422
2018-10-25,96.68000030517578,24.219999313354492,3.135999917984009,67.33000183105469
2018-10-26,96.36000061035156,24.15999984741211,3.0769999027252197,67.58999633789062
2018-10-27,96.36000061035156,24.15999984741211,3.0769999027252197,67.58999633789062
2018-10-28,96.36000061035156,24.15999984741211,3.0769999027252197,67.58999633789062
2018-10-29,96.58000183105469,24.700000762939453,3.0869998931884766,67.04000091552734
2018-10-30,97.01000213623047,23.350000381469727,3.109999895095825,66.18000030517578
2018-10-31,97.12999725341797,21.229999542236328,3.1589999198913574,65.30999755859375
2018-11-01,96.27999877929688,19.34000015258789,3.1440000534057617,63.689998626708984
2018-11-02,96.54000091552734,19.510000228881836,3.2139999866485596,63.13999938964844
2018-11-03,96.54000091552734,19.510000228881836,3.2139999866485596,63.13999938964844
2018-11-04,96.54000091552734,19.510000228881836,3.2139999866485596,63.13999938964844
2018-11-05,96.3499984741211,19.959999084472656,3.2009999752044678,63.099998474121094
2018-11-06,96.31999969482422,19.90999984741211,3.2139999866485596,62.209999084472656
2018-11-07,96.0,16.360000610351562,3.2130000591278076,61.66999816894531
2018-11-08,96.63999938964844,16.719999313354492,3.2339999675750732,60.66999816894531
2018-11-09,96.91000366210938,17.360000610351562,3.188999891281128,60.189998626708984
2018-11-10,96.91000366210938,17.360000610351562,3.188999891281128,60.189998626708984
2018-11-11,96.91000366210938,17.360000610351562,3.188999891281128,60.189998626708984
2018-11-12,97.54000091552734,20.450000762939453,3.186000108718872,59.93000030517578
2018-11-13,97.30000305175781,20.020000457763672,3.1449999809265137,55.689998626708984
2018-11-14,96.80000305175781,21.25,3.119999885559082,56.25
2018-11-15,96.93000030517578,19.979999542236328,3.118000030517578,56.459999084472656
2018-11-16,96.47000122070312,18.139999389648438,3.0739998817443848,56.459999084472656
2018-11-17,96.47000122070312,18.139999389648438,3.0739998817443848,56.459999084472656
2018-11-18,96.47000122070312,18.139999389648438,3.0739998817443848,56.459999084472656
2018-11-19,96.19000244140625,20.100000381469727,3.056999921798706,56.7599983215332
2018-11-20,96.80999755859375,22.479999542236328,3.0480000972747803,53.43000030517578
2018-11-21,96.70999908447266,20.799999237060547,3.061000108718872,54.630001068115234
2018-11-22,96.70999908447266,20.799999237060547,3.061000108718872,54.630001068115234
2018-11-23,96.91999816894531,21.520000457763672,3.053999900817871,50.41999816894531
2018-11-24,96.91999816894531,21.520000457763672,3.053999900817871,50.41999816894531
2018-11-25,96.91999816894531,21.520000457763672,3.053999900817871,50.41999816894531
2018-11-26,97.06999969482422,18.899999618530273,3.072000026702881,51.630001068115234
2018-11-27,97.37000274658203,19.020000457763672,3.055000066757202,51.560001373291016
2018-11-28,96.79000091552734,18.489999771118164,3.0439999103546143,50.290000915527344
2018-11-29,96.77999877929688,18.790000915527344,3.0350000858306885,51.45000076293945
2018-11-30,97.2699966430664,18.06999969482422,3.013000011444092,50.93000030517578
2018-12-01,97.2699966430664,18.06999969482422,3.013000011444092,50.93000030517578
2018-12-02,97.2699966430664,18.06999969482422,3.013000011444092,50.93000030517578
2018-12-03,97.04000091552734,16.440000534057617,2.992000102996826,52.95000076293945
2018-12-04,96.97000122070312,20.739999771118164,2.9240000247955322,53.25
2018-12-05,96.97000122070312,20.739999771118164,2.9240000247955322,53.25
2018-12-06,96.80999755859375,21.190000534057617,2.875999927520752,51.4900016784668
2018-12-07,96.51000213623047,23.229999542236328,2.8499999046325684,52.61000061035156
2018-12-08,96.51000213623047,23.229999542236328,2.8499999046325684,52.61000061035156
2018-12-09,96.51000213623047,23.229999542236328,2.8499999046325684,52.61000061035156
2018-12-10,97.22000122070312,22.639999389648438,2.8559999465942383,51.0
2018-12-11,97.38999938964844,21.760000228881836,2.878999948501587,51.650001525878906
2018-12-12,97.04000091552734,21.459999084472656,2.9059998989105225,51.150001525878906
2018-12-13,97.05999755859375,20.649999618530273,2.9110000133514404,52.58000183105469
2018-12-14,97.44000244140625,21.6299991607666,2.8910000324249268,51.20000076293945
2018-12-15,97.44000244140625,21.6299991607666,2.8910000324249268,51.20000076293945
2018-12-16,97.44000244140625,21.6299991607666,2.8910000324249268,51.20000076293945
2018-12-17,97.0999984741211,24.520000457763672,2.8570001125335693,49.880001068115234
2018-12-18,97.13999938964844,25.579999923706055,2.825000047683716,46.2400016784668
2018-12-19,97.04000091552734,25.579999923706055,2.7780001163482666,47.20000076293945
2018-12-20,96.27999877929688,28.3799991607666,2.7890000343322754,45.880001068115234
2018-12-21,96.95999908447266,30.110000610351562,2.7920000553131104,45.59000015258789
2018-12-22,96.95999908447266,30.110000610351562,2.7920000553131104,45.59000015258789
2018-12-23,96.95999908447266,30.110000610351562,2.7920000553131104,45.59000015258789
2018-12-24,96.55000305175781,36.06999969482422,2.749000072479248,42.529998779296875
2018-12-25,96.55000305175781,36.06999969482422,2.749000072479248,42.529998779296875
2018-12-26,97.05000305175781,30.40999984741211,2.796999931335449,46.220001220703125
2018-12-27,96.4800033569336,29.959999084472656,2.743000030517578,44.61000061035156
2018-12-28,96.38999938964844,28.34000015258789,2.7360000610351562,45.33000183105469
2018-12-29,96.38999938964844,28.34000015258789,2.7360000610351562,45.33000183105469
2018-12-30,96.38999938964844,28.34000015258789,2.7360000610351562,45.33000183105469
2018-12-31,96.16999816894531,25.420000076293945,2.686000108718872,45.40999984741211
2019-01-01,96.16999816894531,25.420000076293945,2.686000108718872,45.40999984741211
2019-01-02,96.81999969482422,23.219999313354492,2.6610000133514404,46.540000915527344
2019-01-03,96.30999755859375,25.450000762939453,2.553999900817871,47.09000015258789
2019-01-04,96.19000244140625,21.3799991607666,2.6589999198913574,47.959999084472656
2019-01-05,96.19000244140625,21.3799991607666,2.6589999198913574,47.959999084472656
2019-01-06,96.19000244140625,21.3799991607666,2.6589999198913574,47.959999084472656
2019-01-07,95.70999908447266,21.399999618530273,2.681999921798706,48.52000045776367
2019-01-08,95.9000015258789,20.469999313354492,2.7160000801086426,49.779998779296875
2019-01-09,95.22000122070312,19.979999542236328,2.7279999256134033,52.36000061035156
2019-01-10,95.54000091552734,19.5,2.7309999465942383,52.59000015258789
2019-01-11,95.66999816894531,18.190000534057617,2.7009999752044678,51.59000015258789
2019-01-12,95.66999816894531,18.190000534057617,2.7009999752044678,51.59000015258789
2019-01-13,95.66999816894531,18.190000534057617,2.7009999752044678,51.59000015258789
2019-01-14,95.58999633789062,19.06999969482422,2.7100000381469727,50.5099983215332
2019-01-15,95.97000122070312,18.600000381469727,2.7109999656677246,52.11000061035156
2019-01-16,96.05999755859375,19.040000915527344,2.7309999465942383,52.310001373291016
2019-01-17,96.06999969482422,18.059999465942383,2.749000072479248,52.06999969482422
2019-01-18,96.33999633789062,17.799999237060547,2.7839999198913574,53.79999923706055
2019-01-19,96.33999633789062,17.799999237060547,2.7839999198913574,53.79999923706055
2019-01-20,96.33999633789062,17.799999237060547,2.7839999198913574,53.79999923706055
2019-01-21,96.33999633789062,17.799999237060547,2.7839999198913574,53.79999923706055
2019-01-22,96.30000305175781,20.799999237060547,2.7300000190734863,52.56999969482422
2019-01-23,96.12000274658203,19.520000457763672,2.755000114440918,52.619998931884766
2019-01-24,96.5999984741211,18.889999389648438,2.7119998931884766,53.130001068115234
2019-01-25,95.79000091552734,17.420000076293945,2.753000020980835,53.689998626708984
2019-01-26,95.79000091552734,17.420000076293945,2.753000020980835,53.689998626708984
2019-01-27,95.79000091552734,17.420000076293945,2.753000020980835,53.689998626708984
2019-01-28,95.75,18.8700008392334,2.74399995803833,51.9900016784668
2019-01-29,95.81999969482422,19.1299991607666,2.7119998931884766,53.310001373291016
2019-01-30,95.33999633789062,17.65999984741211,2.694999933242798,54.22999954223633
2019-01-31,95.58000183105469,16.56999969482422,2.634999990463257,53.790000915527344
2019-02-01,95.58000183105469,16.139999389648438,2.690999984741211,55.2599983215332
2019-02-02,95.58000183105469,16.139999389648438,2.690999984741211,55.2599983215332
2019-02-03,95.58000183105469,16.139999389648438,2.690999984741211,55.2599983215332
2019-02-04,95.8499984741211,15.729999542236328,2.7239999771118164,54.560001373291016
2019-02-05,96.0999984741211,15.569999694824219,2.7019999027252197,53.65999984741211
2019-02-06,96.41999816894531,15.380000114440918,2.7019999027252197,54.0099983215332
2019-02-07,96.51000213623047,16.3700008392334,2.6519999504089355,52.63999938964844
2019-02-08,96.63999938964844,15.720000267028809,2.631999969482422,52.720001220703125
2019-02-09,96.63999938964844,15.720000267028809,2.631999969482422,52.720001220703125
2019-02-10,96.63999938964844,15.720000267028809,2.631999969482422,52.720001220703125
2019-02-11,97.05999755859375,15.970000267028809,2.6610000133514404,52.40999984741211
2019-02-12,96.70999908447266,15.430000305175781,2.684000015258789,53.099998474121094
2019-02-13,97.12999725341797,15.649999618530273,2.7079999446868896,53.900001525878906
2019-02-14,96.9800033569336,16.219999313354492,2.6570000648498535,54.40999984741211
2019-02-15,96.91999816894531,14.90999984741211,2.6659998893737793,55.59000015258789
2019-02-16,96.91999816894531,14.90999984741211,2.6659998893737793,55.59000015258789
2019-02-17,96.91999816894531,14.90999984741211,2.6659998893737793,55.59000015258789
2019-02-18,96.91999816894531,14.90999984741211,2.6659998893737793,55.59000015258789
2019-02-19,96.5199966430664,14.880000114440918,2.6470000743865967,56.09000015258789
2019-02-20,96.44999694824219,14.020000457763672,2.6540000438690186,56.91999816894531
2019-02-21,96.61000061035156,14.460000038146973,2.687999963760376,56.959999084472656
2019-02-22,96.51000213623047,13.510000228881836,2.6549999713897705,57.2599983215332
2019-02-23,96.51000213623047,13.510000228881836,2.6549999713897705,57.2599983215332
2019-02-24,96.51000213623047,13.510000228881836,2.6549999713897705,57.2599983215332
2019-02-25,96.41000366210938,14.850000381469727,2.6730000972747803,55.47999954223633
2019-02-26,96.0,15.170000076293945,2.635999917984009,55.5
2019-02-27,96.1500015258789,14.699999809265137,2.693000078201294,56.939998626708984
2019-02-28,96.16000366210938,14.779999732971191,2.7109999656677246,57.220001220703125
2019-03-01,96.52999877929688,13.569999694824219,2.755000114440918,55.79999923706055
2019-03-02,96.52999877929688,13.569999694824219,2.755000114440918,55.79999923706055
2019-03-03,96.52999877929688,13.569999694824219,2.755000114440918,55.79999923706055
2019-03-04,96.68000030517578,14.630000114440918,2.7219998836517334,56.59000015258789
2019-03-05,96.8499984741211,14.739999771118164,2.7219998836517334,56.560001373291016
2019-03-06,96.87000274658203,15.739999771118164,2.691999912261963,56.220001220703125
2019-03-07,97.66999816894531,16.59000015258789,2.635999917984009,56.65999984741211
2019-03-08,97.37000274658203,16.049999237060547,2.625,56.06999969482422
2019-03-09,97.37000274658203,16.049999237060547,2.625,56.06999969482422
2019-03-10,97.37000274658203,16.049999237060547,2.625,56.06999969482422
2019-03-11,97.22000122070312,14.329999923706055,2.6429998874664307,56.790000915527344
2019-03-12,96.94000244140625,13.770000457763672,2.6050000190734863,56.869998931884766
2019-03-13,96.55000305175781,13.40999984741211,2.6110000610351562,58.2599983215332
2019-03-14,96.79000091552734,13.5,2.630000114440918,58.61000061035156
2019-03-15,96.5999984741211,12.880000114440918,2.5929999351501465,58.52000045776367
2019-03-16,96.5999984741211,12.880000114440918,2.5929999351501465,58.52000045776367
2019-03-17,96.5999984741211,12.880000114440918,2.5929999351501465,58.52000045776367
2019-03-18,96.5199966430664,13.100000381469727,2.6019999980926514,59.09000015258789
2019-03-19,96.37999725341797,13.5600004196167,2.614000082015991,59.029998779296875
2019-03-20,95.76000213623047,13.90999984741211,2.5350000858306885,59.83000183105469
2019-03-21,96.5,13.630000114440918,2.5369999408721924,59.97999954223633
2019-03-22,96.6500015258789,16.479999542236328,2.4549999237060547,59.040000915527344
2019-03-23,96.6500015258789,16.479999542236328,2.4549999237060547,59.040000915527344
2019-03-24,96.6500015258789,16.479999542236328,2.4549999237060547,59.040000915527344
2019-03-25,96.56999969482422,16.329999923706055,2.4200000762939453,58.81999969482422
2019-03-26,96.73999786376953,14.680000305175781,2.4140000343322754,59.939998626708984
2019-03-27,96.7699966430664,15.149999618530273,2.374000072479248,59.40999984741211
2019-03-28,97.19999694824219,14.430000305175781,2.3889999389648438,59.29999923706055
2019-03-29,97.27999877929688,13.710000038146973,2.4140000343322754,60.13999938964844
2019-03-30,97.27999877929688,13.710000038146973,2.4140000343322754,60.13999938964844
2019-03-31,97.27999877929688,13.710000038146973,2.4140000343322754,60.13999938964844
2019-04-01,97.25,13.399999618530273,2.496999979019165,61.59000015258789
2019-04-02,97.36000061035156,13.359999656677246,2.4809999465942383,62.58000183105469
2019-04-03,97.08999633789062,13.739999771118164,2.5169999599456787,62.459999084472656
2019-04-04,97.30999755859375,13.579999923706055,2.51200008392334,62.099998474121094
2019-04-05,97.4000015258789,12.819999694824219,2.500999927520752,63.08000183105469
2019-04-06,97.4000015258789,12.819999694824219,2.500999927520752,63.08000183105469
2019-04-07,97.4000015258789,12.819999694824219,2.500999927520752,63.08000183105469
2019-04-08,97.05000305175781,13.180000305175781,2.5190000534057617,64.4000015258789
2019-04-09,97.01000213623047,14.279999732971191,2.499000072479248,63.97999954223633
2019-04-10,96.94999694824219,13.300000190734863,2.4769999980926514,64.61000061035156
2019-04-11,97.18000030517578,13.020000457763672,2.503999948501587,63.58000183105469
2019-04-12,96.97000122070312,12.010000228881836,2.559999942779541,63.88999938964844
2019-04-13,96.97000122070312,12.010000228881836,2.559999942779541,63.88999938964844
2019-04-14,96.97000122070312,12.010000228881836,2.559999942779541,63.88999938964844
2019-04-15,96.94000244140625,12.319999694824219,2.552999973297119,63.400001525878906
2019-04-16,97.04000091552734,12.180000305175781,2.5920000076293945,64.05000305175781
2019-04-17,97.01000213623047,12.600000381469727,2.5920000076293945,63.7599983215332
2019-04-18,97.47000122070312,12.09000015258789,2.559999942779541,64.0
2019-04-19,97.47000122070312,12.09000015258789,2.559999942779541,64.0
2019-04-20,97.47000122070312,12.09000015258789,2.559999942779541,64.0
2019-04-21,97.47000122070312,12.09000015258789,2.559999942779541,64.0
2019-04-22,97.27999877929688,12.420000076293945,2.5899999141693115,65.69999694824219
2019-04-23,97.56999969482422,12.279999732971191,2.569999933242798,66.30000305175781
2019-04-24,98.0999984741211,13.140000343322754,2.5220000743865967,65.88999938964844
2019-04-25,98.19999694824219,13.25,2.5339999198913574,65.20999908447266
2019-04-26,98.01000213623047,12.729999542236328,2.505000114440918,63.29999923706055
2019-04-27,98.01000213623047,12.729999542236328,2.505000114440918,63.29999923706055
2019-04-28,98.01000213623047,12.729999542236328,2.505000114440918,63.29999923706055
2019-04-29,97.86000061035156,13.109999656677246,2.5360000133514404,63.5
2019-04-30,97.4800033569336,13.119999885559082,2.509000062942505,63.90999984741211
2019-05-01,97.69000244140625,14.800000190734863,2.510999917984009,63.599998474121094
2019-05-02,97.83000183105469,14.420000076293945,2.552000045776367,61.810001373291016
2019-05-03,97.5199966430664,12.869999885559082,2.5309998989105225,61.939998626708984
2019-05-04,97.5199966430664,12.869999885559082,2.5309998989105225,61.939998626708984
2019-05-05,97.5199966430664,12.869999885559082,2.5309998989105225,61.939998626708984
2019-05-06,97.5199966430664,15.4399995803833,2.5,62.25
2019-05-07,97.62999725341797,19.31999969482422,2.447999954223633,61.400001525878906
2019-05-08,97.62000274658203,19.399999618530273,2.4820001125335693,62.119998931884766
2019-05-09,97.37000274658203,19.100000381469727,2.4570000171661377,61.70000076293945
2019-05-10,97.33000183105469,16.040000915527344,2.4549999237060547,61.65999984741211
2019-05-11,97.33000183105469,16.040000915527344,2.4549999237060547,61.65999984741211
2019-05-12,97.33000183105469,16.040000915527344,2.4549999237060547,61.65999984741211
2019-05-13,97.31999969482422,20.549999237060547,2.4049999713897705,61.040000915527344
2019-05-14,97.52999877929688,18.059999465942383,2.4189999103546143,61.779998779296875
2019-05-15,97.56999969482422,16.440000534057617,2.378999948501587,62.02000045776367
2019-05-16,97.83999633789062,15.289999961853027,2.4049999713897705,62.869998931884766
2019-05-17,98.0,15.960000038146973,2.3929998874664307,62.7599983215332
2019-05-18,98.0,15.960000038146973,2.3929998874664307,62.7599983215332
2019-05-19,98.0,15.960000038146973,2.3929998874664307,62.7599983215332
2019-05-20,97.93000030517578,16.309999465942383,2.4159998893737793,63.099998474121094
2019-05-21,98.05999755859375,14.949999809265137,2.4260001182556152,62.9900016784668
2019-05-22,98.11000061035156,14.75,2.3929998874664307,61.41999816894531
2019-05-23,97.8499984741211,16.920000076293945,2.2960000038146973,57.90999984741211
2019-05-24,97.61000061035156,15.850000381469727,2.3239998817443848,58.630001068115234
2019-05-25,97.61000061035156,15.850000381469727,2.3239998817443848,58.630001068115234
2019-05-26,97.61000061035156,15.850000381469727,2.3239998817443848,58.630001068115234
2019-05-27,97.61000061035156,15.850000381469727,2.3239998817443848,58.630001068115234
2019-05-28,97.95999908447266,17.5,2.2679998874664307,59.13999938964844
2019-05-29,98.13999938964844,17.899999618530273,2.2360000610351562,58.810001373291016
2019-05-30,98.13999938964844,17.299999237060547,2.2269999980926514,56.59000015258789
2019-05-31,97.75,18.709999084472656,2.1419999599456787,53.5
2019-06-01,97.75,18.709999084472656,2.1419999599456787,53.5
2019-06-02,97.75,18.709999084472656,2.1419999599456787,53.5
2019-06-03,97.13999938964844,18.860000610351562,2.0810000896453857,53.25
2019-06-04,97.06999969482422,16.969999313354492,2.11899995803833,53.47999954223633
2019-06-05,97.37000274658203,16.09000015258789,2.122999906539917,51.68000030517578
2019-06-06,97.02999877929688,15.930000305175781,2.124000072479248,52.59000015258789
2019-06-07,96.61000061035156,16.299999237060547,2.0840001106262207,53.9900016784668
2019-06-08,96.61000061035156,16.299999237060547,2.0840001106262207,53.9900016784668
2019-06-09,96.61000061035156,16.299999237060547,2.0840001106262207,53.9900016784668
2019-06-10,96.76000213623047,15.9399995803833,2.1429998874664307,53.2599983215332
2019-06-11,96.69000244140625,15.989999771118164,2.140000104904175,53.27000045776367
2019-06-12,97.0,15.90999984741211,2.127000093460083,51.13999938964844
2019-06-13,97.01000213623047,15.819999694824219,2.0910000801086426,52.279998779296875
2019-06-14,97.56999969482422,15.279999732971191,2.0929999351501465,52.5099983215332
2019-06-15,97.56999969482422,15.279999732971191,2.0929999351501465,52.5099983215332
2019-06-16,97.56999969482422,15.279999732971191,2.0929999351501465,52.5099983215332
2019-06-17,97.55999755859375,15.350000381469727,2.0859999656677246,51.93000030517578
2019-06-18,97.63999938964844,15.149999618530273,2.059999942779541,53.900001525878906
2019-06-19,97.12000274658203,14.329999923706055,2.0290000438690186,53.7599983215332
2019-06-20,96.62999725341797,14.75,2.000999927520752,56.650001525878906
2019-06-21,96.22000122070312,15.399999618530273,2.068000078201294,57.43000030517578
2019-06-22,96.22000122070312,15.399999618530273,2.068000078201294,57.43000030517578
2019-06-23,96.22000122070312,15.399999618530273,2.068000078201294,57.43000030517578
2019-06-24,95.9800033569336,15.260000228881836,2.0209999084472656,57.900001525878906
2019-06-25,96.16000366210938,16.280000686645508,1.99399995803833,57.83000183105469
2019-06-26,96.20999908447266,16.209999084472656,2.0490000247955322,59.380001068115234
2019-06-27,96.19000244140625,15.819999694824219,2.005000114440918,59.43000030517578
2019-06-28,96.12999725341797,15.079999923706055,2.0,58.470001220703125
2019-06-29,96.12999725341797,15.079999923706055,2.0,58.470001220703125
2019-06-30,96.12999725341797,15.079999923706055,2.0,58.470001220703125
2019-07-01,96.83999633789062,14.0600004196167,2.0339999198913574,59.09000015258789
2019-07-02,96.7300033569336,12.930000305175781,1.9759999513626099,56.25
2019-07-03,96.7699966430664,12.569999694824219,1.9529999494552612,57.34000015258789
2019-07-04,96.7699966430664,12.569999694824219,1.9529999494552612,57.34000015258789
2019-07-05,97.25,13.279999732971191,2.0480000972747803,57.5099983215332
2019-07-06,97.25,13.279999732971191,2.0480000972747803,57.5099983215332
2019-07-07,97.25,13.279999732971191,2.0480000972747803,57.5099983215332
2019-07-08,97.37999725341797,13.960000038146973,2.0339999198913574,57.65999984741211
2019-07-09,97.48999786376953,14.09000015258789,2.053999900817871,57.83000183105469
2019-07-10,97.0999984741211,13.029999732971191,2.061000108718872,60.43000030517578
2019-07-11,97.05000305175781,12.930000305175781,2.119999885559082,60.20000076293945
2019-07-12,96.80999755859375,12.390000343322754,2.1059999465942383,60.209999084472656
2019-07-13,96.80999755859375,12.390000343322754,2.1059999465942383,60.209999084472656
2019-07-14,96.80999755859375,12.390000343322754,2.1059999465942383,60.209999084472656
2019-07-15,96.93000030517578,12.680000305175781,2.0920000076293945,59.58000183105469
2019-07-16,97.4000015258789,12.859999656677246,2.121999979019165,57.619998931884766
2019-07-17,97.22000122070312,13.970000267028809,2.061000108718872,56.779998779296875
2019-07-18,96.79000091552734,13.529999732971191,2.0380001068115234,55.29999923706055
2019-07-19,97.1500015258789,14.449999809265137,2.0480000972747803,55.630001068115234
2019-07-20,97.1500015258789,14.449999809265137,2.0480000972747803,55.630001068115234
2019-07-21,97.1500015258789,14.449999809265137,2.0480000972747803,55.630001068115234
2019-07-22,97.26000213623047,13.529999732971191,2.0429999828338623,56.220001220703125
2019-07-23,97.70999908447266,12.609999656677246,2.0739998817443848,56.77000045776367
2019-07-24,97.7300033569336,12.069999694824219,2.049999952316284,55.880001068115234
2019-07-25,97.81999969482422,12.739999771118164,2.0739998817443848,56.02000045776367
2019-07-26,98.01000213623047,12.15999984741211,2.0810000896453857,56.20000076293945
2019-07-27,98.01000213623047,12.15999984741211,2.0810000896453857,56.20000076293945
2019-07-28,98.01000213623047,12.15999984741211,2.0810000896453857,56.20000076293945
2019-07-29,98.04000091552734,12.829999923706055,2.055000066757202,56.869998931884766
2019-07-30,98.05000305175781,13.9399995803833,2.061000108718872,58.04999923706055
2019-07-31,98.5199966430664,16.1200008392334,2.0209999084472656,58.58000183105469
2019-08-01,98.38999938964844,17.8700008392334,1.8940000534057617,53.95000076293945
2019-08-02,98.0999984741211,17.610000610351562,1.8550000190734863,55.65999984741211
2019-08-03,98.0999984741211,17.610000610351562,1.8550000190734863,55.65999984741211
2019-08-04,98.0999984741211,17.610000610351562,1.8550000190734863,55.65999984741211
2019-08-05,97.5,24.59000015258789,1.7350000143051147,54.689998626708984
2019-08-06,97.62999725341797,20.170000076293945,1.7389999628067017,53.630001068115234
2019-08-07,97.54000091552734,19.489999771118164,1.684000015258789,51.09000015258789
2019-08-08,97.62000274658203,16.90999984741211,1.715999960899353,52.540000915527344
2019-08-09,97.48999786376953,17.969999313354492,1.7339999675750732,54.5
2019-08-10,97.48999786376953,17.969999313354492,1.7339999675750732,54.5
2019-08-11,97.48999786376953,17.969999313354492,1.7339999675750732,54.5
2019-08-12,97.37999725341797,21.09000015258789,1.6390000581741333,54.93000030517578
2019-08-13,97.80999755859375,17.520000457763672,1.6799999475479126,57.099998474121094
2019-08-14,97.98999786376953,22.100000381469727,1.5809999704360962,55.22999954223633
2019-08-15,98.13999938964844,21.18000030517578,1.5290000438690186,54.470001220703125
2019-08-16,98.13999938964844,18.469999313354492,1.5390000343322754,54.869998931884766
2019-08-17,98.13999938964844,18.469999313354492,1.5390000343322754,54.869998931884766
2019-08-18,98.13999938964844,18.469999313354492,1.5390000343322754,54.869998931884766
2019-08-19,98.3499984741211,16.8799991607666,1.5980000495910645,56.209999084472656
2019-08-20,98.19000244140625,17.5,1.5609999895095825,56.34000015258789
2019-08-21,98.30000305175781,15.800000190734863,1.5770000219345093,55.68000030517578
2019-08-22,98.16999816894531,16.68000030517578,1.6100000143051147,55.349998474121094
2019-08-23,97.63999938964844,19.8700008392334,1.527999997138977,54.16999816894531
2019-08-24,97.63999938964844,19.8700008392334,1.527999997138977,54.16999816894531
2019-08-25,97.63999938964844,19.8700008392334,1.527999997138977,54.16999816894531
2019-08-26,98.08000183105469,19.31999969482422,1.5449999570846558,53.63999938964844
2019-08-27,98.0,20.309999465942383,1.4900000095367432,54.93000030517578
2019-08-28,98.20999908447266,19.350000381469727,1.465999960899353,55.779998779296875
2019-08-29,98.51000213623047,17.8799991607666,1.5160000324249268,56.709999084472656
2019-08-30,98.91999816894531,18.979999542236328,1.50600004196167,55.099998474121094
2019-08-31,98.91999816894531,18.979999542236328,1.50600004196167,55.099998474121094
2019-09-01,98.91999816894531,18.979999542236328,1.50600004196167,55.099998474121094
2019-09-02,98.91999816894531,18.979999542236328,1.50600004196167,55.099998474121094
2019-09-03,98.94999694824219,19.65999984741211,1.465999960899353,53.939998626708984
2019-09-04,98.44999694824219,17.329999923706055,1.4589999914169312,56.2599983215332
2019-09-05,98.41000366210938,16.270000457763672,1.565000057220459,56.29999923706055
2019-09-06,98.38999938964844,15.0,1.5499999523162842,56.52000045776367
2019-09-07,98.38999938964844,15.0,1.5499999523162842,56.52000045776367
2019-09-08,98.38999938964844,15.0,1.5499999523162842,56.52000045776367
2019-09-09,98.27999877929688,15.270000457763672,1.621999979019165,57.849998474121094
2019-09-10,98.33000183105469,15.199999809265137,1.7020000219345093,57.400001525878906
2019-09-11,98.6500015258789,14.609999656677246,1.7330000400543213,55.75
2019-09-12,98.30999755859375,14.220000267028809,1.7910000085830688,55.09000015258789
2019-09-13,98.26000213623047,13.739999771118164,1.902999997138977,54.849998474121094
2019-09-14,98.26000213623047,13.739999771118164,1.902999997138977,54.849998474121094
2019-09-15,98.26000213623047,13.739999771118164,1.902999997138977,54.849998474121094
2019-09-16,98.6500015258789,14.670000076293945,1.840999960899353,62.900001525878906
2019-09-17,98.26000213623047,14.4399995803833,1.812000036239624,59.34000015258789
2019-09-18,98.5999984741211,13.949999809265137,1.7860000133514404,58.11000061035156
2019-09-19,98.2699966430664,14.050000190734863,1.7740000486373901,58.130001068115234
2019-09-20,98.51000213623047,15.319999694824219,1.7549999952316284,58.09000015258789
2019-09-21,98.51000213623047,15.319999694824219,1.7549999952316284,58.09000015258789
2019-09-22,98.51000213623047,15.319999694824219,1.7549999952316284,58.09000015258789
2019-09-23,98.5999984741211,14.90999984741211,1.7079999446868896,58.63999938964844
2019-09-24,98.33999633789062,17.049999237060547,1.6349999904632568,57.290000915527344
2019-09-25,99.04000091552734,15.960000038146973,1.7319999933242798,56.4900016784668
2019-09-26,99.20999908447266,16.06999969482422,1.684999942779541,56.40999984741211
2019-09-27,99.11000061035156,17.219999313354492,1.6749999523162842,55.90999984741211
2019-09-28,99.11000061035156,17.219999313354492,1.6749999523162842,55.90999984741211
2019-09-29,99.11000061035156,17.219999313354492,1.6749999523162842,55.90999984741211
2019-09-30,99.37999725341797,16.239999771118164,1.6749999523162842,54.06999969482422
2019-10-01,99.12999725341797,18.559999465942383,1.6440000534057617,53.619998931884766
2019-10-02,99.04000091552734,20.559999465942383,1.5959999561309814,52.63999938964844
2019-10-03,98.86000061035156,19.1200008392334,1.5360000133514404,52.45000076293945
2019-10-04,98.80999755859375,17.040000915527344,1.5149999856948853,52.810001373291016
2019-10-05,98.80999755859375,17.040000915527344,1.5149999856948853,52.810001373291016
2019-10-06,98.80999755859375,17.040000915527344,1.5149999856948853,52.810001373291016
2019-10-07,98.98999786376953,17.860000610351562,1.5529999732971191,52.75
2019-10-08,99.13999938964844,20.280000686645508,1.5369999408721924,52.630001068115234
2019-10-09,99.12000274658203,18.639999389648438,1.5889999866485596,52.59000015258789
2019-10-10,98.70999908447266,17.56999969482422,1.6579999923706055,53.54999923706055
2019-10-11,98.30000305175781,15.579999923706055,1.7519999742507935,54.70000076293945
2019-10-12,98.30000305175781,15.579999923706055,1.7519999742507935,54.70000076293945
2019-10-13,98.30000305175781,15.579999923706055,1.7519999742507935,54.70000076293945
2019-10-14,98.44999694824219,14.569999694824219,1.7330000400543213,53.59000015258789
2019-10-15,98.29000091552734,13.539999961853027,1.7710000276565552,52.810001373291016
2019-10-16,98.01000213623047,13.680000305175781,1.7480000257492065,53.36000061035156
2019-10-17,97.61000061035156,13.789999961853027,1.7569999694824219,53.93000030517578
2019-10-18,97.27999877929688,14.25,1.746999979019165,53.779998779296875
2019-10-19,97.27999877929688,14.25,1.746999979019165,53.779998779296875
2019-10-20,97.27999877929688,14.25,1.746999979019165,53.779998779296875
2019-10-21,97.33000183105469,14.0,1.7920000553131104,53.310001373291016
2019-10-22,97.52999877929688,14.460000038146973,1.7680000066757202,54.15999984741211
2019-10-23,97.47000122070312,14.010000228881836,1.7589999437332153,55.970001220703125
2019-10-24,97.62999725341797,13.710000038146973,1.7660000324249268,56.22999954223633
2019-10-25,97.83000183105469,12.649999618530273,1.8009999990463257,56.65999984741211
2019-10-26,97.83000183105469,12.649999618530273,1.8009999990463257,56.65999984741211
2019-10-27,97.83000183105469,12.649999618530273,1.8009999990463257,56.65999984741211
2019-10-28,97.76000213623047,13.109999656677246,1.8530000448226929,55.810001373291016
2019-10-29,97.69000244140625,13.199999809265137,1.8350000381469727,55.540000915527344
2019-10-30,97.6500015258789,12.329999923706055,1.7979999780654907,55.060001373291016
2019-10-31,97.3499984741211,13.220000267028809,1.690999984741211,54.18000030517578
2019-11-01,97.23999786376953,12.300000190734863,1.7280000448226929,56.20000076293945
2019-11-02,97.23999786376953,12.300000190734863,1.7280000448226929,56.20000076293945
2019-11-03,97.23999786376953,12.300000190734863,1.7280000448226929,56.20000076293945
2019-11-04,97.51000213623047,12.829999923706055,1.7860000133514404,56.540000915527344
2019-11-05,97.9800033569336,13.100000381469727,1.8660000562667847,57.22999954223633
2019-11-06,97.94999694824219,12.619999885559082,1.8140000104904175,56.349998474121094
2019-11-07,98.13999938964844,12.729999542236328,1.9259999990463257,57.150001525878906
2019-11-08,98.3499984741211,12.069999694824219,1.9329999685287476,57.2400016784668
2019-11-09,98.3499984741211,12.069999694824219,1.9329999685287476,57.2400016784668
2019-11-10,98.3499984741211,12.069999694824219,1.9329999685287476,57.2400016784668
2019-11-11,98.19999694824219,12.6899995803833,1.9429999589920044,56.86000061035156
2019-11-12,98.30999755859375,12.680000305175781,1.909000039100647,56.79999923706055
2019-11-13,98.37000274658203,13.0,1.8700000047683716,57.119998931884766
2019-11-14,98.16000366210938,13.050000190734863,1.815000057220459,56.77000045776367
2019-11-15,98.0,12.050000190734863,1.8339999914169312,57.720001220703125
2019-11-16,98.0,12.050000190734863,1.8339999914169312,57.720001220703125
2019-11-17,98.0,12.050000190734863,1.8339999914169312,57.720001220703125
2019-11-18,97.79000091552734,12.460000038146973,1.8079999685287476,57.04999923706055
2019-11-19,97.86000061035156,12.859999656677246,1.7860000133514404,55.209999084472656
2019-11-20,97.93000030517578,12.779999732971191,1.7380000352859497,57.11000061035156
2019-11-21,97.98999786376953,13.130000114440918,1.7719999551773071,58.58000183105469
2019-11-22,98.2699966430664,12.34000015258789,1.7740000486373901,57.77000045776367
2019-11-23,98.2699966430664,12.34000015258789,1.7740000486373901,57.77000045776367
2019-11-24,98.2699966430664,12.34000015258789,1.7740000486373901,57.77000045776367
2019-11-25,98.31999969482422,11.869999885559082,1.7640000581741333,58.0099983215332
2019-11-26,98.25,11.539999961853027,1.7400000095367432,58.40999984741211
2019-11-27,98.41000366210938,11.75,1.7669999599456787,58.11000061035156
2019-11-28,98.41000366210938,11.75,1.7669999599456787,58.11000061035156
2019-11-29,98.2699966430664,12.619999885559082,1.7760000228881836,55.16999816894531
2019-11-30,98.2699966430664,12.619999885559082,1.7760000228881836,55.16999816894531
2019-12-01,98.2699966430664,12.619999885559082,1.7760000228881836,55.16999816894531
2019-12-02,97.86000061035156,14.90999984741211,1.8359999656677246,55.959999084472656
2019-12-03,97.73999786376953,15.960000038146973,1.7089999914169312,56.099998474121094
2019-12-04,97.6500015258789,14.800000190734863,1.781000018119812,58.43000030517578
2019-12-05,97.41000366210938,14.520000457763672,1.7970000505447388,58.43000030517578
2019-12-06,97.69999694824219,13.619999885559082,1.8420000076293945,59.20000076293945
2019-12-07,97.69999694824219,13.619999885559082,1.8420000076293945,59.20000076293945
2019-12-08,97.69999694824219,13.619999885559082,1.8420000076293945,59.20000076293945
2019-12-09,97.63999938964844,15.859999656677246,1.8289999961853027,59.02000045776367
2019-12-10,97.41000366210938,15.680000305175781,1.8329999446868896,59.2400016784668
2019-12-11,97.16000366210938,14.989999771118164,1.7899999618530273,58.7599983215332
2019-12-12,97.4000015258789,13.9399995803833,1.8969999551773071,59.18000030517578
2019-12-13,97.16999816894531,12.630000114440918,1.819000005722046,60.06999969482422
2019-12-14,97.16999816894531,12.630000114440918,1.819000005722046,60.06999969482422
2019-12-15,97.16999816894531,12.630000114440918,1.819000005722046,60.06999969482422
2019-12-16,97.06999969482422,12.140000343322754,1.8919999599456787,60.209999084472656
2019-12-17,97.20999908447266,12.289999961853027,1.8890000581741333,60.939998626708984
2019-12-18,97.41000366210938,12.579999923706055,1.9240000247955322,60.93000030517578
2019-12-19,97.41999816894531,12.5,1.9079999923706055,61.220001220703125
2019-12-20,97.70999908447266,12.510000228881836,1.9170000553131104,60.439998626708984
2019-12-21,97.70999908447266,12.510000228881836,1.9170000553131104,60.439998626708984
2019-12-22,97.70999908447266,12.510000228881836,1.9170000553131104,60.439998626708984
2019-12-23,97.66000366210938,12.609999656677246,1.934999942779541,60.52000045776367
2019-12-24,97.6500015258789,12.670000076293945,1.909999966621399,61.11000061035156
2019-12-25,97.6500015258789,12.670000076293945,1.909999966621399,61.11000061035156
2019-12-26,97.58999633789062,12.649999618530273,1.9049999713897705,61.68000030517578
2019-12-27,96.91999816894531,13.430000305175781,1.8739999532699585,61.720001220703125
2019-12-28,96.91999816894531,13.430000305175781,1.8739999532699585,61.720001220703125
2019-12-29,96.91999816894531,13.430000305175781,1.8739999532699585,61.720001220703125
2019-12-30,96.73999786376953,14.819999694824219,1.8949999809265137,61.68000030517578
2019-12-31,96.38999938964844,13.779999732971191,1.9190000295639038,61.060001373291016
2020-01-01,96.38999938964844,13.779999732971191,1.9190000295639038,61.060001373291016
2020-01-02,96.8499984741211,12.470000267028809,1.8819999694824219,61.18000030517578
2020-01-03,96.83999633789062,14.020000457763672,1.7879999876022339,63.04999923706055
2020-01-04,96.83999633789062,14.020000457763672,1.7879999876022339,63.04999923706055
2020-01-05,96.83999633789062,14.020000457763672,1.7879999876022339,63.04999923706055
2020-01-06,96.66999816894531,13.850000381469727,1.8109999895095825,63.27000045776367
2020-01-07,96.9800033569336,13.789999961853027,1.8270000219345093,62.70000076293945
2020-01-08,97.30000305175781,13.449999809265137,1.8739999532699585,59.61000061035156
2020-01-09,97.44999694824219,12.539999961853027,1.8580000400543213,59.560001373291016
2020-01-10,97.36000061035156,12.5600004196167,1.8250000476837158,59.040000915527344
2020-01-11,97.36000061035156,12.5600004196167,1.8250000476837158,59.040000915527344
2020-01-12,97.36000061035156,12.5600004196167,1.8250000476837158,59.040000915527344
2020-01-13,97.3499984741211,12.319999694824219,1.8480000495910645,58.08000183105469
2020-01-14,97.37000274658203,12.390000343322754,1.8179999589920044,58.22999954223633
2020-01-15,97.2300033569336,12.420000076293945,1.7879999876022339,57.810001373291016
2020-01-16,97.31999969482422,12.319999694824219,1.809000015258789,58.52000045776367
2020-01-17,97.61000061035156,12.100000381469727,1.8359999656677246,58.540000915527344
2020-01-18,97.61000061035156,12.100000381469727,1.8359999656677246,58.540000915527344
2020-01-19,97.61000061035156,12.100000381469727,1.8359999656677246,58.540000915527344
2020-01-20,97.61000061035156,12.100000381469727,1.8359999656677246,58.540000915527344
2020-01-21,97.52999877929688,12.850000381469727,1.7690000534057617,58.34000015258789
2020-01-22,97.52999877929688,12.90999984741211,1.7690000534057617,56.7400016784668
2020-01-23,97.69000244140625,12.979999542236328,1.7400000095367432,55.59000015258789
2020-01-24,97.8499984741211,14.5600004196167,1.680999994277954,54.189998626708984
2020-01-25,97.8499984741211,14.5600004196167,1.680999994277954,54.189998626708984
2020-01-26,97.8499984741211,14.5600004196167,1.680999994277954,54.189998626708984
2020-01-27,97.95999908447266,18.229999542236328,1.6050000190734863,53.13999938964844
2020-01-28,98.0199966430664,16.280000686645508,1.6410000324249268,53.47999954223633
2020-01-29,97.98999786376953,16.389999389648438,1.593999981880188,53.33000183105469
2020-01-30,97.87000274658203,15.489999771118164,1.5579999685287476,52.13999938964844
2020-01-31,97.38999938964844,18.84000015258789,1.5199999809265137,51.560001373291016
2020-02-01,97.38999938964844,18.84000015258789,1.5199999809265137,51.560001373291016
2020-02-02,97.38999938964844,18.84000015258789,1.5199999809265137,51.560001373291016
2020-02-03,97.80000305175781,17.969999313354492,1.5199999809265137,50.11000061035156
2020-02-04,97.95999908447266,16.049999237060547,1.6030000448226929,49.61000061035156
2020-02-05,98.2699966430664,15.149999618530273,1.6490000486373901,50.75
2020-02-06,98.5,14.960000038146973,1.6440000534057617,50.95000076293945
2020-02-07,98.68000030517578,15.470000267028809,1.5779999494552612,50.31999969482422
2020-02-08,98.68000030517578,15.470000267028809,1.5779999494552612,50.31999969482422
2020-02-09,98.68000030517578,15.470000267028809,1.5779999494552612,50.31999969482422
2020-02-10,98.83000183105469,15.039999961853027,1.5470000505447388,49.56999969482422
2020-02-11,98.72000122070312,15.180000305175781,1.590000033378601,49.939998626708984
2020-02-12,99.05000305175781,13.739999771118164,1.6299999952316284,51.16999816894531
2020-02-13,99.06999969482422,14.149999618530273,1.6169999837875366,51.41999816894531
2020-02-14,99.12000274658203,13.680000305175781,1.5880000591278076,52.04999923706055
2020-02-15,99.12000274658203,13.680000305175781,1.5880000591278076,52.04999923706055
2020-02-16,99.12000274658203,13.680000305175781,1.5880000591278076,52.04999923706055
2020-02-17,99.12000274658203,13.680000305175781,1.5880000591278076,52.04999923706055
2020-02-18,99.45999908447266,14.829999923706055,1.555999994277954,52.04999923706055
2020-02-19,99.5999984741211,14.380000114440918,1.5700000524520874,53.290000915527344
2020-02-20,99.87000274658203,15.5600004196167,1.524999976158142,53.779998779296875
2020-02-21,99.26000213623047,17.079999923706055,1.4709999561309814,53.380001068115234
2020-02-22,99.26000213623047,17.079999923706055,1.4709999561309814,53.380001068115234
2020-02-23,99.26000213623047,17.079999923706055,1.4709999561309814,53.380001068115234
2020-02-24,99.29000091552734,25.030000686645508,1.3769999742507935,51.43000030517578
2020-02-25,98.97000122070312,27.850000381469727,1.3300000429153442,49.900001525878906
2020-02-26,99.0,27.559999465942383,1.309999942779541,48.72999954223633
2020-02-27,98.44000244140625,39.15999984741211,1.2990000247955322,47.09000015258789
2020-02-28,98.12999725341797,40.11000061035156,1.1269999742507935,44.7599983215332
2020-02-29,98.12999725341797,40.11000061035156,1.1269999742507935,44.7599983215332
2020-03-01,98.12999725341797,40.11000061035156,1.1269999742507935,44.7599983215332
2020-03-02,97.36000061035156,33.41999816894531,1.0880000591278076,46.75
2020-03-03,97.1500015258789,36.81999969482422,1.0099999904632568,47.18000030517578
2020-03-04,97.33999633789062,31.989999771118164,0.9919999837875366,46.779998779296875
2020-03-05,96.81999969482422,39.619998931884766,0.9259999990463257,45.900001525878906
2020-03-06,95.94999694824219,41.939998626708984,0.7059999704360962,41.279998779296875
2020-03-07,95.94999694824219,41.939998626708984,0.7059999704360962,41.279998779296875
2020-03-08,95.94999694824219,41.939998626708984,0.7059999704360962,41.279998779296875
2020-03-09,94.9000015258789,54.459999084472656,0.49900001287460327,31.1299991607666
2020-03-10,96.41000366210938,47.29999923706055,0.7480000257492065,34.36000061035156
2020-03-11,96.51000213623047,53.900001525878906,0.8199999928474426,32.97999954223633
2020-03-12,97.47000122070312,75.47000122070312,0.8489999771118164,31.5
2020-03-13,98.75,57.83000183105469,0.9509999752044678,31.729999542236328
2020-03-14,98.75,57.83000183105469,0.9509999752044678,31.729999542236328
2020-03-15,98.75,57.83000183105469,0.9509999752044678,31.729999542236328
2020-03-16,98.08999633789062,82.69000244140625,0.7279999852180481,28.700000762939453
2020-03-17,99.58000183105469,75.91000366210938,0.996999979019165,26.950000762939453
2020-03-18,101.16000366210938,76.44999694824219,1.2660000324249268,20.3700008392334
2020-03-19,102.76000213623047,72.0,1.11899995803833,25.219999313354492
2020-03-20,102.81999969482422,66.04000091552734,0.9380000233650208,22.43000030517578
2020-03-21,102.81999969482422,66.04000091552734,0.9380000233650208,22.43000030517578
2020-03-22,102.81999969482422,66.04000091552734,0.9380000233650208,22.43000030517578
2020-03-23,102.48999786376953,61.59000015258789,0.7639999985694885,23.360000610351562
2020-03-24,101.73999786376953,61.66999816894531,0.8159999847412109,24.010000228881836
2020-03-25,101.05000305175781,63.95000076293945,0.8579999804496765,24.489999771118164
2020-03-26,99.41999816894531,61.0,0.8109999895095825,22.600000381469727
2020-03-27,98.37000274658203,65.54000091552734,0.7490000128746033,21.510000228881836
2020-03-28,98.37000274658203,65.54000091552734,0.7490000128746033,21.510000228881836
2020-03-29,98.37000274658203,65.54000091552734,0.7490000128746033,21.510000228881836
2020-03-30,99.18000030517578,57.08000183105469,0.6700000166893005,20.09000015258789
2020-03-31,99.05000305175781,53.540000915527344,0.6980000138282776,20.479999542236328
2020-04-01,99.66999816894531,57.060001373291016,0.6349999904632568,20.309999465942383
2020-04-02,100.18000030517578,50.90999984741211,0.6269999742507935,25.31999969482422
2020-04-03,100.58000183105469,46.79999923706055,0.5870000123977661,28.34000015258789
2020-04-04,100.58000183105469,46.79999923706055,0.5870000123977661,28.34000015258789
2020-04-05,100.58000183105469,46.79999923706055,0.5870000123977661,28.34000015258789
2020-04-06,100.69000244140625,45.2400016784668,0.6759999990463257,26.079999923706055
2020-04-07,99.9800033569336,46.70000076293945,0.7360000014305115,23.6299991607666
2020-04-08,100.12000274658203,43.349998474121094,0.7639999985694885,25.09000015258789
2020-04-09,99.5199966430664,41.66999816894531,0.7289999723434448,22.760000228881836
2020-04-10,99.5199966430664,41.66999816894531,0.7289999723434448,22.760000228881836
2020-04-11,99.5199966430664,41.66999816894531,0.7289999723434448,22.760000228881836
2020-04-12,99.5199966430664,41.66999816894531,0.7289999723434448,22.760000228881836
2020-04-13,99.3499984741211,41.16999816894531,0.7490000128746033,22.40999984741211
2020-04-14,98.88999938964844,37.7599983215332,0.7519999742507935,20.110000610351562
2020-04-15,99.45999908447266,40.84000015258789,0.6380000114440918,19.8700008392334
2020-04-16,100.02999877929688,40.11000061035156,0.609000027179718,19.8700008392334
2020-04-17,99.77999877929688,38.150001525878906,0.6539999842643738,18.270000457763672
2020-04-18,99.77999877929688,38.150001525878906,0.6539999842643738,18.270000457763672
2020-04-19,99.77999877929688,38.150001525878906,0.6539999842643738,18.270000457763672
2020-04-20,99.95999908447266,43.83000183105469,0.6259999871253967,-37.630001068115234
2020-04-21,100.26000213623047,45.40999984741211,0.5709999799728394,10.010000228881836
2020-04-22,100.38999938964844,41.97999954223633,0.6190000176429749,13.779999732971191
2020-04-23,100.43000030517578,41.380001068115234,0.6129999756813049,16.5
2020-04-24,100.37999725341797,35.93000030517578,0.5960000157356262,16.940000534057617
2020-04-25,100.37999725341797,35.93000030517578,0.5960000157356262,16.940000534057617
2020-04-26,100.37999725341797,35.93000030517578,0.5960000157356262,16.940000534057617
2020-04-27,100.04000091552734,33.290000915527344,0.656000018119812,12.779999732971191
2020-04-28,99.87000274658203,33.56999969482422,0.6100000143051147,12.34000015258789
2020-04-29,99.56999969482422,31.229999542236328,0.6269999742507935,15.0600004196167
2020-04-30,99.0199966430664,34.150001525878906,0.621999979019165,18.84000015258789
2020-05-01,98.80000305175781,37.189998626708984,0.6420000195503235,19.780000686645508
2020-05-02,98.80000305175781,37.189998626708984,0.6420000195503235,19.780000686645508
2020-05-03,98.80000305175781,37.189998626708984,0.6420000195503235,19.780000686645508
2020-05-04,99.4800033569336,35.970001220703125,0.6370000243186951,20.389999389648438
2020-05-05,99.70999908447266,33.61000061035156,0.6570000052452087,24.559999465942383
2020-05-06,100.08999633789062,34.119998931884766,0.7110000252723694,23.989999771118164
2020-05-07,99.88999938964844,31.440000534057617,0.6309999823570251,23.549999237060547
2020-05-08,99.7300033569336,27.979999542236328,0.6819999814033508,24.739999771118164
2020-05-09,99.7300033569336,27.979999542236328,0.6819999814033508,24.739999771118164
2020-05-10,99.7300033569336,27.979999542236328,0.6819999814033508,24.739999771118164
2020-05-11,100.23999786376953,27.56999969482422,0.7260000109672546,24.139999389648438
2020-05-12,99.93000030517578,33.040000915527344,0.6779999732971191,25.780000686645508
2020-05-13,100.23999786376953,35.279998779296875,0.6489999890327454,25.290000915527344
2020-05-14,100.47000122070312,32.61000061035156,0.6190000176429749,27.559999465942383
2020-05-15,100.4000015258789,31.889999389648438,0.6399999856948853,29.43000030517578
2020-05-16,100.4000015258789,31.889999389648438,0.6399999856948853,29.43000030517578
2020-05-17,100.4000015258789,31.889999389648438,0.6399999856948853,29.43000030517578
2020-05-18,99.66999816894531,29.299999237060547,0.7440000176429749,31.81999969482422
2020-05-19,99.37000274658203,30.530000686645508,0.7110000252723694,32.5
2020-05-20,99.12000274658203,27.989999771118164,0.6800000071525574,33.4900016784668
2020-05-21,99.37000274658203,29.530000686645508,0.6769999861717224,33.91999816894531
2020-05-22,99.86000061035156,28.15999984741211,0.6570000052452087,33.25
2020-05-23,99.86000061035156,28.15999984741211,0.6570000052452087,33.25
2020-05-24,99.86000061035156,28.15999984741211,0.6570000052452087,33.25
2020-05-25,99.86000061035156,28.15999984741211,0.6570000052452087,33.25
2020-05-26,98.91000366210938,28.010000228881836,0.6980000138282776,34.349998474121094
2020-05-27,99.05999755859375,27.6200008392334,0.6800000071525574,32.810001373291016
2020-05-28,98.37999725341797,28.59000015258789,0.7049999833106995,33.709999084472656
2020-05-29,98.33999633789062,27.510000228881836,0.6480000019073486,35.4900016784668
2020-05-30,98.33999633789062,27.510000228881836,0.6480000019073486,35.4900016784668
2020-05-31,98.33999633789062,27.510000228881836,0.6480000019073486,35.4900016784668
2020-06-01,97.83000183105469,28.229999542236328,0.6620000004768372,35.439998626708984
2020-06-02,97.66999816894531,26.84000015258789,0.6800000071525574,36.810001373291016
2020-06-03,97.27999877929688,25.65999984741211,0.7609999775886536,37.290000915527344
2020-06-04,96.68000030517578,25.809999465942383,0.8199999928474426,37.40999984741211
2020-06-05,96.94000244140625,24.520000457763672,0.9039999842643738,39.54999923706055
2020-06-06,96.94000244140625,24.520000457763672,0.9039999842643738,39.54999923706055
2020-06-07,96.94000244140625,24.520000457763672,0.9039999842643738,39.54999923706055
2020-06-08,96.62000274658203,25.809999465942383,0.8840000033378601,38.189998626708984
2020-06-09,96.31999969482422,27.56999969482422,0.8289999961853027,38.939998626708984
2020-06-10,95.95999908447266,27.56999969482422,0.7480000257492065,39.599998474121094
2020-06-11,96.7300033569336,40.790000915527344,0.652999997138977,36.34000015258789
2020-06-12,97.31999969482422,36.09000015258789,0.6990000009536743,36.2599983215332
2020-06-13,97.31999969482422,36.09000015258789,0.6990000009536743,36.2599983215332
2020-06-14,97.31999969482422,36.09000015258789,0.6990000009536743,36.2599983215332
2020-06-15,96.68000030517578,34.400001525878906,0.7020000219345093,37.119998931884766
2020-06-16,96.95999908447266,33.66999816894531,0.7559999823570251,38.380001068115234
2020-06-17,97.16000366210938,33.470001220703125,0.7329999804496765,37.959999084472656
2020-06-18,97.41999816894531,32.939998626708984,0.6940000057220459,38.84000015258789
2020-06-19,97.62000274658203,35.119998931884766,0.6970000267028809,39.75
2020-06-20,97.62000274658203,35.119998931884766,0.6970000267028809,39.75
2020-06-21,97.62000274658203,35.119998931884766,0.6970000267028809,39.75
2020-06-22,97.04000091552734,31.770000457763672,0.7039999961853027,40.459999084472656
2020-06-23,96.69000244140625,31.3700008392334,0.7089999914169312,40.369998931884766
2020-06-24,97.1500015258789,33.84000015258789,0.6840000152587891,38.0099983215332
2020-06-25,97.43000030517578,32.220001220703125,0.6740000247955322,38.720001220703125
2020-06-26,97.5,34.72999954223633,0.6359999775886536,38.4900016784668
2020-06-27,97.5,34.72999954223633,0.6359999775886536,38.4900016784668
2020-06-28,97.5,34.72999954223633,0.6359999775886536,38.4900016784668
2020-06-29,97.54000091552734,31.780000686645508,0.6359999775886536,39.70000076293945
2020-06-30,97.38999938964844,30.43000030517578,0.652999997138977,39.27000045776367
2020-07-01,97.19999694824219,28.6200008392334,0.6819999814033508,39.81999969482422
2020-07-02,97.31999969482422,27.68000030517578,0.6690000295639038,40.650001525878906
2020-07-03,97.31999969482422,27.68000030517578,0.6690000295639038,40.650001525878906
2020-07-04,97.31999969482422,27.68000030517578,0.6690000295639038,40.650001525878906
2020-07-05,97.31999969482422,27.68000030517578,0.6690000295639038,40.650001525878906
2020-07-06,96.79000091552734,27.940000534057617,0.6840000152587891,40.630001068115234
2020-07-07,96.87999725341797,29.43000030517578,0.6499999761581421,40.619998931884766
2020-07-08,96.43000030517578,28.079999923706055,0.652999997138977,40.900001525878906
2020-07-09,96.69999694824219,29.260000228881836,0.6050000190734863,39.619998931884766
2020-07-10,96.6500015258789,27.290000915527344,0.6330000162124634,40.54999923706055
2020-07-11,96.6500015258789,27.290000915527344,0.6330000162124634,40.54999923706055
2020-07-12,96.6500015258789,27.290000915527344,0.6330000162124634,40.54999923706055
2020-07-13,96.45999908447266,32.189998626708984,0.6399999856948853,40.099998474121094
2020-07-14,96.26000213623047,29.520000457763672,0.6150000095367432,40.290000915527344
2020-07-15,96.08000183105469,27.760000228881836,0.6299999952316284,41.20000076293945
2020-07-16,96.3499984741211,28.0,0.6119999885559082,40.75
2020-07-17,95.94000244140625,25.68000030517578,0.628000020980835,40.59000015258789
2020-07-18,95.94000244140625,25.68000030517578,0.628000020980835,40.59000015258789
2020-07-19,95.94000244140625,25.68000030517578,0.628000020980835,40.59000015258789
2020-07-20,95.83000183105469,24.459999084472656,0.6200000047683716,40.810001373291016
2020-07-21,95.12000274658203,24.84000015258789,0.6069999933242798,41.959999084472656
2020-07-22,94.97000122070312,24.31999969482422,0.5950000286102295,41.900001525878906
2020-07-23,94.69000244140625,26.079999923706055,0.5820000171661377,41.06999969482422
2020-07-24,94.44000244140625,25.84000015258789,0.5889999866485596,41.290000915527344
2020-07-25,94.44000244140625,25.84000015258789,0.5889999866485596,41.290000915527344
2020-07-26,94.44000244140625,25.84000015258789,0.5889999866485596,41.290000915527344
2020-07-27,93.66999816894531,24.739999771118164,0.609000027179718,41.599998474121094
2020-07-28,93.76000213623047,25.440000534057617,0.5809999704360962,41.040000915527344
2020-07-29,93.26000213623047,24.100000381469727,0.5789999961853027,41.27000045776367
2020-07-30,93.0199966430664,24.760000228881836,0.5410000085830688,39.91999816894531
2020-07-31,93.48999786376953,24.459999084472656,0.5360000133514404,40.27000045776367
2020-08-01,93.48999786376953,24.459999084472656,0.5360000133514404,40.27000045776367
2020-08-02,93.48999786376953,24.459999084472656,0.5360000133514404,40.27000045776367
2020-08-03,93.5,24.280000686645508,0.5630000233650208,41.0099983215332
2020-08-04,93.37999725341797,23.760000228881836,0.5149999856948853,41.70000076293945
2020-08-05,92.83000183105469,22.989999771118164,0.5429999828338623,42.189998626708984
2020-08-06,92.79000091552734,22.649999618530273,0.5360000133514404,41.95000076293945
2020-08-07,93.44000244140625,22.209999084472656,0.5619999766349792,41.220001220703125
2020-08-08,93.44000244140625,22.209999084472656,0.5619999766349792,41.220001220703125
2020-08-09,93.44000244140625,22.209999084472656,0.5619999766349792,41.220001220703125
2020-08-10,93.58000183105469,22.1299991607666,0.5740000009536743,41.939998626708984
2020-08-11,93.62999725341797,24.030000686645508,0.6579999923706055,41.61000061035156
2020-08-12,93.44000244140625,22.280000686645508,0.6700000166893005,42.66999816894531
2020-08-13,93.33999633789062,22.1299991607666,0.7160000205039978,42.2400016784668
2020-08-14,93.0999984741211,22.049999237060547,0.7089999914169312,42.0099983215332
2020-08-15,93.0999984741211,22.049999237060547,0.7089999914169312,42.0099983215332
2020-08-16,93.0999984741211,22.049999237060547,0.7089999914169312,42.0099983215332
2020-08-17,92.8499984741211,21.350000381469727,0.6830000281333923,42.88999938964844
2020-08-18,92.2699966430664,21.510000228881836,0.6690000295639038,42.88999938964844
2020-08-19,92.88999938964844,22.540000915527344,0.675000011920929,42.93000030517578
2020-08-20,92.79000091552734,22.719999313354492,0.6439999938011169,42.58000183105469
2020-08-21,93.25,22.540000915527344,0.6399999856948853,42.34000015258789
2020-08-22,93.25,22.540000915527344,0.6399999856948853,42.34000015258789
2020-08-23,93.25,22.540000915527344,0.6399999856948853,42.34000015258789
2020-08-24,93.30000305175781,22.3700008392334,0.6460000276565552,42.619998931884766
2020-08-25,93.0199966430664,22.030000686645508,0.6819999814033508,43.349998474121094
2020-08-26,93.01000213623047,23.270000457763672,0.6869999766349792,43.38999938964844
2020-08-27,93.01000213623047,24.469999313354492,0.7459999918937683,43.040000915527344
2020-08-28,92.37000274658203,22.959999084472656,0.7289999723434448,42.970001220703125
2020-08-29,92.37000274658203,22.959999084472656,0.7289999723434448,42.970001220703125
2020-08-30,92.37000274658203,22.959999084472656,0.7289999723434448,42.970001220703125
2020-08-31,92.13999938964844,26.40999984741211,0.6930000185966492,42.61000061035156
2020-09-01,92.33999633789062,26.1200008392334,0.671999990940094,42.7599983215332
2020-09-02,92.8499984741211,26.56999969482422,0.6510000228881836,41.5099983215332
2020-09-03,92.73999786376953,33.599998474121094,0.621999979019165,41.369998931884766
2020-09-04,92.72000122070312,30.75,0.7210000157356262,39.77000045776367
2020-09-05,92.72000122070312,30.75,0.7210000157356262,39.77000045776367
2020-09-06,92.72000122070312,30.75,0.7210000157356262,39.77000045776367
2020-09-07,92.72000122070312,30.75,0.7210000157356262,39.77000045776367
2020-09-08,93.4800033569336,31.459999084472656,0.6840000152587891,36.7599983215332
2020-09-09,93.26000213623047,28.809999465942383,0.703000009059906,38.04999923706055
2020-09-10,93.33999633789062,29.709999084472656,0.6850000023841858,37.29999923706055
2020-09-11,93.33000183105469,26.8700008392334,0.6690000295639038,37.33000183105469
2020-09-12,93.33000183105469,26.8700008392334,0.6690000295639038,37.33000183105469
2020-09-13,93.33000183105469,26.8700008392334,0.6690000295639038,37.33000183105469
2020-09-14,93.06999969482422,25.850000381469727,0.6710000038146973,37.2599983215332
2020-09-15,93.05000305175781,25.59000015258789,0.6790000200271606,38.279998779296875
2020-09-16,93.20999908447266,26.040000915527344,0.6869999766349792,40.15999984741211
2020-09-17,92.97000122070312,26.459999084472656,0.6840000152587891,40.970001220703125
2020-09-18,92.93000030517578,25.829999923706055,0.6940000057220459,41.11000061035156
2020-09-19,92.93000030517578,25.829999923706055,0.6940000057220459,41.11000061035156
2020-09-20,92.93000030517578,25.829999923706055,0.6940000057220459,41.11000061035156
2020-09-21,93.54000091552734,27.780000686645508,0.6710000038146973,39.310001373291016
2020-09-22,93.98999786376953,26.860000610351562,0.6639999747276306,39.599998474121094
2020-09-23,94.38999938964844,28.579999923706055,0.6759999990463257,39.93000030517578
2020-09-24,94.3499984741211,28.510000228881836,0.6660000085830688,40.310001373291016
2020-09-25,94.58000183105469,26.3799991607666,0.6589999794960022,40.25
2020-09-26,94.58000183105469,26.3799991607666,0.6589999794960022,40.25
2020-09-27,94.58000183105469,26.3799991607666,0.6589999794960022,40.25
2020-09-28,94.26000213623047,26.190000534057617,0.6629999876022339,40.599998474121094
2020-09-29,93.88999938964844,26.270000457763672,0.6449999809265137,39.290000915527344
2020-09-30,93.88999938964844,26.3700008392334,0.6769999861717224,40.220001220703125
2020-10-01,93.70999908447266,26.700000762939453,0.6769999861717224,38.720001220703125
2020-10-02,93.83999633789062,27.6299991607666,0.6959999799728394,37.04999923706055
2020-10-03,93.83999633789062,27.6299991607666,0.6959999799728394,37.04999923706055
2020-10-04,93.83999633789062,27.6299991607666,0.6959999799728394,37.04999923706055
2020-10-05,93.51000213623047,27.959999084472656,0.7620000243186951,39.220001220703125
2020-10-06,93.83000183105469,29.479999542236328,0.7419999837875366,40.66999816894531
2020-10-07,93.62999725341797,28.059999465942383,0.7850000262260437,39.95000076293945
2020-10-08,93.61000061035156,26.360000610351562,0.7649999856948853,41.189998626708984
2020-10-09,93.05999755859375,25.0,0.7749999761581421,40.599998474121094
2020-10-10,93.05999755859375,25.0,0.7749999761581421,40.599998474121094
2020-10-11,93.05999755859375,25.0,0.7749999761581421,40.599998474121094
2020-10-12,93.06999969482422,25.06999969482422,0.7770000100135803,39.43000030517578
2020-10-13,93.52999877929688,26.06999969482422,0.7269999980926514,40.20000076293945
2020-10-14,93.37999725341797,26.399999618530273,0.722000002861023,41.040000915527344
2020-10-15,93.86000061035156,26.969999313354492,0.7310000061988831,40.959999084472656
2020-10-16,93.68000030517578,27.40999984741211,0.7440000176429749,40.880001068115234
2020-10-17,93.68000030517578,27.40999984741211,0.7440000176429749,40.880001068115234
2020-10-18,93.68000030517578,27.40999984741211,0.7440000176429749,40.880001068115234
2020-10-19,93.43000030517578,29.18000030517578,0.7609999775886536,40.83000183105469
2020-10-20,93.06999969482422,29.350000381469727,0.796999990940094,41.459999084472656
2020-10-21,92.61000061035156,28.649999618530273,0.8159999847412109,40.029998779296875
2020-10-22,92.94999694824219,28.110000610351562,0.8479999899864197,40.63999938964844
2020-10-23,92.7699966430664,27.549999237060547,0.8410000205039978,39.849998474121094
2020-10-24,92.7699966430664,27.549999237060547,0.8410000205039978,39.849998474121094
2020-10-25,92.7699966430664,27.549999237060547,0.8410000205039978,39.849998474121094
2020-10-26,93.05000305175781,32.459999084472656,0.8009999990463257,38.560001373291016
2020-10-27,92.94000244140625,33.349998474121094,0.777999997138977,39.56999969482422
2020-10-28,93.41000366210938,40.279998779296875,0.781000018119812,37.38999938964844
2020-10-29,93.95999908447266,37.59000015258789,0.8349999785423279,36.16999816894531
2020-10-30,94.04000091552734,38.02000045776367,0.8600000143051147,35.790000915527344
2020-10-31,94.04000091552734,38.02000045776367,0.8600000143051147,35.790000915527344
2020-11-01,94.04000091552734,38.02000045776367,0.8600000143051147,35.790000915527344
2020-11-02,94.05000305175781,37.130001068115234,0.8489999771118164,36.810001373291016
2020-11-03,93.55000305175781,35.54999923706055,0.8820000290870667,37.65999984741211
2020-11-04,93.41000366210938,29.56999969482422,0.7680000066757202,39.150001525878906
2020-11-05,92.52999877929688,27.579999923706055,0.7760000228881836,38.790000915527344
2020-11-06,92.2300033569336,24.860000610351562,0.8199999928474426,37.13999938964844
2020-11-07,92.2300033569336,24.860000610351562,0.8199999928474426,37.13999938964844
2020-11-08,92.2300033569336,24.860000610351562,0.8199999928474426,37.13999938964844
2020-11-09,92.7300033569336,25.75,0.9580000042915344,40.290000915527344
2020-11-10,92.75,24.799999237060547,0.972000002861023,41.36000061035156
2020-11-11,93.04000091552734,23.450000762939453,0.9580000042915344,41.45000076293945
2020-11-12,92.95999908447266,25.350000381469727,0.8849999904632568,41.119998931884766
2020-11-13,92.76000213623047,23.100000381469727,0.8930000066757202,40.130001068115234
2020-11-14,92.76000213623047,23.100000381469727,0.8930000066757202,40.130001068115234
2020-11-15,92.76000213623047,23.100000381469727,0.8930000066757202,40.130001068115234
2020-11-16,92.56999969482422,22.450000762939453,0.906000018119812,41.34000015258789
2020-11-17,92.41999816894531,22.709999084472656,0.871999979019165,41.43000030517578
2020-11-18,92.31999969482422,23.84000015258789,0.8820000290870667,41.81999969482422
2020-11-19,92.29000091552734,23.110000610351562,0.8539999723434448,41.7400016784668
2020-11-20,92.38999938964844,23.700000762939453,0.8289999961853027,42.150001525878906
2020-11-21,92.38999938964844,23.700000762939453,0.8289999961853027,42.150001525878906
2020-11-22,92.38999938964844,23.700000762939453,0.8289999961853027,42.150001525878906
2020-11-23,92.51000213623047,22.65999984741211,0.8569999933242798,43.060001373291016
2020-11-24,92.2300033569336,21.639999389648438,0.8820000290870667,44.90999984741211
2020-11-25,91.98999786376953,21.25,0.878000020980835,45.709999084472656
2020-11-26,91.98999786376953,21.25,0.878000020980835,45.709999084472656
2020-11-27,91.79000091552734,20.84000015258789,0.8420000076293945,45.529998779296875
2020-11-28,91.79000091552734,20.84000015258789,0.8420000076293945,45.529998779296875
2020-11-29,91.79000091552734,20.84000015258789,0.8420000076293945,45.529998779296875
2020-11-30,91.87000274658203,20.56999969482422,0.843999981880188,45.34000015258789
2020-12-01,91.30999755859375,20.770000457763672,0.9340000152587891,44.54999923706055
2020-12-02,91.12000274658203,21.170000076293945,0.9480000138282776,45.279998779296875
2020-12-03,90.70999908447266,21.280000686645508,0.9200000166893005,45.63999938964844
2020-12-04,90.69999694824219,20.790000915527344,0.968999981880188,46.2599983215332
2020-12-05,90.69999694824219,20.790000915527344,0.968999981880188,46.2599983215332
2020-12-06,90.69999694824219,20.790000915527344,0.968999981880188,46.2599983215332
2020-12-07,90.79000091552734,21.299999237060547,0.9279999732971191,45.7599983215332
2020-12-08,90.97000122070312,20.68000030517578,0.9129999876022339,45.599998474121094
2020-12-09,91.08999633789062,22.270000457763672,0.9409999847412109,45.52000045776367
2020-12-10,90.79000091552734,22.520000457763672,0.9079999923706055,46.779998779296875
2020-12-11,90.9800033569336,23.309999465942383,0.8930000066757202,46.56999969482422
2020-12-12,90.9800033569336,23.309999465942383,0.8930000066757202,46.56999969482422
2020-12-13,90.9800033569336,23.309999465942383,0.8930000066757202,46.56999969482422
2020-12-14,90.70999908447266,24.719999313354492,0.8920000195503235,46.9900016784668
2020-12-15,90.47000122070312,22.889999389648438,0.9229999780654907,47.619998931884766
2020-12-16,90.44999694824219,22.5,0.9200000166893005,47.81999969482422
2020-12-17,89.81999969482422,21.93000030517578,0.9300000071525574,48.36000061035156
2020-12-18,90.0199966430664,21.56999969482422,0.9480000138282776,49.099998474121094
2020-12-19,90.0199966430664,21.56999969482422,0.9480000138282776,49.099998474121094
2020-12-20,90.0199966430664,21.56999969482422,0.9480000138282776,49.099998474121094
2020-12-21,90.04000091552734,25.15999984741211,0.9409999847412109,47.7400016784668
2020-12-22,90.6500015258789,24.229999542236328,0.9179999828338623,47.02000045776367
2020-12-23,90.41000366210938,23.309999465942383,0.9549999833106995,48.119998931884766
2020-12-24,90.33000183105469,21.530000686645508,0.9279999732971191,48.22999954223633
2020-12-25,90.33000183105469,21.530000686645508,0.9279999732971191,48.22999954223633
2020-12-26,90.33000183105469,21.530000686645508,0.9279999732971191,48.22999954223633
2020-12-27,90.33000183105469,21.530000686645508,0.9279999732971191,48.22999954223633
2020-12-28,90.33999633789062,21.700000762939453,0.9330000281333923,47.619998931884766
2020-12-29,90.01000213623047,23.079999923706055,0.9350000023841858,48.0
2020-12-30,89.62999725341797,22.770000457763672,0.9259999990463257,48.400001525878906
2020-12-31,89.94000244140625,22.75,0.9169999957084656,48.52000045776367
2021-01-01,89.94000244140625,22.75,0.9169999957084656,48.52000045776367
2021-01-02,89.94000244140625,22.75,0.9169999957084656,48.52000045776367
2021-01-03,89.94000244140625,22.75,0.9169999957084656,48.52000045776367
2021-01-04,89.87999725341797,26.969999313354492,0.9169999957084656,47.619998931884766
2021-01-05,89.44000244140625,25.34000015258789,0.9549999833106995,49.93000030517578
2021-01-06,89.52999877929688,25.06999969482422,1.0420000553131104,50.630001068115234
2021-01-07,89.83000183105469,22.3700008392334,1.0709999799728394,50.83000183105469
2021-01-08,90.0999984741211,21.559999465942383,1.1050000190734863,52.2400016784668
2021-01-09,90.0999984741211,21.559999465942383,1.1050000190734863,52.2400016784668
2021-01-10,90.0999984741211,21.559999465942383,1.1050000190734863,52.2400016784668
2021-01-11,90.54000091552734,24.079999923706055,1.1319999694824219,52.25
2021-01-12,90.05000305175781,23.329999923706055,1.1380000114440918,53.209999084472656
2021-01-13,90.31999969482422,22.209999084472656,1.0880000591278076,52.90999984741211
2021-01-14,90.23999786376953,23.25,1.128999948501587,53.56999969482422
2021-01-15,90.77999877929688,24.34000015258789,1.097000002861023,52.36000061035156
2021-01-16,90.77999877929688,24.34000015258789,1.097000002861023,52.36000061035156
2021-01-17,90.77999877929688,24.34000015258789,1.097000002861023,52.36000061035156
2021-01-18,90.77999877929688,24.34000015258789,1.097000002861023,52.36000061035156
2021-01-19,90.5,23.239999771118164,1.0920000076293945,52.97999954223633
2021-01-20,90.47000122070312,21.579999923706055,1.090000033378601,53.2400016784668
2021-01-21,90.12999725341797,21.31999969482422,1.1089999675750732,53.130001068115234
2021-01-22,90.23999786376953,21.90999984741211,1.090999960899353,52.27000045776367
2021-01-23,90.23999786376953,21.90999984741211,1.090999960899353,52.27000045776367
2021-01-24,90.23999786376953,21.90999984741211,1.090999960899353,52.27000045776367
2021-01-25,90.38999938964844,23.190000534057617,1.0399999618530273,52.77000045776367
2021-01-26,90.16999816894531,23.020000457763672,1.0399999618530273,52.61000061035156
2021-01-27,90.6500015258789,37.209999084472656,1.0140000581741333,52.849998474121094
2021-01-28,90.45999908447266,30.209999084472656,1.0570000410079956,52.34000015258789
2021-01-29,90.58000183105469,33.09000015258789,1.093000054359436,52.20000076293945
2021-01-30,90.58000183105469,33.09000015258789,1.093000054359436,52.20000076293945
2021-01-31,90.58000183105469,33.09000015258789,1.093000054359436,52.20000076293945
2021-02-01,91.0199966430664,30.239999771118164,1.0770000219345093,53.54999923706055
2021-02-02,91.19999694824219,25.559999465942383,1.1050000190734863,54.7599983215332
2021-02-03,91.12000274658203,22.90999984741211,1.13100004196167,55.689998626708984
2021-02-04,91.52999877929688,21.770000457763672,1.1390000581741333,56.22999954223633
2021-02-05,91.04000091552734,20.8700008392334,1.1699999570846558,56.849998474121094
2021-02-06,91.04000091552734,20.8700008392334,1.1699999570846558,56.849998474121094
2021-02-07,91.04000091552734,20.8700008392334,1.1699999570846558,56.849998474121094
2021-02-08,90.93000030517578,21.239999771118164,1.159999966621399,57.970001220703125
2021-02-09,90.44000244140625,21.6299991607666,1.156999945640564,58.36000061035156
2021-02-10,90.37000274658203,21.989999771118164,1.1330000162124634,58.68000030517578
2021-02-11,90.41999816894531,21.25,1.1579999923706055,58.2400016784668
2021-02-12,90.4800033569336,19.969999313354492,1.2000000476837158,59.470001220703125
2021-02-13,90.4800033569336,19.969999313354492,1.2000000476837158,59.470001220703125
2021-02-14,90.4800033569336,19.969999313354492,1.2000000476837158,59.470001220703125
2021-02-15,90.4800033569336,19.969999313354492,1.2000000476837158,59.470001220703125
2021-02-16,90.51000213623047,21.459999084472656,1.2990000247955322,60.04999923706055
2021-02-17,90.94999694824219,21.5,1.3009999990463257,61.13999938964844
2021-02-18,90.58999633789062,22.489999771118164,1.2869999408721924,60.52000045776367
2021-02-19,90.36000061035156,22.049999237060547,1.3450000286102295,59.2400016784668
2021-02-20,90.36000061035156,22.049999237060547,1.3450000286102295,59.2400016784668
2021-02-21,90.36000061035156,22.049999237060547,1.3450000286102295,59.2400016784668
2021-02-22,90.01000213623047,23.450000762939453,1.3700000047683716,61.4900016784668
2021-02-23,90.16999816894531,23.110000610351562,1.3619999885559082,61.66999816894531
2021-02-24,90.18000030517578,21.34000015258789,1.3890000581741333,63.220001220703125
2021-02-25,90.12999725341797,28.889999389648438,1.5180000066757202,63.529998779296875
2021-02-26,90.93000030517578,27.950000762939453,1.4600000381469727,61.5
2021-02-27,90.93000030517578,27.950000762939453,1.4600000381469727,61.5
2021-02-28,90.93000030517578,27.950000762939453,1.4600000381469727,61.5
2021-03-01,91.04000091552734,23.350000381469727,1.4459999799728394,60.63999938964844
2021-03-02,90.79000091552734,24.100000381469727,1.4149999618530273,59.75
2021-03-03,90.94999694824219,26.670000076293945,1.4700000286102295,61.279998779296875
2021-03-04,91.62999725341797,28.56999969482422,1.5499999523162842,63.83000183105469
2021-03-05,91.9800033569336,24.65999984741211,1.5540000200271606,66.08999633789062
2021-03-06,91.9800033569336,24.65999984741211,1.5540000200271606,66.08999633789062
2021-03-07,91.9800033569336,24.65999984741211,1.5540000200271606,66.08999633789062
2021-03-08,92.30999755859375,25.469999313354492,1.5959999561309814,65.05000305175781
2021-03-09,91.95999908447266,24.030000686645508,1.5460000038146973,64.01000213623047
2021-03-10,91.79000091552734,22.559999465942383,1.5199999809265137,64.44000244140625
2021-03-11,91.41999816894531,21.90999984741211,1.5269999504089355,66.0199966430664
2021-03-12,91.68000030517578,20.690000534057617,1.6349999904632568,65.61000061035156
2021-03-13,91.68000030517578,20.690000534057617,1.6349999904632568,65.61000061035156
2021-03-14,91.68000030517578,20.690000534057617,1.6349999904632568,65.61000061035156
2021-03-15,91.83000183105469,20.030000686645508,1.6069999933242798,65.38999938964844
2021-03-16,91.87000274658203,19.790000915527344,1.621000051498413,64.80000305175781
2021-03-17,91.4000015258789,19.229999542236328,1.6410000324249268,64.5999984741211
2021-03-18,91.8499984741211,21.579999923706055,1.7300000190734863,60.0
2021-03-19,91.91999816894531,20.950000762939453,1.7319999933242798,61.41999816894531
2021-03-20,91.91999816894531,20.950000762939453,1.7319999933242798,61.41999816894531
2021-03-21,91.91999816894531,20.950000762939453,1.7319999933242798,61.41999816894531
2021-03-22,91.80000305175781,18.8799991607666,1.684000015258789,61.54999923706055
2021-03-23,92.33999633789062,20.299999237060547,1.6380000114440918,57.7599983215332
2021-03-24,92.52999877929688,21.200000762939453,1.6139999628067017,61.18000030517578
2021-03-25,92.87999725341797,19.809999465942383,1.6139999628067017,58.560001373291016
2021-03-26,92.7699966430664,18.860000610351562,1.659999966621399,60.970001220703125
2021-03-27,92.7699966430664,18.860000610351562,1.659999966621399,60.970001220703125
2021-03-28,92.7699966430664,18.860000610351562,1.659999966621399,60.970001220703125
2021-03-29,92.94000244140625,20.739999771118164,1.7209999561309814,61.560001373291016
2021-03-30,93.30000305175781,19.610000610351562,1.7259999513626099,60.54999923706055
2021-03-31,93.2300033569336,19.399999618530273,1.746000051498413,59.15999984741211
2021-04-01,92.93000030517578,17.329999923706055,1.6790000200271606,61.45000076293945
2021-04-02,92.93000030517578,17.329999923706055,1.6790000200271606,61.45000076293945
2021-04-03,92.93000030517578,17.329999923706055,1.6790000200271606,61.45000076293945
2021-04-04,92.93000030517578,17.329999923706055,1.6790000200271606,61.45000076293945
2021-04-05,92.5999984741211,17.90999984741211,1.7200000286102295,58.650001525878906
2021-04-06,92.33999633789062,18.1200008392334,1.656000018119812,59.33000183105469
2021-04-07,92.45999908447266,17.15999984741211,1.652999997138977,59.77000045776367
2021-04-08,92.05999755859375,16.950000762939453,1.6319999694824219,59.599998474121094
2021-04-09,92.16000366210938,16.690000534057617,1.6660000085830688,59.31999969482422
2021-04-10,92.16000366210938,16.690000534057617,1.6660000085830688,59.31999969482422
2021-04-11,92.16000366210938,16.690000534057617,1.6660000085830688,59.31999969482422
2021-04-12,92.13999938964844,16.90999984741211,1.6749999523162842,59.70000076293945
2021-04-13,91.8499984741211,16.649999618530273,1.6230000257492065,60.18000030517578
2021-04-14,91.69000244140625,16.989999771118164,1.6380000114440918,63.150001525878906
2021-04-15,91.66999816894531,16.56999969482422,1.5299999713897705,63.459999084472656
2021-04-16,91.55999755859375,16.25,1.5729999542236328,63.130001068115234
2021-04-17,91.55999755859375,16.25,1.5729999542236328,63.130001068115234
2021-04-18,91.55999755859375,16.25,1.5729999542236328,63.130001068115234
2021-04-19,91.06999969482422,17.290000915527344,1.6009999513626099,63.380001068115234
2021-04-20,91.23999786376953,18.68000030517578,1.562000036239624,62.439998626708984
2021-04-21,91.16000366210938,17.5,1.5640000104904175,61.349998474121094
2021-04-22,91.33000183105469,18.709999084472656,1.5540000200271606,61.43000030517578
2021-04-23,90.86000061035156,17.329999923706055,1.5670000314712524,62.13999938964844
2021-04-24,90.86000061035156,17.329999923706055,1.5670000314712524,62.13999938964844
2021-04-25,90.86000061035156,17.329999923706055,1.5670000314712524,62.13999938964844
2021-04-26,90.80999755859375,17.639999389648438,1.5700000524520874,61.90999984741211
2021-04-27,90.91000366210938,17.559999465942383,1.621999979019165,62.939998626708984
2021-04-28,90.61000061035156,17.280000686645508,1.6200000047683716,63.86000061035156
2021-04-29,90.61000061035156,17.610000610351562,1.6399999856948853,65.01000213623047
2021-04-30,91.27999877929688,18.610000610351562,1.63100004196167,63.58000183105469
2021-05-01,91.27999877929688,18.610000610351562,1.63100004196167,63.58000183105469
2021-05-02,91.27999877929688,18.610000610351562,1.63100004196167,63.58000183105469
2021-05-03,90.94999694824219,18.309999465942383,1.6069999933242798,64.48999786376953
2021-05-04,91.29000091552734,19.479999542236328,1.5920000076293945,65.69000244140625
2021-05-05,91.30999755859375,19.149999618530273,1.5839999914169312,65.62999725341797
2021-05-06,90.94999694824219,18.389999389648438,1.5609999895095825,64.70999908447266
2021-05-07,90.2300033569336,16.690000534057617,1.5770000219345093,64.9000015258789
2021-05-08,90.2300033569336,16.690000534057617,1.5770000219345093,64.9000015258789
2021-05-09,90.2300033569336,16.690000534057617,1.5770000219345093,64.9000015258789
2021-05-10,90.20999908447266,19.65999984741211,1.6019999980926514,64.91999816894531
2021-05-11,90.13999938964844,21.84000015258789,1.6239999532699585,65.27999877929688
2021-05-12,90.70999908447266,27.59000015258789,1.6950000524520874,66.08000183105469
2021-05-13,90.75,23.1299991607666,1.6679999828338623,63.81999969482422
2021-05-14,90.31999969482422,18.809999465942383,1.6349999904632568,65.37000274658203
2021-05-15,90.31999969482422,18.809999465942383,1.6349999904632568,65.37000274658203
2021-05-16,90.31999969482422,18.809999465942383,1.6349999904632568,65.37000274658203
2021-05-17,90.22000122070312,19.719999313354492,1.6399999856948853,66.2699966430664
2021-05-18,89.75,21.34000015258789,1.6419999599456787,65.48999786376953
2021-05-19,90.19000244140625,22.18000030517578,1.6829999685287476,63.36000061035156
2021-05-20,89.80999755859375,20.670000076293945,1.6339999437332153,62.04999923706055
2021-05-21,90.0199966430664,20.149999618530273,1.6319999694824219,63.58000183105469
2021-05-22,90.0199966430664,20.149999618530273,1.6319999694824219,63.58000183105469
2021-05-23,90.0199966430664,20.149999618530273,1.6319999694824219,63.58000183105469
2021-05-24,89.83000183105469,18.399999618530273,1.6080000400543213,66.05000305175781
2021-05-25,89.63999938964844,18.84000015258789,1.5640000104904175,66.06999969482422
2021-05-26,90.04000091552734,17.360000610351562,1.5740000009536743,66.20999908447266
2021-05-27,89.97000122070312,16.739999771118164,1.6100000143051147,66.8499984741211
2021-05-28,90.02999877929688,16.760000228881836,1.5809999704360962,66.31999969482422
2021-05-29,90.02999877929688,16.760000228881836,1.5809999704360962,66.31999969482422
2021-05-30,90.02999877929688,16.760000228881836,1.5809999704360962,66.31999969482422
2021-05-31,90.02999877929688,16.760000228881836,1.5809999704360962,66.31999969482422
2021-06-01,89.83000183105469,17.899999618530273,1.6150000095367432,67.72000122070312
2021-06-02,89.9000015258789,17.479999542236328,1.590999960899353,68.83000183105469
2021-06-03,90.5,18.040000915527344,1.625,68.80999755859375
2021-06-04,90.13999938964844,16.420000076293945,1.559999942779541,69.62000274658203
2021-06-05,90.13999938964844,16.420000076293945,1.559999942779541,69.62000274658203
2021-06-06,90.13999938964844,16.420000076293945,1.559999942779541,69.62000274658203
2021-06-07,89.94999694824219,16.420000076293945,1.569000005722046,69.2300033569336
2021-06-08,90.08000183105469,17.06999969482422,1.527999997138977,70.05000305175781
2021-06-09,90.12000274658203,17.889999389648438,1.4889999628067017,69.95999908447266
2021-06-10,90.08000183105469,16.100000381469727,1.4589999914169312,70.29000091552734
2021-06-11,90.55999755859375,15.649999618530273,1.4620000123977661,70.91000366210938
2021-06-12,90.55999755859375,15.649999618530273,1.4620000123977661,70.91000366210938
2021-06-13,90.55999755859375,15.649999618530273,1.4620000123977661,70.91000366210938
2021-06-14,90.5199966430664,16.389999389648438,1.5010000467300415,70.87999725341797
2021-06-15,90.54000091552734,17.020000457763672,1.4989999532699585,72.12000274658203
2021-06-16,91.12999725341797,18.149999618530273,1.569000005722046,72.1500015258789
2021-06-17,91.88999938964844,17.75,1.5110000371932983,71.04000091552734
2021-06-18,92.2300033569336,20.700000762939453,1.4500000476837158,71.63999938964844
2021-06-19,92.2300033569336,20.700000762939453,1.4500000476837158,71.63999938964844
2021-06-20,92.2300033569336,20.700000762939453,1.4500000476837158,71.63999938964844
2021-06-21,91.86000061035156,17.889999389648438,1.4839999675750732,73.66000366210938
2021-06-22,91.7300033569336,16.65999984741211,1.472000002861023,73.05999755859375
2021-06-23,91.80000305175781,16.31999969482422,1.4869999885559082,73.08000183105469
2021-06-24,91.81999969482422,15.970000267028809,1.4869999885559082,73.30000305175781
2021-06-25,91.80999755859375,15.619999885559082,1.5360000133514404,74.05000305175781
2021-06-26,91.80999755859375,15.619999885559082,1.5360000133514404,74.05000305175781
2021-06-27,91.80999755859375,15.619999885559082,1.5360000133514404,74.05000305175781
2021-06-28,91.87999725341797,15.760000228881836,1.4780000448226929,72.91000366210938
2021-06-29,92.05000305175781,16.020000457763672,1.4800000190734863,72.9800033569336
2021-06-30,92.44000244140625,15.829999923706055,1.4429999589920044,73.47000122070312
2021-07-01,92.5999984741211,15.479999542236328,1.4800000190734863,75.2300033569336
2021-07-02,92.2300033569336,15.069999694824219,1.430999994277954,75.16000366210938
2021-07-03,92.2300033569336,15.069999694824219,1.430999994277954,75.16000366210938
2021-07-04,92.2300033569336,15.069999694824219,1.430999994277954,75.16000366210938
2021-07-05,92.2300033569336,15.069999694824219,1.430999994277954,75.16000366210938
2021-07-06,92.55000305175781,16.440000534057617,1.3700000047683716,73.37000274658203
2021-07-07,92.63999938964844,16.200000762939453,1.3209999799728394,72.19999694824219
2021-07-08,92.36000061035156,19.0,1.2879999876022339,72.94000244140625
2021-07-09,92.12999725341797,16.18000030517578,1.3559999465942383,74.55999755859375
2021-07-10,92.12999725341797,16.18000030517578,1.3559999465942383,74.55999755859375
2021-07-11,92.12999725341797,16.18000030517578,1.3559999465942383,74.55999755859375
2021-07-12,92.2300033569336,16.170000076293945,1.3630000352859497,74.0999984741211
2021-07-13,92.75,17.1200008392334,1.4149999618530273,75.25
2021-07-14,92.41000366210938,16.329999923706055,1.3559999465942383,73.12999725341797
2021-07-15,92.62000274658203,17.010000228881836,1.2970000505447388,71.6500015258789
2021-07-16,92.69000244140625,18.450000762939453,1.2999999523162842,71.80999755859375
2021-07-17,92.69000244140625,18.450000762939453,1.2999999523162842,71.80999755859375
2021-07-18,92.69000244140625,18.450000762939453,1.2999999523162842,71.80999755859375
2021-07-19,92.88999938964844,22.5,1.180999994277954,66.41999816894531
2021-07-20,92.97000122070312,19.729999542236328,1.2089999914169312,67.41999816894531
2021-07-21,92.75,17.90999984741211,1.2799999713897705,70.30000305175781
2021-07-22,92.81999969482422,17.690000534057617,1.2649999856948853,71.91000366210938
2021-07-23,92.91000366210938,17.200000762939453,1.2860000133514404,72.06999969482422
2021-07-24,92.91000366210938,17.200000762939453,1.2860000133514404,72.06999969482422
2021-07-25,92.91000366210938,17.200000762939453,1.2860000133514404,72.06999969482422
2021-07-26,92.6500015258789,17.579999923706055,1.2760000228881836,71.91000366210938
2021-07-27,92.43000030517578,19.360000610351562,1.2339999675750732,71.6500015258789
2021-07-28,92.31999969482422,18.309999465942383,1.2610000371932983,72.38999938964844
2021-07-29,91.86000061035156,17.700000762939453,1.2690000534057617,73.62000274658203
2021-07-30,92.16999816894531,18.239999771118164,1.2389999628067017,73.94999694824219
2021-07-31,92.16999816894531,18.239999771118164,1.2389999628067017,73.94999694824219
2021-08-01,92.16999816894531,18.239999771118164,1.2389999628067017,73.94999694824219
2021-08-02,92.05000305175781,19.459999084472656,1.1740000247955322,71.26000213623047
2021-08-03,92.08000183105469,18.040000915527344,1.1759999990463257,70.55999755859375
2021-08-04,92.2699966430664,17.969999313354492,1.184000015258789,68.1500015258789
2021-08-05,92.23999786376953,17.280000686645508,1.2170000076293945,69.08999633789062
2021-08-06,92.80000305175781,16.149999618530273,1.2899999618530273,68.27999877929688
2021-08-07,92.80000305175781,16.149999618530273,1.2899999618530273,68.27999877929688
2021-08-08,92.80000305175781,16.149999618530273,1.2899999618530273,68.27999877929688
2021-08-09,92.94999694824219,16.719999313354492,1.3170000314712524,66.4800033569336
2021-08-10,93.05999755859375,16.790000915527344,1.3420000076293945,68.29000091552734
2021-08-11,92.91000366210938,16.170000076293945,1.3289999961853027,69.25
2021-08-12,93.04000091552734,15.59000015258789,1.3669999837875366,69.08999633789062
2021-08-13,92.5199966430664,15.449999809265137,1.2970000505447388,68.44000244140625
2021-08-14,92.5199966430664,15.449999809265137,1.2970000505447388,68.44000244140625
2021-08-15,92.5199966430664,15.449999809265137,1.2970000505447388,68.44000244140625
2021-08-16,92.62999725341797,16.1200008392334,1.2569999694824219,67.29000091552734
2021-08-17,93.12999725341797,17.90999984741211,1.2580000162124634,66.58999633789062
2021-08-18,93.13999938964844,21.56999969482422,1.2730000019073486,65.45999908447266
2021-08-19,93.56999969482422,21.670000076293945,1.2419999837875366,63.689998626708984
2021-08-20,93.5,18.559999465942383,1.2599999904632568,62.31999969482422
2021-08-21,93.5,18.559999465942383,1.2599999904632568,62.31999969482422
2021-08-22,93.5,18.559999465942383,1.2599999904632568,62.31999969482422
2021-08-23,92.95999908447266,17.149999618530273,1.2549999952316284,65.63999938964844
2021-08-24,92.88999938964844,17.219999313354492,1.2899999618530273,67.54000091552734
2021-08-25,92.83000183105469,16.790000915527344,1.3420000076293945,68.36000061035156
2021-08-26,93.05999755859375,18.84000015258789,1.3420000076293945,67.41999816894531
2021-08-27,92.69000244140625,16.389999389648438,1.312000036239624,68.73999786376953
2021-08-28,92.69000244140625,16.389999389648438,1.312000036239624,68.73999786376953
2021-08-29,92.69000244140625,16.389999389648438,1.312000036239624,68.73999786376953
2021-08-30,92.6500015258789,16.190000534057617,1.284999966621399,69.20999908447266
2021-08-31,92.62999725341797,16.479999542236328,1.3040000200271606,68.5
2021-09-01,92.44999694824219,16.110000610351562,1.3020000457763672,68.58999633789062
2021-09-02,92.2300033569336,16.40999984741211,1.2940000295639038,69.98999786376953
2021-09-03,92.04000091552734,16.40999984741211,1.3220000267028809,69.29000091552734
2021-09-04,92.04000091552734,16.40999984741211,1.3220000267028809,69.29000091552734
2021-09-05,92.04000091552734,16.40999984741211,1.3220000267028809,69.29000091552734
2021-09-06,92.04000091552734,16.40999984741211,1.3220000267028809,69.29000091552734
2021-09-07,92.5199966430664,18.139999389648438,1.3700000047683716,68.3499984741211
2021-09-08,92.6500015258789,17.959999084472656,1.3339999914169312,69.30000305175781
2021-09-09,92.4800033569336,18.799999237060547,1.2990000247955322,68.13999938964844
2021-09-10,92.58000183105469,20.950000762939453,1.340999960899353,69.72000122070312
2021-09-11,92.58000183105469,20.950000762939453,1.340999960899353,69.72000122070312
2021-09-12,92.58000183105469,20.950000762939453,1.340999960899353,69.72000122070312
2021-09-13,92.62000274658203,19.3700008392334,1.3240000009536743,70.44999694824219
2021-09-14,92.6500015258789,19.459999084472656,1.2769999504089355,70.45999908447266
2021-09-15,92.48999786376953,18.18000030517578,1.3040000200271606,72.61000061035156
2021-09-16,92.86000061035156,18.690000534057617,1.3309999704360962,72.61000061035156
2021-09-17,93.19999694824219,20.809999465942383,1.3700000047683716,71.97000122070312
2021-09-18,93.19999694824219,20.809999465942383,1.3700000047683716,71.97000122070312
2021-09-19,93.19999694824219,20.809999465942383,1.3700000047683716,71.97000122070312
2021-09-20,93.23999786376953,25.709999084472656,1.309000015258789,70.29000091552734
2021-09-21,93.19999694824219,24.360000610351562,1.3240000009536743,70.55999755859375
2021-09-22,93.45999908447266,20.8700008392334,1.3359999656677246,72.2300033569336
2021-09-23,93.0999984741211,18.6299991607666,1.409999966621399,73.30000305175781
2021-09-24,93.33000183105469,17.75,1.4600000381469727,73.9800033569336
2021-09-25,93.33000183105469,17.75,1.4600000381469727,73.9800033569336
2021-09-26,93.33000183105469,17.75,1.4600000381469727,73.9800033569336
2021-09-27,93.37999725341797,18.760000228881836,1.4839999675750732,75.44999694824219
2021-09-28,93.7699966430664,23.25,1.534000039100647,75.29000091552734
2021-09-29,94.33999633789062,22.559999465942383,1.5410000085830688,74.83000183105469
2021-09-30,94.25,23.139999389648438,1.5290000438690186,75.02999877929688
2021-10-01,94.04000091552734,21.100000381469727,1.4789999723434448,75.87999725341797
2021-10-02,94.04000091552734,21.100000381469727,1.4789999723434448,75.87999725341797
2021-10-03,94.04000091552734,21.100000381469727,1.4789999723434448,75.87999725341797
2021-10-04,93.80999755859375,22.959999084472656,1.4809999465942383,77.62000274658203
2021-10-05,93.9800033569336,21.299999237060547,1.5290000438690186,78.93000030517578
2021-10-06,94.2699966430664,21.0,1.5240000486373901,77.43000030517578
2021-10-07,94.22000122070312,19.540000915527344,1.5709999799728394,78.30000305175781
2021-10-08,94.06999969482422,18.770000457763672,1.6050000190734863,79.3499984741211
2021-10-09,94.06999969482422,18.770000457763672,1.6050000190734863,79.3499984741211
2021-10-10,94.06999969482422,18.770000457763672,1.6050000190734863,79.3499984741211
2021-10-11,94.31999969482422,20.0,1.6139999628067017,80.5199966430664
2021-10-12,94.5199966430664,19.850000381469727,1.5800000429153442,80.63999938964844
2021-10-13,94.08000183105469,18.639999389648438,1.5490000247955322,80.44000244140625
2021-10-14,93.95999908447266,16.860000610351562,1.5190000534057617,81.30999755859375
2021-10-15,93.94000244140625,16.299999237060547,1.5759999752044678,82.27999877929688
2021-10-16,93.94000244140625,16.299999237060547,1.5759999752044678,82.27999877929688
2021-10-17,93.94000244140625,16.299999237060547,1.5759999752044678,82.27999877929688
2021-10-18,93.94999694824219,16.309999465942383,1.5839999914169312,82.44000244140625
2021-10-19,93.79000091552734,15.699999809265137,1.6349999904632568,82.95999908447266
2021-10-20,93.55999755859375,15.489999771118164,1.6360000371932983,83.87000274658203
2021-10-21,93.7699966430664,15.010000228881836,1.6759999990463257,82.5
2021-10-22,93.61000061035156,15.430000305175781,1.6549999713897705,83.76000213623047
2021-10-23,93.61000061035156,15.430000305175781,1.6549999713897705,83.76000213623047
2021-10-24,93.61000061035156,15.430000305175781,1.6549999713897705,83.76000213623047
2021-10-25,93.80999755859375,15.239999771118164,1.6349999904632568,83.76000213623047
2021-10-26,93.94999694824219,15.979999542236328,1.61899995803833,84.6500015258789
2021-10-27,93.86000061035156,16.979999542236328,1.5290000438690186,82.66000366210938
2021-10-28,93.3499984741211,16.530000686645508,1.5679999589920044,82.80999755859375
2021-10-29,94.12000274658203,16.260000228881836,1.5570000410079956,83.56999969482422
2021-10-30,94.12000274658203,16.260000228881836,1.5570000410079956,83.56999969482422
2021-10-31,94.12000274658203,16.260000228881836,1.5570000410079956,83.56999969482422
2021-11-01,93.87999725341797,16.40999984741211,1.5750000476837158,84.05000305175781
2021-11-02,94.08999633789062,16.030000686645508,1.5490000247955322,83.91000366210938
2021-11-03,93.86000061035156,15.100000381469727,1.5789999961853027,80.86000061035156
2021-11-04,94.3499984741211,15.4399995803833,1.5240000486373901,78.80999755859375
2021-11-05,94.31999969482422,16.479999542236328,1.4529999494552612,81.2699966430664
2021-11-06,94.31999969482422,16.479999542236328,1.4529999494552612,81.2699966430664
2021-11-07,94.31999969482422,16.479999542236328,1.4529999494552612,81.2699966430664
2021-11-08,94.05000305175781,17.219999313354492,1.496999979019165,81.93000030517578
2021-11-09,93.95999908447266,17.780000686645508,1.4320000410079956,84.1500015258789
2021-11-10,94.8499984741211,18.729999542236328,1.559999942779541,81.33999633789062
2021-11-11,95.18000030517578,17.65999984741211,1.559999942779541,81.58999633789062
2021-11-12,95.12999725341797,16.290000915527344,1.5820000171661377,80.79000091552734
2021-11-13,95.12999725341797,16.290000915527344,1.5820000171661377,80.79000091552734
2021-11-14,95.12999725341797,16.290000915527344,1.5820000171661377,80.79000091552734
2021-11-15,95.41000366210938,16.489999771118164,1.6230000257492065,80.87999725341797
2021-11-16,95.91999816894531,16.3700008392334,1.6339999437332153,80.76000213623047
2021-11-17,95.83000183105469,17.110000610351562,1.6039999723434448,78.36000061035156
2021-11-18,95.54000091552734,17.59000015258789,1.5889999866485596,79.01000213623047
2021-11-19,96.06999969482422,17.90999984741211,1.5360000133514404,76.0999984741211
2021-11-20,96.06999969482422,17.90999984741211,1.5360000133514404,76.0999984741211
2021-11-21,96.06999969482422,17.90999984741211,1.5360000133514404,76.0999984741211
2021-11-22,96.5,19.170000076293945,1.625,76.75
2021-11-23,96.48999786376953,19.3799991607666,1.6670000553131104,78.5
2021-11-24,96.83999633789062,18.579999923706055,1.6449999809265137,78.38999938964844
2021-11-25,96.83999633789062,18.579999923706055,1.6449999809265137,78.38999938964844
2021-11-26,96.08999633789062,28.6200008392334,1.4819999933242798,68.1500015258789
2021-11-27,96.08999633789062,28.6200008392334,1.4819999933242798,68.1500015258789
2021-11-28,96.08999633789062,28.6200008392334,1.4819999933242798,68.1500015258789
2021-11-29,96.33999633789062,22.959999084472656,1.5299999713897705,69.94999694824219
2021-11-30,95.98999786376953,27.190000534057617,1.4429999589920044,66.18000030517578
2021-12-01,96.05000305175781,31.1200008392334,1.434000015258789,65.56999969482422
2021-12-02,96.12999725341797,27.950000762939453,1.4479999542236328,66.5
2021-12-03,96.12000274658203,30.670000076293945,1.343000054359436,66.26000213623047
2021-12-04,96.12000274658203,30.670000076293945,1.343000054359436,66.26000213623047
2021-12-05,96.12000274658203,30.670000076293945,1.343000054359436,66.26000213623047
2021-12-06,96.29000091552734,27.18000030517578,1.434000015258789,69.48999786376953
2021-12-07,96.37000274658203,21.889999389648438,1.4800000190734863,72.05000305175781
2021-12-08,95.88999938964844,19.899999618530273,1.5089999437332153,72.36000061035156
2021-12-09,96.2699966430664,21.579999923706055,1.4869999885559082,70.94000244140625
2021-12-10,96.05000305175781,18.690000534057617,1.4889999628067017,71.66999816894531
2021-12-11,96.05000305175781,18.690000534057617,1.4889999628067017,71.66999816894531
2021-12-12,96.05000305175781,18.690000534057617,1.4889999628067017,71.66999816894531
2021-12-13,96.31999969482422,20.309999465942383,1.4240000247955322,71.29000091552734
2021-12-14,96.56999969482422,21.889999389648438,1.437999963760376,70.7300033569336
2021-12-15,96.51000213623047,19.290000915527344,1.4630000591278076,70.87000274658203
2021-12-16,96.04000091552734,20.56999969482422,1.4220000505447388,72.37999725341797
2021-12-17,96.56999969482422,21.56999969482422,1.4019999504089355,70.86000061035156
2021-12-18,96.56999969482422,21.56999969482422,1.4019999504089355,70.86000061035156
2021-12-19,96.56999969482422,21.56999969482422,1.4019999504089355,70.86000061035156
2021-12-20,96.55000305175781,22.8700008392334,1.4190000295639038,68.2300033569336
2021-12-21,96.48999786376953,21.010000228881836,1.4869999885559082,71.12000274658203
2021-12-22,96.08000183105469,18.6299991607666,1.4570000171661377,72.76000213623047
2021-12-23,96.0199966430664,17.959999084472656,1.4930000305175781,73.79000091552734
2021-12-24,96.0199966430664,17.959999084472656,1.4930000305175781,73.79000091552734
2021-12-25,96.0199966430664,17.959999084472656,1.4930000305175781,73.79000091552734
2021-12-26,96.0199966430664,17.959999084472656,1.4930000305175781,73.79000091552734
2021-12-27,96.08999633789062,17.68000030517578,1.4809999465942383,75.56999969482422
2021-12-28,96.19999694824219,17.540000915527344,1.4809999465942383,75.9800033569336
2021-12-29,95.93000030517578,16.950000762939453,1.5429999828338623,76.55999755859375
2021-12-30,95.97000122070312,17.329999923706055,1.5149999856948853,76.98999786376953
2021-12-31,95.66999816894531,17.219999313354492,1.5119999647140503,75.20999908447266
2022-01-01,95.66999816894531,17.219999313354492,1.5119999647140503,75.20999908447266
2022-01-02,95.66999816894531,17.219999313354492,1.5119999647140503,75.20999908447266
2022-01-03,96.23999786376953,16.600000381469727,1.628000020980835,76.08000183105469
2022-01-04,96.29000091552734,16.90999984741211,1.6679999828338623,76.98999786376953
2022-01-05,96.19000244140625,19.729999542236328,1.7050000429153442,77.8499984741211
2022-01-06,96.25,19.610000610351562,1.7330000400543213,79.45999908447266
2022-01-07,95.73999786376953,18.760000228881836,1.7710000276565552,78.9000015258789
2022-01-08,95.73999786376953,18.760000228881836,1.7710000276565552,78.9000015258789
2022-01-09,95.73999786376953,18.760000228881836,1.7710000276565552,78.9000015258789
2022-01-10,95.98999786376953,19.399999618530273,1.7799999713897705,78.2300033569336
2022-01-11,95.62000274658203,18.40999984741211,1.746000051498413,81.22000122070312
2022-01-12,95.0,17.6200008392334,1.725000023841858,82.63999938964844
2022-01-13,94.79000091552734,20.309999465942383,1.7109999656677246,82.12000274658203
2022-01-14,95.16999816894531,19.190000534057617,1.7719999551773071,83.81999969482422
2022-01-15,95.16999816894531,19.190000534057617,1.7719999551773071,83.81999969482422
2022-01-16,95.16999816894531,19.190000534057617,1.7719999551773071,83.81999969482422
2022-01-17,95.16999816894531,19.190000534057617,1.7719999551773071,83.81999969482422
2022-01-18,95.7300033569336,22.790000915527344,1.8650000095367432,85.43000030517578
2022-01-19,95.51000213623047,23.850000381469727,1.8270000219345093,86.95999908447266
2022-01-20,95.73999786376953,25.59000015258789,1.8329999446868896,86.9000015258789
2022-01-21,95.63999938964844,28.850000381469727,1.746999979019165,85.13999938964844
2022-01-22,95.63999938964844,28.850000381469727,1.746999979019165,85.13999938964844
2022-01-23,95.63999938964844,28.850000381469727,1.746999979019165,85.13999938964844
2022-01-24,95.91999816894531,29.899999618530273,1.7350000143051147,83.30999755859375
2022-01-25,95.94999694824219,31.15999984741211,1.7829999923706055,85.5999984741211
2022-01-26,96.48999786376953,31.959999084472656,1.8480000495910645,87.3499984741211
2022-01-27,97.26000213623047,30.489999771118164,1.8070000410079956,86.61000061035156
2022-01-28,97.2699966430664,27.65999984741211,1.781999945640564,86.81999969482422
2022-01-29,97.2699966430664,27.65999984741211,1.781999945640564,86.81999969482422
2022-01-30,97.2699966430664,27.65999984741211,1.781999945640564,86.81999969482422
2022-01-31,96.54000091552734,24.829999923706055,1.781999945640564,88.1500015258789
2022-02-01,96.38999938964844,21.959999084472656,1.7999999523162842,88.19999694824219
2022-02-02,95.94000244140625,22.09000015258789,1.7660000324249268,88.26000213623047
2022-02-03,95.37999725341797,24.350000381469727,1.8270000219345093,90.2699966430664
2022-02-04,95.4800033569336,23.219999313354492,1.9299999475479126,92.30999755859375
2022-02-05,95.4800033569336,23.219999313354492,1.9299999475479126,92.30999755859375
2022-02-06,95.4800033569336,23.219999313354492,1.9299999475479126,92.30999755859375
2022-02-07,95.4000015258789,22.860000610351562,1.9160000085830688,91.31999969482422
2022-02-08,95.63999938964844,21.440000534057617,1.9539999961853027,89.36000061035156
2022-02-09,95.48999786376953,19.959999084472656,1.9290000200271606,89.66000366210938
2022-02-10,95.55000305175781,23.90999984741211,2.0309998989105225,89.87999725341797
2022-02-11,96.08000183105469,27.360000610351562,1.9550000429153442,93.0999984741211
2022-02-12,96.08000183105469,27.360000610351562,1.9550000429153442,93.0999984741211
2022-02-13,96.08000183105469,27.360000610351562,1.9550000429153442,93.0999984741211
2022-02-14,96.37000274658203,28.329999923706055,1.996000051498413,95.45999908447266
2022-02-15,95.98999786376953,25.700000762939453,2.0450000762939453,92.06999969482422
2022-02-16,95.69999694824219,24.290000915527344,2.046999931335449,93.66000366210938
2022-02-17,95.80000305175781,28.110000610351562,1.972000002861023,91.76000213623047
2022-02-18,96.04000091552734,27.75,1.9320000410079956,91.06999969482422
2022-02-19,96.04000091552734,27.75,1.9320000410079956,91.06999969482422
2022-02-20,96.04000091552734,27.75,1.9320000410079956,91.06999969482422
2022-02-21,96.04000091552734,27.75,1.9320000410079956,91.06999969482422
2022-02-22,96.02999877929688,28.809999465942383,1.9479999542236328,92.3499984741211
2022-02-23,96.19000244140625,31.020000457763672,1.9769999980926514,92.0999984741211
2022-02-24,97.13999938964844,30.31999969482422,1.968999981880188,92.80999755859375
2022-02-25,96.62000274658203,27.59000015258789,1.9859999418258667,91.58999633789062
2022-02-26,96.62000274658203,27.59000015258789,1.9859999418258667,91.58999633789062
2022-02-27,96.62000274658203,27.59000015258789,1.9859999418258667,91.58999633789062
2022-02-28,96.70999908447266,30.149999618530273,1.8389999866485596,95.72000122070312
2022-03-01,97.41000366210938,33.31999969482422,1.7070000171661377,103.41000366210938
2022-03-02,97.38999938964844,30.739999771118164,1.8650000095367432,110.5999984741211
2022-03-03,97.79000091552734,30.479999542236328,1.843999981880188,107.66999816894531
2022-03-04,98.6500015258789,31.979999542236328,1.7239999771118164,115.68000030517578
2022-03-05,98.6500015258789,31.979999542236328,1.7239999771118164,115.68000030517578
2022-03-06,98.6500015258789,31.979999542236328,1.7239999771118164,115.68000030517578
2022-03-07,99.29000091552734,36.45000076293945,1.7510000467300415,119.4000015258789
2022-03-08,99.05999755859375,35.130001068115234,1.871999979019165,123.69999694824219
2022-03-09,97.97000122070312,32.45000076293945,1.9479999542236328,108.69999694824219
2022-03-10,98.51000213623047,30.229999542236328,2.010999917984009,106.0199966430664
2022-03-11,99.12000274658203,30.75,2.003999948501587,109.33000183105469
2022-03-12,99.12000274658203,30.75,2.003999948501587,109.33000183105469
2022-03-13,99.12000274658203,30.75,2.003999948501587,109.33000183105469
2022-03-14,99.05999755859375,31.770000457763672,2.140000104904175,103.01000213623047
2022-03-15,99.06999969482422,29.829999923706055,2.1600000858306885,96.44000244140625
2022-03-16,98.37999725341797,26.670000076293945,2.187999963760376,95.04000091552734
2022-03-17,98.01000213623047,25.670000076293945,2.191999912261963,102.9800033569336
2022-03-18,98.2300033569336,23.8700008392334,2.1480000019073486,104.69999694824219
2022-03-19,98.2300033569336,23.8700008392334,2.1480000019073486,104.69999694824219
2022-03-20,98.2300033569336,23.8700008392334,2.1480000019073486,104.69999694824219
2022-03-21,98.5,23.530000686645508,2.315000057220459,112.12000274658203
2022-03-22,98.48999786376953,22.940000534057617,2.372999906539917,111.76000213623047
2022-03-23,98.62000274658203,23.56999969482422,2.321000099182129,114.93000030517578
2022-03-24,98.79000091552734,21.670000076293945,2.3410000801086426,112.33999633789062
2022-03-25,98.80999755859375,20.809999465942383,2.492000102996826,113.9000015258789
2022-03-26,98.80999755859375,20.809999465942383,2.492000102996826,113.9000015258789
2022-03-27,98.80999755859375,20.809999465942383,2.492000102996826,113.9000015258789
2022-03-28,99.08999633789062,19.6299991607666,2.4769999980926514,105.95999908447266
2022-03-29,98.4000015258789,18.899999618530273,2.4000000953674316,104.23999786376953
2022-03-30,97.79000091552734,19.329999923706055,2.3580000400543213,107.81999969482422
2022-03-31,98.30999755859375,20.559999465942383,2.3269999027252197,100.27999877929688
2022-04-01,98.62999725341797,19.6299991607666,2.377000093460083,99.2699966430664
2022-04-02,98.62999725341797,19.6299991607666,2.377000093460083,99.2699966430664
2022-04-03,98.62999725341797,19.6299991607666,2.377000093460083,99.2699966430664
2022-04-04,98.98999786376953,18.56999969482422,2.4119999408721924,103.27999877929688
2022-04-05,99.47000122070312,21.030000686645508,2.555999994277954,101.95999908447266
2022-04-06,99.5999984741211,22.100000381469727,2.6089999675750732,96.2300033569336
2022-04-07,99.75,21.549999237060547,2.6519999504089355,96.02999877929688
2022-04-08,99.80000305175781,21.15999984741211,2.7130000591278076,98.26000213623047
2022-04-09,99.80000305175781,21.15999984741211,2.7130000591278076,98.26000213623047
2022-04-10,99.80000305175781,21.15999984741211,2.7130000591278076,98.26000213623047
2022-04-11,99.93000030517578,24.3700008392334,2.7799999713897705,94.29000091552734
2022-04-12,100.29000091552734,24.260000228881836,2.7249999046325684,100.5999984741211
2022-04-13,99.87999725341797,21.81999969482422,2.687000036239624,104.25
2022-04-14,100.31999969482422,22.700000762939453,2.828000068664551,106.94999694824219
2022-04-15,100.31999969482422,22.700000762939453,2.828000068664551,106.94999694824219
2022-04-16,100.31999969482422,22.700000762939453,2.828000068664551,106.94999694824219
2022-04-17,100.31999969482422,22.700000762939453,2.828000068664551,106.94999694824219
2022-04-18,100.77999877929688,22.170000076293945,2.861999988555908,108.20999908447266
2022-04-19,100.95999908447266,21.3700008392334,2.9130001068115234,102.55999755859375
2022-04-20,100.38999938964844,20.31999969482422,2.8399999141693115,102.75
2022-04-21,100.58000183105469,22.68000030517578,2.9170000553131104,103.79000091552734
2022-04-22,101.22000122070312,28.209999084472656,2.9059998989105225,102.06999969482422
2022-04-23,101.22000122070312,28.209999084472656,2.9059998989105225,102.06999969482422
2022-04-24,101.22000122070312,28.209999084472656,2.9059998989105225,102.06999969482422
2022-04-25,101.75,27.020000457763672,2.8259999752044678,98.54000091552734
2022-04-26,102.30000305175781,33.52000045776367,2.7720000743865967,101.69999694824219
2022-04-27,102.94999694824219,31.600000381469727,2.818000078201294,102.0199966430664
2022-04-28,103.62000274658203,29.989999771118164,2.86299991607666,105.36000061035156
2022-04-29,102.95999908447266,33.400001525878906,2.88700008392334,104.69000244140625
2022-04-30,102.95999908447266,33.400001525878906,2.88700008392334,104.69000244140625
2022-05-01,102.95999908447266,33.400001525878906,2.88700008392334,104.69000244140625
2022-05-02,103.73999786376953,32.34000015258789,2.996000051498413,105.16999816894531
2022-05-03,103.47000122070312,29.25,2.9600000381469727,102.41000366210938
2022-05-04,102.58999633789062,25.420000076293945,2.9170000553131104,107.80999755859375
2022-05-05,103.75,31.200000762939453,3.065999984741211,108.26000213623047
2022-05-06,103.66000366210938,30.190000534057617,3.122999906539917,109.7699966430664
2022-05-07,103.66000366210938,30.190000534057617,3.122999906539917,109.7699966430664
2022-05-08,103.66000366210938,30.190000534057617,3.122999906539917,109.7699966430664
2022-05-09,103.6500015258789,34.75,3.0789999961853027,103.08999633789062
2022-05-10,103.91999816894531,32.9900016784668,2.993000030517578,99.76000213623047
2022-05-11,103.8499984741211,32.560001373291016,2.9210000038146973,105.70999908447266
2022-05-12,104.8499984741211,31.770000457763672,2.816999912261963,106.12999725341797
2022-05-13,104.55999755859375,28.8700008392334,2.934999942779541,110.48999786376953
2022-05-14,104.55999755859375,28.8700008392334,2.934999942779541,110.48999786376953
2022-05-15,104.55999755859375,28.8700008392334,2.934999942779541,110.48999786376953
2022-05-16,104.19000244140625,27.469999313354492,2.877000093460083,114.19999694824219
2022-05-17,103.36000061035156,26.100000381469727,2.9679999351501465,112.4000015258789
2022-05-18,103.80999755859375,30.959999084472656,2.885999917984009,109.58999633789062
2022-05-19,102.72000122070312,29.350000381469727,2.8550000190734863,112.20999908447266
2022-05-20,103.1500015258789,29.43000030517578,2.7869999408721924,113.2300033569336
2022-05-21,103.1500015258789,29.43000030517578,2.7869999408721924,113.2300033569336
2022-05-22,103.1500015258789,29.43000030517578,2.7869999408721924,113.2300033569336
2022-05-23,102.08000183105469,28.479999542236328,2.8589999675750732,110.29000091552734
2022-05-24,101.86000061035156,29.450000762939453,2.759999990463257,109.7699966430664
2022-05-25,102.05999755859375,28.3700008392334,2.749000072479248,110.33000183105469
2022-05-26,101.83000183105469,27.5,2.75600004196167,114.08999633789062
2022-05-27,101.66999816894531,25.719999313354492,2.743000030517578,115.06999969482422
2022-05-28,101.66999816894531,25.719999313354492,2.743000030517578,115.06999969482422
2022-05-29,101.66999816894531,25.719999313354492,2.743000030517578,115.06999969482422
2022-05-30,101.66999816894531,25.719999313354492,2.743000030517578,115.06999969482422
2022-05-31,101.75,26.190000534057617,2.8440001010894775,114.66999816894531
2022-06-01,102.55000305175781,25.690000534057617,2.930999994277954,115.26000213623047
2022-06-02,101.7699966430664,24.719999313354492,2.9130001068115234,116.87000274658203
2022-06-03,102.13999938964844,24.790000915527344,2.9570000171661377,118.87000274658203
2022-06-04,102.13999938964844,24.790000915527344,2.9570000171661377,118.87000274658203
2022-06-05,102.13999938964844,24.790000915527344,2.9570000171661377,118.87000274658203
2022-06-06,102.44000244140625,25.06999969482422,3.0380001068115234,118.5
2022-06-07,102.31999969482422,24.020000457763672,2.9719998836517334,119.41000366210938
2022-06-08,102.54000091552734,23.959999084472656,3.0290000438690186,122.11000061035156
2022-06-09,103.22000122070312,26.09000015258789,3.0439999103546143,121.51000213623047
2022-06-10,104.1500015258789,27.75,3.1559998989105225,120.66999816894531
2022-06-11,104.1500015258789,27.75,3.1559998989105225,120.66999816894531
2022-06-12,104.1500015258789,27.75,3.1559998989105225,120.66999816894531
2022-06-13,105.08000183105469,34.02000045776367,3.365999937057495,120.93000030517578
2022-06-14,105.5199966430664,32.689998626708984,3.4830000400543213,118.93000030517578
2022-06-15,105.16000366210938,29.6200008392334,3.3949999809265137,115.30999755859375
2022-06-16,103.62999725341797,32.95000076293945,3.306999921798706,117.58999633789062
2022-06-17,104.69999694824219,31.1299991607666,3.239000082015991,109.55999755859375
2022-06-18,104.69999694824219,31.1299991607666,3.239000082015991,109.55999755859375
2022-06-19,104.69999694824219,31.1299991607666,3.239000082015991,109.55999755859375
2022-06-20,104.69999694824219,31.1299991607666,3.239000082015991,109.55999755859375
2022-06-21,104.44000244140625,30.190000534057617,3.306999921798706,110.6500015258789
2022-06-22,104.19999694824219,28.950000762939453,3.1559998989105225,106.19000244140625
2022-06-23,104.43000030517578,29.049999237060547,3.068000078201294,104.2699966430664
2022-06-24,104.19000244140625,27.229999542236328,3.125,107.62000274658203
2022-06-25,104.19000244140625,27.229999542236328,3.125,107.62000274658203
2022-06-26,104.19000244140625,27.229999542236328,3.125,107.62000274658203
2022-06-27,103.94000244140625,26.950000762939453,3.194000005722046,109.56999969482422
2022-06-28,104.51000213623047,28.360000610351562,3.2060000896453857,111.76000213623047
2022-06-29,105.11000061035156,28.15999984741211,3.0929999351501465,109.77999877929688
2022-06-30,104.69000244140625,28.709999084472656,2.9719998836517334,105.76000213623047
2022-07-01,105.13999938964844,26.700000762939453,2.8889999389648438,108.43000030517578
2022-07-02,105.13999938964844,26.700000762939453,2.8889999389648438,108.43000030517578
2022-07-03,105.13999938964844,26.700000762939453,2.8889999389648438,108.43000030517578
2022-07-04,105.13999938964844,26.700000762939453,2.8889999389648438,108.43000030517578
2022-07-05,106.5,27.540000915527344,2.809000015258789,99.5
2022-07-06,107.0999984741211,26.729999542236328,2.9130001068115234,98.52999877929688
2022-07-07,107.12999725341797,26.079999923706055,3.007999897003174,102.7300033569336
2022-07-08,107.01000213623047,24.639999389648438,3.1010000705718994,104.79000091552734
2022-07-09,107.01000213623047,24.639999389648438,3.1010000705718994,104.79000091552734
2022-07-10,107.01000213623047,24.639999389648438,3.1010000705718994,104.79000091552734
2022-07-11,108.0199966430664,26.170000076293945,2.990999937057495,104.08999633789062
2022-07-12,108.06999969482422,27.290000915527344,2.9579999446868896,95.83999633789062
2022-07-13,107.95999908447266,26.81999969482422,2.9040000438690186,96.30000305175781
2022-07-14,108.54000091552734,26.399999618530273,2.9600000381469727,95.77999877929688
2022-07-15,108.05999755859375,24.229999542236328,2.930000066757202,97.58999633789062
2022-07-16,108.05999755859375,24.229999542236328,2.930000066757202,97.58999633789062
2022-07-17,108.05999755859375,24.229999542236328,2.930000066757202,97.58999633789062
2022-07-18,107.37000274658203,25.299999237060547,2.9600000381469727,102.5999984741211
2022-07-19,106.68000030517578,24.5,3.0190000534057617,104.22000122070312
2022-07-20,107.08000183105469,23.8799991607666,3.0360000133514404,102.26000213623047
2022-07-21,106.91000366210938,23.110000610351562,2.9100000858306885,96.3499984741211
2022-07-22,106.7300033569336,23.030000686645508,2.7829999923706055,94.69999694824219
2022-07-23,106.7300033569336,23.030000686645508,2.7829999923706055,94.69999694824219
2022-07-24,106.7300033569336,23.030000686645508,2.7829999923706055,94.69999694824219
2022-07-25,106.4800033569336,23.360000610351562,2.819999933242798,96.69999694824219
2022-07-26,107.19000244140625,24.690000534057617,2.7869999408721924,94.9800033569336
2022-07-27,106.44999694824219,23.239999771118164,2.7339999675750732,97.26000213623047
2022-07-28,106.3499984741211,22.329999923706055,2.680999994277954,96.41999816894531
2022-07-29,105.9000015258789,21.329999923706055,2.6419999599456787,98.62000274658203
2022-07-30,105.9000015258789,21.329999923706055,2.6419999599456787,98.62000274658203
2022-07-31,105.9000015258789,21.329999923706055,2.6419999599456787,98.62000274658203
2022-08-01,105.44999694824219,22.84000015258789,2.6059999465942383,93.88999938964844
2022-08-02,106.23999786376953,23.93000030517578,2.740999937057495,94.41999816894531
2022-08-03,106.51000213623047,21.950000762939453,2.747999906539917,90.66000366210938
2022-08-04,105.69000244140625,21.440000534057617,2.6760001182556152,88.54000091552734
2022-08-05,106.62000274658203,21.149999618530273,2.8399999141693115,89.01000213623047
2022-08-06,106.62000274658203,21.149999618530273,2.8399999141693115,89.01000213623047
2022-08-07,106.62000274658203,21.149999618530273,2.8399999141693115,89.01000213623047
2022-08-08,106.44000244140625,21.290000915527344,2.765000104904175,90.76000213623047
2022-08-09,106.37000274658203,21.770000457763672,2.796999931335449,90.5
2022-08-10,105.19999694824219,19.739999771118164,2.7860000133514404,91.93000030517578
2022-08-11,105.08999633789062,20.200000762939453,2.888000011444092,94.33999633789062
2022-08-12,105.62999725341797,19.530000686645508,2.8489999771118164,92.08999633789062
2022-08-13,105.62999725341797,19.530000686645508,2.8489999771118164,92.08999633789062
2022-08-14,105.62999725341797,19.530000686645508,2.8489999771118164,92.08999633789062
2022-08-15,106.55000305175781,19.950000762939453,2.7909998893737793,89.41000366210938
2022-08-16,106.5,19.690000534057617,2.8239998817443848,86.52999877929688
2022-08-17,106.56999969482422,19.899999618530273,2.8929998874664307,88.11000061035156
2022-08-18,107.4800033569336,19.559999465942383,2.880000114440918,90.5
2022-08-19,108.16999816894531,20.600000381469727,2.989000082015991,90.7699966430664
2022-08-20,108.16999816894531,20.600000381469727,2.989000082015991,90.7699966430664
2022-08-21,108.16999816894531,20.600000381469727,2.989000082015991,90.7699966430664
2022-08-22,109.05000305175781,23.799999237060547,3.0369999408721924,90.2300033569336
2022-08-23,108.62000274658203,24.110000610351562,3.053999900817871,93.73999786376953
2022-08-24,108.68000030517578,22.81999969482422,3.1059999465942383,94.88999938964844
2022-08-25,108.47000122070312,21.780000686645508,3.0260000228881836,92.5199966430664
2022-08-26,108.80000305175781,25.559999465942383,3.0350000858306885,93.05999755859375
2022-08-27,108.80000305175781,25.559999465942383,3.0350000858306885,93.05999755859375
2022-08-28,108.80000305175781,25.559999465942383,3.0350000858306885,93.05999755859375
2022-08-29,108.83999633789062,26.209999084472656,3.109999895095825,97.01000213623047
2022-08-30,108.7699966430664,26.209999084472656,3.109999895095825,91.63999938964844
2022-08-31,108.69999694824219,25.8700008392334,3.132999897003174,89.55000305175781
2022-09-01,109.69000244140625,25.559999465942383,3.265000104904175,86.61000061035156
2022-09-02,109.52999877929688,25.469999313354492,3.193000078201294,86.87000274658203
2022-09-03,109.52999877929688,25.469999313354492,3.193000078201294,86.87000274658203
2022-09-04,109.52999877929688,25.469999313354492,3.193000078201294,86.87000274658203
2022-09-05,109.52999877929688,25.469999313354492,3.193000078201294,86.87000274658203
2022-09-06,110.20999908447266,26.90999984741211,3.3399999141693115,86.87999725341797
2022-09-07,109.83999633789062,24.639999389648438,3.265000104904175,81.94000244140625
2022-09-08,109.70999908447266,23.610000610351562,3.2920000553131104,83.54000091552734
2022-09-09,109.0,22.790000915527344,3.321000099182129,86.79000091552734
2022-09-10,109.0,22.790000915527344,3.321000099182129,86.79000091552734
2022-09-11,109.0,22.790000915527344,3.321000099182129,86.79000091552734
2022-09-12,108.33000183105469,23.8700008392334,3.361999988555908,87.77999877929688
2022-09-13,109.81999969482422,27.270000457763672,3.421999931335449,87.30999755859375
2022-09-14,109.66000366210938,26.15999984741211,3.4119999408721924,88.4800033569336
2022-09-15,109.73999786376953,26.270000457763672,3.4590001106262207,85.0999984741211
2022-09-16,109.76000213623047,26.299999237060547,3.447999954223633,85.11000061035156
2022-09-17,109.76000213623047,26.299999237060547,3.447999954223633,85.11000061035156
2022-09-18,109.76000213623047,26.299999237060547,3.447999954223633,85.11000061035156
2022-09-19,109.73999786376953,25.760000228881836,3.490000009536743,85.7300033569336
2022-09-20,110.22000122070312,27.15999984741211,3.571000099182129,84.44999694824219
2022-09-21,110.63999938964844,27.989999771118164,3.509999990463257,82.94000244140625
2022-09-22,111.3499984741211,27.350000381469727,3.7079999446868896,83.48999786376953
2022-09-23,113.19000244140625,29.920000076293945,3.697000026702881,78.73999786376953
2022-09-24,113.19000244140625,29.920000076293945,3.697000026702881,78.73999786376953
2022-09-25,113.19000244140625,29.920000076293945,3.697000026702881,78.73999786376953
2022-09-26,114.0999984741211,32.2599983215332,3.878000020980835,76.70999908447266
2022-09-27,114.11000061035156,32.599998474121094,3.9639999866485596,78.5
2022-09-28,112.5999984741211,30.18000030517578,3.7049999237060547,82.1500015258789
2022-09-29,112.25,31.84000015258789,3.746999979019165,81.2300033569336
2022-09-30,112.12000274658203,31.6200008392334,3.803999900817871,79.48999786376953
2022-10-01,112.12000274658203,31.6200008392334,3.803999900817871,79.48999786376953
2022-10-02,112.12000274658203,31.6200008392334,3.803999900817871,79.48999786376953
2022-10-03,111.75,30.100000381469727,3.6510000228881836,83.62999725341797
2022-10-04,110.06999969482422,29.06999969482422,3.617000102996826,86.5199966430664
2022-10-05,111.06999969482422,28.549999237060547,3.759000062942505,87.76000213623047
2022-10-06,112.26000213623047,30.520000457763672,3.8259999752044678,88.44999694824219
2022-10-07,112.80000305175781,31.360000610351562,3.882999897003174,92.63999938964844
2022-10-08,112.80000305175781,31.360000610351562,3.882999897003174,92.63999938964844
2022-10-09,112.80000305175781,31.360000610351562,3.882999897003174,92.63999938964844
2022-10-10,113.13999938964844,32.45000076293945,3.888000011444092,91.12999725341797
2022-10-11,113.22000122070312,33.630001068115234,3.938999891281128,89.3499984741211
2022-10-12,113.31999969482422,33.56999969482422,3.9019999504089355,87.2699966430664
2022-10-13,112.36000061035156,31.940000534057617,3.9519999027252197,89.11000061035156
2022-10-14,113.30999755859375,32.02000045776367,4.010000228881836,85.61000061035156
2022-10-15,113.30999755859375,32.02000045776367,4.010000228881836,85.61000061035156
2022-10-16,113.30999755859375,32.02000045776367,4.010000228881836,85.61000061035156
2022-10-17,112.04000091552734,31.3700008392334,4.014999866485596,85.45999908447266
2022-10-18,112.12999725341797,30.5,3.997999906539917,82.81999969482422
2022-10-19,112.9800033569336,30.760000228881836,4.126999855041504,85.55000305175781
2022-10-20,112.87999725341797,29.979999542236328,4.22599983215332,85.9800033569336
2022-10-21,112.01000213623047,29.690000534057617,4.2129998207092285,85.05000305175781
2022-10-22,112.01000213623047,29.690000534057617,4.2129998207092285,85.05000305175781
2022-10-23,112.01000213623047,29.690000534057617,4.2129998207092285,85.05000305175781
2022-10-24,111.98999786376953,29.850000381469727,4.234000205993652,84.58000183105469
2022-10-25,110.94999694824219,28.459999084472656,4.107999801635742,85.31999969482422
2022-10-26,109.69999694824219,27.280000686645508,4.014999866485596,87.91000366210938
2022-10-27,110.58999633789062,27.389999389648438,3.937000036239624,89.08000183105469
2022-10-28,110.66999816894531,25.75,4.010000228881836,87.9000015258789
2022-10-29,110.66999816894531,25.75,4.010000228881836,87.9000015258789
2022-10-30,110.66999816894531,25.75,4.010000228881836,87.9000015258789
2022-10-31,111.52999877929688,25.8799991607666,4.077000141143799,86.52999877929688
2022-11-01,111.4800033569336,25.809999465942383,4.052000045776367,88.37000274658203
2022-11-02,111.3499984741211,25.860000610351562,4.059000015258789,90.0
2022-11-03,112.93000030517578,25.299999237060547,4.124000072479248,88.16999816894531
2022-11-04,110.87999725341797,24.549999237060547,4.156000137329102,92.61000061035156
2022-11-05,110.87999725341797,24.549999237060547,4.156000137329102,92.61000061035156
2022-11-06,110.87999725341797,24.549999237060547,4.156000137329102,92.61000061035156
2022-11-07,110.12000274658203,24.350000381469727,4.214000225067139,91.79000091552734
2022-11-08,109.62000274658203,25.540000915527344,4.125999927520752,88.91000366210938
2022-11-09,110.55000305175781,26.09000015258789,4.151000022888184,85.83000183105469
2022-11-10,108.20999908447266,23.530000686645508,3.8289999961853027,86.47000122070312
2022-11-11,106.29000091552734,22.520000457763672,3.812999963760376,88.95999908447266
2022-11-12,106.29000091552734,22.520000457763672,3.812999963760376,88.95999908447266
2022-11-13,106.29000091552734,22.520000457763672,3.812999963760376,88.95999908447266
2022-11-14,106.66000366210938,23.729999542236328,3.865000009536743,85.87000274658203
2022-11-15,106.4000015258789,24.540000915527344,3.7990000247955322,86.91999816894531
2022-11-16,106.27999877929688,24.110000610351562,3.691999912261963,85.58999633789062
2022-11-17,106.69000244140625,23.93000030517578,3.7750000953674316,81.63999938964844
2022-11-18,106.93000030517578,23.1200008392334,3.818000078201294,80.08000183105469
2022-11-19,106.93000030517578,23.1200008392334,3.818000078201294,80.08000183105469
2022-11-20,106.93000030517578,23.1200008392334,3.818000078201294,80.08000183105469
2022-11-21,107.83999633789062,22.360000610351562,3.825000047683716,79.7300033569336
2022-11-22,107.22000122070312,21.290000915527344,3.757999897003174,80.94999694824219
2022-11-23,106.08000183105469,20.350000381469727,3.7060000896453857,77.94000244140625
2022-11-24,106.08000183105469,20.350000381469727,3.7060000896453857,77.94000244140625
2022-11-25,105.95999908447266,20.5,3.690999984741211,76.27999877929688
2022-11-26,105.95999908447266,20.5,3.690999984741211,76.27999877929688
2022-11-27,105.95999908447266,20.5,3.690999984741211,76.27999877929688
2022-11-28,106.68000030517578,22.209999084472656,3.703000068664551,77.23999786376953
2022-11-29,106.81999969482422,21.889999389648438,3.747999906539917,78.19999694824219
2022-11-30,105.94999694824219,20.579999923706055,3.703000068664551,80.55000305175781
2022-12-01,104.7300033569336,19.84000015258789,3.5290000438690186,81.22000122070312
2022-12-02,104.55000305175781,19.059999465942383,3.50600004196167,79.9800033569336
2022-12-03,104.55000305175781,19.059999465942383,3.50600004196167,79.9800033569336
2022-12-04,104.55000305175781,19.059999465942383,3.50600004196167,79.9800033569336
2022-12-05,105.29000091552734,20.75,3.5989999771118164,76.93000030517578
2022-12-06,105.58000183105469,22.170000076293945,3.513000011444092,74.25
2022-12-07,105.0999984741211,22.68000030517578,3.4079999923706055,72.01000213623047
2022-12-08,104.7699966430664,22.290000915527344,3.490999937057495,71.45999908447266
2022-12-09,104.80999755859375,22.829999923706055,3.566999912261963,71.0199966430664
2022-12-10,104.80999755859375,22.829999923706055,3.566999912261963,71.0199966430664
2022-12-11,104.80999755859375,22.829999923706055,3.566999912261963,71.0199966430664
2022-12-12,105.12999725341797,25.0,3.6110000610351562,73.16999816894531
2022-12-13,103.9800033569336,22.549999237060547,3.500999927520752,75.38999938964844
2022-12-14,103.7699966430664,21.139999389648438,3.503000020980835,77.27999877929688
2022-12-15,104.55999755859375,22.829999923706055,3.450000047683716,76.11000061035156
2022-12-16,104.69999694824219,22.6200008392334,3.4820001125335693,74.29000091552734
2022-12-17,104.69999694824219,22.6200008392334,3.4820001125335693,74.29000091552734
2022-12-18,104.69999694824219,22.6200008392334,3.4820001125335693,74.29000091552734
2022-12-19,104.72000122070312,22.420000076293945,3.5810000896453857,75.19000244140625
2022-12-20,103.97000122070312,21.479999542236328,3.684000015258789,76.08999633789062
2022-12-21,104.16000366210938,20.06999969482422,3.684000015258789,78.29000091552734
2022-12-22,104.43000030517578,21.969999313354492,3.6689999103546143,77.48999786376953
2022-12-23,104.30999755859375,20.8700008392334,3.750999927520752,79.55999755859375
2022-12-24,104.30999755859375,20.8700008392334,3.750999927520752,79.55999755859375
2022-12-25,104.30999755859375,20.8700008392334,3.750999927520752,79.55999755859375
2022-12-26,104.30999755859375,20.8700008392334,3.750999927520752,79.55999755859375
2022-12-27,104.18000030517578,21.649999618530273,3.859999895095825,79.52999877929688
2022-12-28,104.45999908447266,22.139999389648438,3.88700008392334,78.95999908447266
2022-12-29,103.83999633789062,21.440000534057617,3.8350000381469727,78.4000015258789
2022-12-30,103.5199966430664,21.670000076293945,3.878999948501587,80.26000213623047
2022-12-31,103.5199966430664,21.670000076293945,3.878999948501587,80.26000213623047
2023-01-01,103.5199966430664,21.670000076293945,3.878999948501587,80.26000213623047
2023-01-02,103.5199966430664,21.670000076293945,3.878999948501587,80.26000213623047
2023-01-03,104.5199966430664,22.899999618530273,3.7929999828338623,76.93000030517578
2023-01-04,104.25,22.010000228881836,3.7090001106262207,72.83999633789062
2023-01-05,105.04000091552734,22.459999084472656,3.7200000286102295,73.66999816894531
2023-01-06,103.87999725341797,21.1299991607666,3.569000005722046,73.7699966430664
2023-01-07,103.87999725341797,21.1299991607666,3.569000005722046,73.7699966430664
2023-01-08,103.87999725341797,21.1299991607666,3.569000005722046,73.7699966430664
2023-01-09,103.0,21.969999313354492,3.5169999599456787,74.62999725341797
2023-01-10,103.23999786376953,20.579999923706055,3.621000051498413,75.12000274658203
2023-01-11,103.19000244140625,21.09000015258789,3.553999900817871,77.41000366210938
2023-01-12,102.25,18.829999923706055,3.4489998817443848,78.38999938964844
2023-01-13,102.19999694824219,18.350000381469727,3.510999917984009,79.86000061035156
2023-01-14,102.19999694824219,18.350000381469727,3.510999917984009,79.86000061035156
2023-01-15,102.19999694824219,18.350000381469727,3.510999917984009,79.86000061035156
2023-01-16,102.19999694824219,18.350000381469727,3.510999917984009,79.86000061035156
2023-01-17,102.38999938964844,19.360000610351562,3.5350000858306885,80.18000030517578
2023-01-18,102.36000061035156,20.34000015258789,3.375,79.4800033569336
2023-01-19,102.05999755859375,20.520000457763672,3.3970000743865967,80.33000183105469
2023-01-20,102.01000213623047,19.850000381469727,3.4839999675750732,81.30999755859375
2023-01-21,102.01000213623047,19.850000381469727,3.4839999675750732,81.30999755859375
2023-01-22,102.01000213623047,19.850000381469727,3.4839999675750732,81.30999755859375
2023-01-23,102.13999938964844,19.809999465942383,3.5250000953674316,81.62000274658203
2023-01-24,101.91999816894531,19.200000762939453,3.4690001010894775,80.12999725341797
2023-01-25,101.63999938964844,19.079999923706055,3.4619998931884766,80.1500015258789
2023-01-26,101.83999633789062,18.729999542236328,3.493000030517578,81.01000213623047
2023-01-27,101.93000030517578,18.510000228881836,3.5179998874664307,79.68000030517578
2023-01-28,101.93000030517578,18.510000228881836,3.5179998874664307,79.68000030517578
2023-01-29,101.93000030517578,18.510000228881836,3.5179998874664307,79.68000030517578
2023-01-30,102.27999877929688,19.940000534057617,3.5510001182556152,77.9000015258789
2023-01-31,102.0999984741211,19.399999618530273,3.5290000438690186,78.87000274658203
2023-02-01,101.22000122070312,17.8700008392334,3.3970000743865967,76.41000366210938
2023-02-02,101.75,18.729999542236328,3.3959999084472656,75.87999725341797
2023-02-03,102.91999816894531,18.329999923706055,3.5320000648498535,73.38999938964844
2023-02-04,102.91999816894531,18.329999923706055,3.5320000648498535,73.38999938964844
2023-02-05,102.91999816894531,18.329999923706055,3.5320000648498535,73.38999938964844
2023-02-06,103.62000274658203,19.43000030517578,3.634000062942505,74.11000061035156
2023-02-07,103.43000030517578,18.65999984741211,3.6740000247955322,77.13999938964844
2023-02-08,103.41000366210938,19.6299991607666,3.6530001163482666,78.47000122070312
2023-02-09,103.22000122070312,20.709999084472656,3.683000087738037,78.05999755859375
2023-02-10,103.62999725341797,20.530000686645508,3.74399995803833,79.72000122070312
2023-02-11,103.62999725341797,20.530000686645508,3.74399995803833,79.72000122070312
2023-02-12,103.62999725341797,20.530000686645508,3.74399995803833,79.72000122070312
2023-02-13,103.3499984741211,20.34000015258789,3.7170000076293945,80.13999938964844
2023-02-14,103.2300033569336,18.90999984741211,3.760999917984009,79.05999755859375
2023-02-15,103.91999816894531,18.229999542236328,3.809000015258789,78.58999633789062
2023-02-16,103.86000061035156,20.170000076293945,3.8429999351501465,78.48999786376953
2023-02-17,103.86000061035156,20.020000457763672,3.828000068664551,76.33999633789062
2023-02-18,103.86000061035156,20.020000457763672,3.828000068664551,76.33999633789062
2023-02-19,103.86000061035156,20.020000457763672,3.828000068664551,76.33999633789062
2023-02-20,103.86000061035156,20.020000457763672,3.828000068664551,76.33999633789062
2023-02-21,104.18000030517578,22.8700008392334,3.9549999237060547,76.16000366210938
2023-02-22,104.58999633789062,22.290000915527344,3.9230000972747803,73.94999694824219
2023-02-23,104.5999984741211,21.139999389648438,3.878999948501587,75.38999938964844
2023-02-24,105.20999908447266,21.670000076293945,3.9489998817443848,76.31999969482422
2023-02-25,105.20999908447266,21.670000076293945,3.9489998817443848,76.31999969482422
2023-02-26,105.20999908447266,21.670000076293945,3.9489998817443848,76.31999969482422
2023-02-27,104.66999816894531,20.950000762939453,3.921999931335449,75.68000030517578
2023-02-28,104.87000274658203,20.700000762939453,3.9159998893737793,77.05000305175781
2023-03-01,104.4800033569336,20.579999923706055,3.99399995803833,77.69000244140625
2023-03-02,105.02999877929688,19.59000015258789,4.072999954223633,78.16000366210938
2023-03-03,104.5199966430664,18.489999771118164,3.9639999866485596,79.68000030517578
2023-03-04,104.5199966430664,18.489999771118164,3.9639999866485596,79.68000030517578
2023-03-05,104.5199966430664,18.489999771118164,3.9639999866485596,79.68000030517578
2023-03-06,104.3499984741211,18.610000610351562,3.9830000400543213,80.45999908447266
2023-03-07,105.62000274658203,19.59000015258789,3.9749999046325684,77.58000183105469
2023-03-08,105.66000366210938,19.110000610351562,3.9760000705718994,76.66000366210938
2023-03-09,105.30999755859375,22.610000610351562,3.924999952316284,75.72000122070312
2023-03-10,104.58000183105469,24.799999237060547,3.694999933242798,76.68000030517578
2023-03-11,104.58000183105469,24.799999237060547,3.694999933242798,76.68000030517578
2023-03-12,104.58000183105469,24.799999237060547,3.694999933242798,76.68000030517578
2023-03-13,103.5999984741211,26.520000457763672,3.515000104904175,74.80000305175781
2023-03-14,103.5999984741211,23.729999542236328,3.638000011444092,71.33000183105469
2023-03-15,104.6500015258789,26.139999389648438,3.492000102996826,67.61000061035156
2023-03-16,104.41999816894531,22.989999771118164,3.5850000381469727,68.3499984741211
2023-03-17,103.70999908447266,25.510000228881836,3.3949999809265137,66.73999786376953
2023-03-18,103.70999908447266,25.510000228881836,3.3949999809265137,66.73999786376953
2023-03-19,103.70999908447266,25.510000228881836,3.3949999809265137,66.73999786376953
2023-03-20,103.27999877929688,24.149999618530273,3.4809999465942383,67.63999938964844
2023-03-21,103.26000213623047,21.3799991607666,3.6059999465942383,69.33000183105469
2023-03-22,102.3499984741211,22.260000228881836,3.5,70.9000015258789
2023-03-23,102.52999877929688,22.610000610351562,3.4059998989105225,69.95999908447266
2023-03-24,103.12000274658203,21.739999771118164,3.380000114440918,69.26000213623047
2023-03-25,103.12000274658203,21.739999771118164,3.380000114440918,69.26000213623047
2023-03-26,103.12000274658203,21.739999771118164,3.380000114440918,69.26000213623047
2023-03-27,102.86000061035156,20.600000381469727,3.5280001163482666,72.80999755859375
2023-03-28,102.43000030517578,19.969999313354492,3.563999891281128,73.19999694824219
2023-03-29,102.63999938964844,19.1200008392334,3.565999984741211,72.97000122070312
2023-03-30,102.13999938964844,19.020000457763672,3.5510001182556152,74.37000274658203
2023-03-31,102.51000213623047,18.700000762939453,3.49399995803833,75.66999816894531
2023-04-01,102.51000213623047,18.700000762939453,3.49399995803833,75.66999816894531
2023-04-02,102.51000213623047,18.700000762939453,3.49399995803833,75.66999816894531
2023-04-03,102.08999633789062,18.549999237060547,3.430000066757202,80.41999816894531
2023-04-04,101.58999633789062,19.0,3.3369998931884766,80.70999908447266
2023-04-05,101.8499984741211,19.079999923706055,3.2869999408721924,80.61000061035156
2023-04-06,101.81999969482422,18.399999618530273,3.2880001068115234,80.69999694824219
2023-04-07,101.81999969482422,18.399999618530273,3.2880001068115234,80.69999694824219
2023-04-08,101.81999969482422,18.399999618530273,3.2880001068115234,80.69999694824219
2023-04-09,101.81999969482422,18.399999618530273,3.2880001068115234,80.69999694824219
2023-04-10,102.58000183105469,18.969999313354492,3.4149999618530273,79.73999786376953
2023-04-11,102.19999694824219,19.100000381469727,3.434000015258789,81.52999877929688
2023-04-12,101.5,19.09000015258789,3.4210000038146973,83.26000213623047
2023-04-13,101.01000213623047,17.799999237060547,3.4519999027252197,82.16000366210938
2023-04-14,101.55000305175781,17.06999969482422,3.5220000743865967,82.5199966430664
2023-04-15,101.55000305175781,17.06999969482422,3.5220000743865967,82.5199966430664
2023-04-16,101.55000305175781,17.06999969482422,3.5220000743865967,82.5199966430664
2023-04-17,102.0999984741211,16.950000762939453,3.5910000801086426,80.83000183105469
2023-04-18,101.75,16.829999923706055,3.572000026702881,80.86000061035156
2023-04-19,101.97000122070312,16.459999084472656,3.6019999980926514,79.16000366210938
2023-04-20,101.83999633789062,17.170000076293945,3.5450000762939453,77.29000091552734
2023-04-21,101.81999969482422,16.770000457763672,3.569999933242798,77.87000274658203
2023-04-22,101.81999969482422,16.770000457763672,3.569999933242798,77.87000274658203
2023-04-23,101.81999969482422,16.770000457763672,3.569999933242798,77.87000274658203
2023-04-24,101.3499984741211,16.889999389648438,3.515000104904175,78.76000213623047
2023-04-25,101.86000061035156,18.760000228881836,3.3959999084472656,77.06999969482422
2023-04-26,101.47000122070312,18.84000015258789,3.431999921798706,74.30000305175781
2023-04-27,101.5,17.030000686645508,3.5280001163482666,74.76000213623047
2023-04-28,101.66999816894531,15.779999732971191,3.4519999027252197,76.77999877929688
2023-04-29,101.66999816894531,15.779999732971191,3.4519999027252197,76.77999877929688
2023-04-30,101.66999816894531,15.779999732971191,3.4519999027252197,76.77999877929688
2023-05-01,102.1500015258789,16.079999923706055,3.5739998817443848,75.66000366210938
2023-05-02,101.95999908447266,17.780000686645508,3.438999891281128,71.66000366210938
2023-05-03,101.33999633789062,18.34000015258789,3.4030001163482666,68.5999984741211
2023-05-04,101.4000015258789,20.09000015258789,3.3510000705718994,68.55999755859375
2023-05-05,101.20999908447266,17.190000534057617,3.446000099182129,71.33999633789062
2023-05-06,101.20999908447266,17.190000534057617,3.446000099182129,71.33999633789062
2023-05-07,101.20999908447266,17.190000534057617,3.446000099182129,71.33999633789062
2023-05-08,101.37000274658203,16.979999542236328,3.5209999084472656,73.16000366210938
2023-05-09,101.63999938964844,17.709999084472656,3.5209999084472656,73.70999908447266
2023-05-10,101.4800033569336,16.940000534057617,3.438999891281128,72.55999755859375
2023-05-11,102.05999755859375,16.93000030517578,3.3970000743865967,70.87000274658203
2023-05-12,102.68000030517578,17.030000686645508,3.4630000591278076,70.04000091552734
2023-05-13,102.68000030517578,17.030000686645508,3.4630000591278076,70.04000091552734
2023-05-14,102.68000030517578,17.030000686645508,3.4630000591278076,70.04000091552734
2023-05-15,102.43000030517578,17.1200008392334,3.507999897003174,71.11000061035156
2023-05-16,102.55999755859375,17.989999771118164,3.5490000247955322,70.86000061035156
2023-05-17,102.87999725341797,16.8700008392334,3.5810000896453857,72.83000183105469
2023-05-18,103.58000183105469,16.049999237060547,3.6480000019073486,71.86000061035156
2023-05-19,103.19999694824219,16.809999465942383,3.691999912261963,71.55000305175781
2023-05-20,103.19999694824219,16.809999465942383,3.691999912261963,71.55000305175781
2023-05-21,103.19999694824219,16.809999465942383,3.691999912261963,71.55000305175781
2023-05-22,103.19999694824219,17.209999084472656,3.7190001010894775,71.98999786376953
2023-05-23,103.48999786376953,18.530000686645508,3.697999954223633,72.91000366210938
2023-05-24,103.88999938964844,20.030000686645508,3.7190001010894775,74.33999633789062
2023-05-25,104.20999908447266,19.139999389648438,3.813999891281128,71.83000183105469
2023-05-26,104.20999908447266,17.950000762939453,3.809999942779541,72.66999816894531
2023-05-27,104.20999908447266,17.950000762939453,3.809999942779541,72.66999816894531
2023-05-28,104.20999908447266,17.950000762939453,3.809999942779541,72.66999816894531
2023-05-29,104.20999908447266,17.950000762939453,3.809999942779541,72.66999816894531
2023-05-30,104.16999816894531,17.459999084472656,3.700000047683716,69.45999908447266
2023-05-31,104.31999969482422,17.940000534057617,3.63700008392334,68.08999633789062
2023-06-01,103.55999755859375,15.649999618530273,3.6080000400543213,70.0999984741211
2023-06-02,104.0199966430664,14.600000381469727,3.690999984741211,71.73999786376953
2023-06-03,104.0199966430664,14.600000381469727,3.690999984741211,71.73999786376953
2023-06-04,104.0199966430664,14.600000381469727,3.690999984741211,71.73999786376953
2023-06-05,104.0,14.729999542236328,3.693000078201294,72.1500015258789
2023-06-06,104.12999725341797,13.960000038146973,3.6989998817443848,71.73999786376953
2023-06-07,104.0999984741211,13.9399995803833,3.7839999198913574,72.52999877929688
2023-06-08,103.33999633789062,13.649999618530273,3.7139999866485596,71.29000091552734
2023-06-09,103.55999755859375,13.829999923706055,3.744999885559082,70.16999816894531
2023-06-10,103.55999755859375,13.829999923706055,3.744999885559082,70.16999816894531
2023-06-11,103.55999755859375,13.829999923706055,3.744999885559082,70.16999816894531
2023-06-12,103.62999725341797,15.010000228881836,3.765000104904175,67.12000274658203
2023-06-13,103.33999633789062,14.609999656677246,3.8389999866485596,69.41999816894531
2023-06-14,103.01000213623047,13.880000114440918,3.7960000038146973,68.2699966430664
2023-06-15,102.12000274658203,14.5,3.7279999256134033,70.62000274658203
2023-06-16,102.30000305175781,13.539999961853027,3.7690000534057617,71.77999877929688
2023-06-17,102.30000305175781,13.539999961853027,3.7690000534057617,71.77999877929688
2023-06-18,102.30000305175781,13.539999961853027,3.7690000534057617,71.77999877929688
2023-06-19,102.30000305175781,13.539999961853027,3.7690000534057617,71.77999877929688
2023-06-20,102.54000091552734,13.880000114440918,3.7290000915527344,70.5
2023-06-21,102.06999969482422,13.199999809265137,3.7230000495910645,72.52999877929688
2023-06-22,102.38999938964844,12.90999984741211,3.7990000247955322,69.51000213623047
2023-06-23,102.9000015258789,13.4399995803833,3.739000082015991,69.16000366210938
2023-06-24,102.9000015258789,13.4399995803833,3.739000082015991,69.16000366210938
2023-06-25,102.9000015258789,13.4399995803833,3.739000082015991,69.16000366210938
2023-06-26,102.69000244140625,14.25,3.7190001010894775,69.37000274658203
2023-06-27,102.48999786376953,13.739999771118164,3.7679998874664307,67.69999694824219
2023-06-28,102.91000366210938,13.430000305175781,3.7100000381469727,69.55999755859375
2023-06-29,103.33999633789062,13.539999961853027,3.8540000915527344,69.86000061035156
2023-06-30,102.91000366210938,13.59000015258789,3.819000005722046,70.63999938964844
2023-07-01,102.91000366210938,13.59000015258789,3.819000005722046,70.63999938964844
2023-07-02,102.91000366210938,13.59000015258789,3.819000005722046,70.63999938964844
2023-07-03,102.98999786376953,13.569999694824219,3.8580000400543213,69.79000091552734
2023-07-04,102.98999786376953,13.569999694824219,3.8580000400543213,69.79000091552734
2023-07-05,103.37000274658203,14.180000305175781,3.944999933242798,71.79000091552734
2023-07-06,103.16999816894531,15.4399995803833,4.040999889373779,71.80000305175781
2023-07-07,102.2699966430664,14.829999923706055,4.050000190734863,73.86000061035156
2023-07-08,102.2699966430664,14.829999923706055,4.050000190734863,73.86000061035156
2023-07-09,102.2699966430664,14.829999923706055,4.050000190734863,73.86000061035156
2023-07-10,101.97000122070312,15.069999694824219,4.00600004196167,72.98999786376953
2023-07-11,101.7300033569336,14.84000015258789,3.9800000190734863,74.83000183105469
2023-07-12,100.5199966430664,13.539999961853027,3.8610000610351562,75.75
2023-07-13,99.7699966430664,13.609999656677246,3.760999917984009,76.88999938964844
2023-07-14,99.91000366210938,13.34000015258789,3.819000005722046,75.41999816894531
2023-07-15,99.91000366210938,13.34000015258789,3.819000005722046,75.41999816894531
2023-07-16,99.91000366210938,13.34000015258789,3.819000005722046,75.41999816894531
2023-07-17,99.83999633789062,13.479999542236328,3.796999931335449,74.1500015258789
2023-07-18,99.94000244140625,13.300000190734863,3.7890000343322754,75.75
2023-07-19,100.27999877929688,13.760000228881836,3.742000102996826,75.3499984741211
2023-07-20,100.87999725341797,13.989999771118164,3.8540000915527344,75.62999725341797
2023-07-21,101.06999969482422,13.600000381469727,3.8369998931884766,77.06999969482422
2023-07-22,101.06999969482422,13.600000381469727,3.8369998931884766,77.06999969482422
2023-07-23,101.06999969482422,13.600000381469727,3.8369998931884766,77.06999969482422
2023-07-24,101.3499984741211,13.90999984741211,3.8570001125335693,78.73999786376953
2023-07-25,101.3499984741211,13.859999656677246,3.9119999408721924,79.62999725341797
2023-07-26,100.88999938964844,13.1899995803833,3.8510000705718994,78.77999877929688
2023-07-27,101.7699966430664,14.40999984741211,4.01200008392334,80.08999633789062
2023-07-28,101.62000274658203,13.329999923706055,3.9690001010894775,80.58000183105469
2023-07-29,101.62000274658203,13.329999923706055,3.9690001010894775,80.58000183105469
2023-07-30,101.62000274658203,13.329999923706055,3.9690001010894775,80.58000183105469
2023-07-31,101.86000061035156,13.630000114440918,3.9590001106262207,81.80000305175781
2023-08-01,102.30000305175781,13.930000305175781,4.051000118255615,81.37000274658203
2023-08-02,102.58999633789062,16.09000015258789,4.078000068664551,79.48999786376953
2023-08-03,102.54000091552734,15.920000076293945,4.189000129699707,81.55000305175781
2023-08-04,102.0199966430664,17.100000381469727,4.059999942779541,82.81999969482422
2023-08-05,102.0199966430664,17.100000381469727,4.059999942779541,82.81999969482422
2023-08-06,102.0199966430664,17.100000381469727,4.059999942779541,82.81999969482422
2023-08-07,102.05000305175781,15.770000457763672,4.078000068664551,81.94000244140625
2023-08-08,102.52999877929688,15.989999771118164,4.026000022888184,82.91999816894531
2023-08-09,102.48999786376953,15.960000038146973,4.01200008392334,84.4000015258789
2023-08-10,102.5199966430664,15.850000381469727,4.079999923706055,82.81999969482422
2023-08-11,102.83999633789062,14.84000015258789,4.168000221252441,83.19000244140625
2023-08-12,102.83999633789062,14.84000015258789,4.168000221252441,83.19000244140625
2023-08-13,102.83999633789062,14.84000015258789,4.168000221252441,83.19000244140625
2023-08-14,103.19000244140625,14.819999694824219,4.184000015258789,82.51000213623047
2023-08-15,103.20999908447266,16.459999084472656,4.2210001945495605,80.98999786376953
2023-08-16,103.41999816894531,16.780000686645508,4.257999897003174,79.37999725341797
2023-08-17,103.44000244140625,17.889999389648438,4.308000087738037,80.38999938964844
2023-08-18,103.37999725341797,17.299999237060547,4.250999927520752,81.25
2023-08-19,103.37999725341797,17.299999237060547,4.250999927520752,81.25
2023-08-20,103.37999725341797,17.299999237060547,4.250999927520752,81.25
2023-08-21,103.33000183105469,17.1299991607666,4.3420000076293945,80.72000122070312
2023-08-22,103.55999755859375,16.969999313354492,4.328000068664551,80.3499984741211
2023-08-23,103.36000061035156,15.979999542236328,4.197999954223633,78.88999938964844
2023-08-24,103.9800033569336,17.200000762939453,4.235000133514404,79.05000305175781
2023-08-25,104.08000183105469,15.680000305175781,4.238999843597412,79.83000183105469
2023-08-26,104.08000183105469,15.680000305175781,4.238999843597412,79.83000183105469
2023-08-27,104.08000183105469,15.680000305175781,4.238999843597412,79.83000183105469
2023-08-28,104.05999755859375,15.079999923706055,4.211999893188477,80.0999984741211
2023-08-29,103.55000305175781,14.449999809265137,4.122000217437744,81.16000366210938
2023-08-30,103.16000366210938,13.880000114440918,4.118000030517578,81.62999725341797
2023-08-31,103.62000274658203,13.569999694824219,4.0929999351501465,83.62999725341797
2023-09-01,104.23999786376953,13.09000015258789,4.172999858856201,85.55000305175781
2023-09-02,104.23999786376953,13.09000015258789,4.172999858856201,85.55000305175781
2023-09-03,104.23999786376953,13.09000015258789,4.172999858856201,85.55000305175781
2023-09-04,104.23999786376953,13.09000015258789,4.172999858856201,85.55000305175781
2023-09-05,104.80999755859375,14.010000228881836,4.26800012588501,86.69000244140625
2023-09-06,104.86000061035156,14.449999809265137,4.289999961853027,87.54000091552734
2023-09-07,105.05999755859375,14.399999618530273,4.260000228881836,86.87000274658203
2023-09-08,105.08999633789062,13.84000015258789,4.257999897003174,87.51000213623047
2023-09-09,105.08999633789062,13.84000015258789,4.257999897003174,87.51000213623047
2023-09-10,105.08999633789062,13.84000015258789,4.257999897003174,87.51000213623047
2023-09-11,104.56999969482422,13.800000190734863,4.288000106811523,87.29000091552734
2023-09-12,104.70999908447266,14.229999542236328,4.263999938964844,88.83999633789062
2023-09-13,104.7699966430664,13.479999542236328,4.249000072479248,88.5199966430664
2023-09-14,105.41000366210938,12.819999694824219,4.288000106811523,90.16000366210938
2023-09-15,105.31999969482422,13.789999961853027,4.322000026702881,90.7699966430664
2023-09-16,105.31999969482422,13.789999961853027,4.322000026702881,90.7699966430664
2023-09-17,105.31999969482422,13.789999961853027,4.322000026702881,90.7699966430664
2023-09-18,105.19999694824219,14.0,4.318999767303467,91.4800033569336
2023-09-19,105.19999694824219,14.109999656677246,4.364999771118164,91.19999694824219
2023-09-20,105.16000366210938,15.140000343322754,4.348999977111816,90.27999877929688
2023-09-21,105.36000061035156,17.540000915527344,4.480000019073486,89.62999725341797
2023-09-22,105.58000183105469,17.200000762939453,4.438000202178955,90.02999877929688
2023-09-23,105.58000183105469,17.200000762939453,4.438000202178955,90.02999877929688
2023-09-24,105.58000183105469,17.200000762939453,4.438000202178955,90.02999877929688
2023-09-25,106.0,16.899999618530273,4.541999816894531,89.68000030517578
2023-09-26,106.2300033569336,18.940000534057617,4.558000087738037,90.38999938964844
2023-09-27,106.66999816894531,18.219999313354492,4.625999927520752,93.68000030517578
2023-09-28,106.22000122070312,17.34000015258789,4.5970001220703125,91.70999908447266
2023-09-29,106.16999816894531,17.520000457763672,4.572999954223633,90.79000091552734
2023-09-30,106.16999816894531,17.520000457763672,4.572999954223633,90.79000091552734
2023-10-01,106.16999816894531,17.520000457763672,4.572999954223633,90.79000091552734
2023-10-02,106.9000015258789,17.610000610351562,4.683000087738037,88.81999969482422
2023-10-03,107.0,19.780000686645508,4.802000045776367,89.2300033569336
2023-10-04,106.80000305175781,18.579999923706055,4.735000133514404,84.22000122070312
2023-10-05,106.33000183105469,18.489999771118164,4.7170000076293945,82.30999755859375
2023-10-06,106.04000091552734,17.450000762939453,4.783999919891357,82.79000091552734
2023-10-07,106.04000091552734,17.450000762939453,4.783999919891357,82.79000091552734
2023-10-08,106.04000091552734,17.450000762939453,4.783999919891357,82.79000091552734
2023-10-09,106.08000183105469,17.700000762939453,4.796999931335449,86.37999725341797
2023-10-10,105.83000183105469,17.030000686645508,4.65500020980835,85.97000122070312
2023-10-11,105.81999969482422,16.09000015258789,4.59499979019165,83.48999786376953
2023-10-12,106.56999969482422,16.690000534057617,4.711999893188477,82.91000366210938
2023-10-13,106.6500015258789,19.31999969482422,4.629000186920166,87.69000244140625
2023-10-14,106.6500015258789,19.31999969482422,4.629000186920166,87.69000244140625
2023-10-15,106.6500015258789,19.31999969482422,4.629000186920166,87.69000244140625
2023-10-16,106.23999786376953,17.209999084472656,4.711999893188477,86.66000366210938
2023-10-17,106.25,17.8799991607666,4.8470001220703125,86.66000366210938
2023-10-18,106.56999969482422,19.219999313354492,4.9039998054504395,88.31999969482422
2023-10-19,106.25,21.399999618530273,4.98799991607666,89.37000274658203
2023-10-20,106.16000366210938,21.709999084472656,4.923999786376953,88.75
2023-10-21,106.16000366210938,21.709999084472656,4.923999786376953,88.75
2023-10-22,106.16000366210938,21.709999084472656,4.923999786376953,88.75
2023-10-23,105.54000091552734,20.3700008392334,4.8379998207092285,85.48999786376953
2023-10-24,106.2699966430664,18.969999313354492,4.840000152587891,83.73999786376953
2023-10-25,106.52999877929688,20.190000534057617,4.953000068664551,85.38999938964844
2023-10-26,106.5999984741211,20.68000030517578,4.84499979019165,83.20999908447266
2023-10-27,106.55999755859375,21.270000457763672,4.84499979019165,85.54000091552734
2023-10-28,106.55999755859375,21.270000457763672,4.84499979019165,85.54000091552734
2023-10-29,106.55999755859375,21.270000457763672,4.84499979019165,85.54000091552734
2023-10-30,106.12000274658203,19.75,4.875,82.30999755859375
2023-10-31,106.66000366210938,18.139999389648438,4.875,81.0199966430664
2023-11-01,106.87999725341797,16.8700008392334,4.789000034332275,80.44000244140625
2023-11-02,106.12000274658203,15.65999984741211,4.669000148773193,82.45999908447266
2023-11-03,105.0199966430664,14.90999984741211,4.558000087738037,80.51000213623047
2023-11-04,105.0199966430664,14.90999984741211,4.558000087738037,80.51000213623047
2023-11-05,105.0199966430664,14.90999984741211,4.558000087738037,80.51000213623047
2023-11-06,105.22000122070312,14.890000343322754,4.6620001792907715,80.81999969482422
2023-11-07,105.54000091552734,14.8100004196167,4.571000099182129,77.37000274658203
2023-11-08,105.58999633789062,14.449999809265137,4.5229997634887695,75.33000183105469
2023-11-09,105.91000366210938,15.289999961853027,4.630000114440918,75.73999786376953
2023-11-10,105.86000061035156,14.170000076293945,4.627999782562256,77.16999816894531
2023-11-11,105.86000061035156,14.170000076293945,4.627999782562256,77.16999816894531
2023-11-12,105.86000061035156,14.170000076293945,4.627999782562256,77.16999816894531
2023-11-13,105.66000366210938,14.760000228881836,4.631999969482422,78.26000213623047
2023-11-14,104.11000061035156,14.15999984741211,4.440999984741211,78.26000213623047
2023-11-15,104.38999938964844,14.180000305175781,4.534999847412109,76.66000366210938
2023-11-16,104.37000274658203,14.319999694824219,4.445000171661377,72.9000015258789
2023-11-17,103.81999969482422,13.800000190734863,4.440999984741211,75.88999938964844
2023-11-18,103.81999969482422,13.800000190734863,4.440999984741211,75.88999938964844
2023-11-19,103.81999969482422,13.800000190734863,4.440999984741211,75.88999938964844
2023-11-20,103.47000122070312,13.40999984741211,4.421999931335449,77.5999984741211
2023-11-21,103.58999633789062,13.350000381469727,4.418000221252441,77.7699966430664
2023-11-22,103.91999816894531,12.850000381469727,4.415999889373779,77.0999984741211
2023-11-23,103.91999816894531,12.850000381469727,4.415999889373779,77.0999984741211
2023-11-24,103.4000015258789,12.460000038146973,4.4720001220703125,75.54000091552734
2023-11-25,103.4000015258789,12.460000038146973,4.4720001220703125,75.54000091552734
2023-11-26,103.4000015258789,12.460000038146973,4.4720001220703125,75.54000091552734
2023-11-27,103.19999694824219,12.6899995803833,4.388999938964844,74.86000061035156
2023-11-28,102.75,12.6899995803833,4.335999965667725,76.41000366210938
2023-11-29,102.7699966430664,12.979999542236328,4.270999908447266,77.86000061035156
2023-11-30,103.5,12.920000076293945,4.3520002365112305,75.95999908447266
2023-12-01,103.2699966430664,12.630000114440918,4.22599983215332,74.06999969482422
2023-12-02,103.2699966430664,12.630000114440918,4.22599983215332,74.06999969482422
2023-12-03,103.2699966430664,12.630000114440918,4.22599983215332,74.06999969482422
2023-12-04,103.63999938964844,13.079999923706055,4.288000106811523,73.04000091552734
2023-12-05,104.05000305175781,12.850000381469727,4.171000003814697,72.31999969482422
2023-12-06,104.1500015258789,12.970000267028809,4.120999813079834,69.37999725341797
2023-12-07,103.54000091552734,13.0600004196167,4.129000186920166,69.33999633789062
2023-12-08,104.01000213623047,12.350000381469727,4.244999885559082,71.2300033569336
2023-12-09,104.01000213623047,12.350000381469727,4.244999885559082,71.2300033569336
2023-12-10,104.01000213623047,12.350000381469727,4.244999885559082,71.2300033569336
2023-12-11,104.0999984741211,12.630000114440918,4.238999843597412,71.31999969482422
2023-12-12,103.87000274658203,12.069999694824219,4.205999851226807,68.61000061035156
2023-12-13,102.87000274658203,12.1899995803833,4.0329999923706055,69.47000122070312
2023-12-14,101.95999908447266,12.479999542236328,3.930000066757202,71.58000183105469
2023-12-15,102.55000305175781,12.279999732971191,3.927999973297119,71.43000030517578
2023-12-16,102.55000305175781,12.279999732971191,3.927999973297119,71.43000030517578
2023-12-17,102.55000305175781,12.279999732971191,3.927999973297119,71.43000030517578
2023-12-18,102.51000213623047,12.5600004196167,3.9539999961853027,72.47000122070312
2023-12-19,102.16999816894531,12.529999732971191,3.921999931335449,73.44000244140625
2023-12-20,102.41000366210938,13.670000076293945,3.877000093460083,74.22000122070312
2023-12-21,101.83999633789062,13.649999618530273,3.8940000534057617,73.88999938964844
2023-12-22,101.69999694824219,13.029999732971191,3.9010000228881836,73.55999755859375
2023-12-23,101.69999694824219,13.029999732971191,3.9010000228881836,73.55999755859375
2023-12-24,101.69999694824219,13.029999732971191,3.9010000228881836,73.55999755859375
2023-12-25,101.69999694824219,13.029999732971191,3.9010000228881836,73.55999755859375
2023-12-26,101.47000122070312,12.989999771118164,3.885999917984009,75.56999969482422
2023-12-27,100.98999786376953,12.430000305175781,3.7890000343322754,74.11000061035156
2023-12-28,101.2300033569336,12.470000267028809,3.8499999046325684,71.7699966430664
2023-12-29,101.33000183105469,12.449999809265137,3.865999937057495,71.6500015258789
2023-12-30,101.33000183105469,12.449999809265137,3.865999937057495,71.6500015258789
2023-12-31,101.33000183105469,12.449999809265137,3.865999937057495,71.6500015258789
2024-01-01,101.33000183105469,12.449999809265137,3.865999937057495,71.6500015258789
2024-01-02,102.19999694824219,13.199999809265137,3.946000099182129,70.37999725341797
2024-01-03,102.45999908447266,14.039999961853027,3.9070000648498535,72.69999694824219
2024-01-04,102.41999816894531,14.130000114440918,3.990999937057495,72.19000244140625
2024-01-05,102.41000366210938,13.350000381469727,4.041999816894531,73.80999755859375
2024-01-06,102.41000366210938,13.350000381469727,4.041999816894531,73.80999755859375
2024-01-07,102.41000366210938,13.350000381469727,4.041999816894531,73.80999755859375
2024-01-08,102.20999908447266,13.079999923706055,4.001999855041504,70.7699966430664
2024-01-09,102.56999969482422,12.760000228881836,4.019000053405762,72.23999786376953
2024-01-10,102.36000061035156,12.6899995803833,4.03000020980835,71.37000274658203
2024-01-11,102.29000091552734,12.4399995803833,3.9769999980926514,72.0199966430664
2024-01-12,102.4000015258789,12.699999809265137,3.950000047683716,72.68000030517578
2024-01-13,102.4000015258789,12.699999809265137,3.950000047683716,72.68000030517578
2024-01-14,102.4000015258789,12.699999809265137,3.950000047683716,72.68000030517578
2024-01-15,102.4000015258789,12.699999809265137,3.950000047683716,72.68000030517578
2024-01-16,103.36000061035156,13.84000015258789,4.065999984741211,72.4000015258789
2024-01-17,103.44999694824219,14.789999961853027,4.105999946594238,72.55999755859375
2024-01-18,103.54000091552734,14.130000114440918,4.144000053405762,74.08000183105469
2024-01-19,103.29000091552734,13.300000190734863,4.145999908447266,73.41000366210938
2024-01-20,103.29000091552734,13.300000190734863,4.145999908447266,73.41000366210938
2024-01-21,103.29000091552734,13.300000190734863,4.145999908447266,73.41000366210938
2024-01-22,103.33000183105469,13.1899995803833,4.093999862670898,75.19000244140625
2024-01-23,103.62000274658203,12.550000190734863,4.142000198364258,74.37000274658203
2024-01-24,103.23999786376953,13.140000343322754,4.177999973297119,75.08999633789062
2024-01-25,103.56999969482422,13.449999809265137,4.131999969482422,77.36000061035156
2024-01-26,103.47000122070312,13.260000228881836,4.159999847412109,78.01000213623047
2024-01-27,103.47000122070312,13.260000228881836,4.159999847412109,78.01000213623047
2024-01-28,103.47000122070312,13.260000228881836,4.159999847412109,78.01000213623047
2024-01-29,103.61000061035156,13.600000381469727,4.091000080108643,76.77999877929688
2024-01-30,103.4000015258789,13.3100004196167,4.059000015258789,77.81999969482422
2024-01-31,103.2699966430664,14.350000381469727,3.9670000076293945,75.8499984741211
2024-02-01,103.05000305175781,13.880000114440918,3.86299991607666,73.81999969482422
2024-02-02,103.91999816894531,13.850000381469727,4.0329999923706055,72.27999877929688
2024-02-03,103.91999816894531,13.850000381469727,4.0329999923706055,72.27999877929688
2024-02-04,103.91999816894531,13.850000381469727,4.0329999923706055,72.27999877929688
2024-02-05,104.44999694824219,13.670000076293945,4.164000034332275,72.77999877929688
2024-02-06,104.18000030517578,13.0600004196167,4.090000152587891,73.30999755859375
2024-02-07,104.04000091552734,12.829999923706055,4.110000133514404,73.86000061035156
2024-02-08,104.1500015258789,12.789999961853027,4.170000076293945,76.22000122070312
2024-02-09,104.08000183105469,12.930000305175781,4.186999797821045,76.83999633789062
2024-02-10,104.08000183105469,12.930000305175781,4.186999797821045,76.83999633789062
2024-02-11,104.08000183105469,12.930000305175781,4.186999797821045,76.83999633789062
2024-02-12,104.16999816894531,13.930000305175781,4.171999931335449,76.91999816894531
2024-02-13,104.95999908447266,15.850000381469727,4.315999984741211,77.87000274658203
2024-02-14,104.72000122070312,14.380000114440918,4.267000198364258,76.63999938964844
2024-02-15,104.30000305175781,14.010000228881836,4.239999771118164,78.02999877929688
2024-02-16,104.27999877929688,14.239999771118164,4.295000076293945,79.19000244140625
2024-02-17,104.27999877929688,14.239999771118164,4.295000076293945,79.19000244140625
2024-02-18,104.27999877929688,14.239999771118164,4.295000076293945,79.19000244140625
2024-02-19,104.27999877929688,14.239999771118164,4.295000076293945,79.19000244140625
2024-02-20,104.08000183105469,15.420000076293945,4.275000095367432,78.18000030517578
2024-02-21,104.01000213623047,15.34000015258789,4.324999809265137,77.91000366210938
2024-02-22,103.95999908447266,14.539999961853027,4.327000141143799,78.61000061035156
2024-02-23,103.94000244140625,13.75,4.260000228881836,76.48999786376953
2024-02-24,103.94000244140625,13.75,4.260000228881836,76.48999786376953
2024-02-25,103.94000244140625,13.75,4.260000228881836,76.48999786376953
2024-02-26,103.83000183105469,13.739999771118164,4.298999786376953,77.58000183105469
2024-02-27,103.83000183105469,13.430000305175781,4.315000057220459,78.87000274658203
2024-02-28,103.9800033569336,13.84000015258789,4.27400016784668,78.54000091552734
2024-02-29,104.16000366210938,13.399999618530273,4.251999855041504,78.26000213623047
2024-03-01,103.86000061035156,13.109999656677246,4.179999828338623,79.97000122070312
2024-03-02,103.86000061035156,13.109999656677246,4.179999828338623,79.97000122070312
2024-03-03,103.86000061035156,13.109999656677246,4.179999828338623,79.97000122070312
2024-03-04,103.83000183105469,13.489999771118164,4.218999862670898,78.73999786376953
2024-03-05,103.80000305175781,14.460000038146973,4.13700008392334,78.1500015258789
2024-03-06,103.37000274658203,14.5,4.104000091552734,79.12999725341797
2024-03-07,102.81999969482422,14.4399995803833,4.0920000076293945,78.93000030517578
2024-03-08,102.73999786376953,14.739999771118164,4.089000225067139,78.01000213623047
2024-03-09,102.73999786376953,14.739999771118164,4.089000225067139,78.01000213623047
2024-03-10,102.73999786376953,14.739999771118164,4.089000225067139,78.01000213623047
2024-03-11,102.87000274658203,15.220000267028809,4.104000091552734,77.93000030517578
2024-03-12,102.95999908447266,13.84000015258789,4.15500020980835,77.55999755859375
2024-03-13,102.79000091552734,13.75,4.191999912261963,79.72000122070312
2024-03-14,103.36000061035156,14.399999618530273,4.297999858856201,81.26000213623047
2024-03-15,103.43000030517578,14.40999984741211,4.303999900817871,81.04000091552734
2024-03-16,103.43000030517578,14.40999984741211,4.303999900817871,81.04000091552734
2024-03-17,103.43000030517578,14.40999984741211,4.303999900817871,81.04000091552734
2024-03-18,103.58000183105469,14.329999923706055,4.340000152587891,82.72000122070312
2024-03-19,103.80999755859375,13.819999694824219,4.296999931335449,83.47000122070312
2024-03-20,103.41000366210938,13.039999961853027,4.2729997634887695,81.68000030517578
2024-03-21,104.0,12.920000076293945,4.270999908447266,81.06999969482422
2024-03-22,104.43000030517578,13.0600004196167,4.2179999351501465,80.62999725341797
2024-03-23,104.43000030517578,13.0600004196167,4.2179999351501465,80.62999725341797
2024-03-24,104.43000030517578,13.0600004196167,4.2179999351501465,80.62999725341797
2024-03-25,104.2300033569336,13.1899995803833,4.252999782562256,81.94999694824219
2024-03-26,104.29000091552734,13.239999771118164,4.234000205993652,81.62000274658203
2024-03-27,104.3499984741211,12.779999732971191,4.196000099182129,81.3499984741211
2024-03-28,104.55000305175781,13.010000228881836,4.205999851226807,83.16999816894531
2024-03-29,104.55000305175781,13.010000228881836,4.205999851226807,83.16999816894531
2024-03-30,104.55000305175781,13.010000228881836,4.205999851226807,83.16999816894531
2024-03-31,104.55000305175781,13.010000228881836,4.205999851226807,83.16999816894531
2024-04-01,105.0199966430664,13.649999618530273,4.328999996185303,83.70999908447266
2024-04-02,104.81999969482422,14.609999656677246,4.364999771118164,85.1500015258789
2024-04-03,104.25,14.329999923706055,4.355000019073486,85.43000030517578
2024-04-04,104.12000274658203,16.350000381469727,4.309000015258789,86.58999633789062
2024-04-05,104.30000305175781,16.030000686645508,4.377999782562256,86.91000366210938
2024-04-06,104.30000305175781,16.030000686645508,4.377999782562256,86.91000366210938
2024-04-07,104.30000305175781,16.030000686645508,4.377999782562256,86.91000366210938
2024-04-08,104.13999938964844,15.1899995803833,4.423999786376953,86.43000030517578
2024-04-09,104.1500015258789,14.979999542236328,4.366000175476074,85.2300033569336
2024-04-10,105.25,15.800000190734863,4.559999942779541,86.20999908447266
2024-04-11,105.27999877929688,14.90999984741211,4.576000213623047,85.0199966430664
2024-04-12,106.04000091552734,17.309999465942383,4.499000072479248,85.66000366210938
2024-04-13,106.04000091552734,17.309999465942383,4.499000072479248,85.66000366210938
2024-04-14,106.04000091552734,17.309999465942383,4.499000072479248,85.66000366210938
2024-04-15,106.20999908447266,19.229999542236328,4.627999782562256,85.41000366210938
2024-04-16,106.26000213623047,18.399999618530273,4.658999919891357,85.36000061035156
2024-04-17,105.94999694824219,18.209999084472656,4.585000038146973,82.69000244140625
2024-04-18,106.1500015258789,18.0,4.646999835968018,82.7300033569336
2024-04-19,106.1500015258789,18.709999084472656,4.614999771118164,83.13999938964844
2024-04-20,106.1500015258789,18.709999084472656,4.614999771118164,83.13999938964844
2024-04-21,106.1500015258789,18.709999084472656,4.614999771118164,83.13999938964844
2024-04-22,106.08000183105469,16.940000534057617,4.623000144958496,82.8499984741211
2024-04-23,105.69000244140625,15.6899995803833,4.5980000495910645,83.36000061035156
2024-04-24,105.86000061035156,15.970000267028809,4.6519999504089355,82.80999755859375
2024-04-25,105.5999984741211,15.369999885559082,4.705999851226807,83.56999969482422
2024-04-26,105.94000244140625,15.029999732971191,4.669000148773193,83.8499984741211
2024-04-27,105.94000244140625,15.029999732971191,4.669000148773193,83.8499984741211
2024-04-28,105.94000244140625,15.029999732971191,4.669000148773193,83.8499984741211
2024-04-29,105.58000183105469,14.670000076293945,4.613999843597412,82.62999725341797
2024-04-30,106.22000122070312,15.649999618530273,4.685999870300293,81.93000030517578
2024-05-01,105.76000213623047,15.390000343322754,4.59499979019165,79.0
2024-05-02,105.30000305175781,14.680000305175781,4.571000099182129,78.94999694824219
2024-05-03,105.02999877929688,13.489999771118164,4.5,78.11000061035156
2024-05-04,105.02999877929688,13.489999771118164,4.5,78.11000061035156
2024-05-05,105.02999877929688,13.489999771118164,4.5,78.11000061035156
2024-05-06,105.05000305175781,13.489999771118164,4.488999843597412,78.4800033569336
2024-05-07,105.41000366210938,13.229999542236328,4.4629998207092285,78.37999725341797
2024-05-08,105.55000305175781,13.0,4.492000102996826,78.98999786376953
2024-05-09,105.2300033569336,12.6899995803833,4.448999881744385,79.26000213623047
2024-05-10,105.30999755859375,12.550000190734863,4.504000186920166,78.26000213623047
2024-05-11,105.30999755859375,12.550000190734863,4.504000186920166,78.26000213623047
2024-05-12,105.30999755859375,12.550000190734863,4.504000186920166,78.26000213623047
2024-05-13,105.22000122070312,13.600000381469727,4.480999946594238,79.12000274658203
2024-05-14,105.01000213623047,13.420000076293945,4.445000171661377,78.0199966430664
2024-05-15,104.3499984741211,12.449999809265137,4.355999946594238,78.62999725341797
2024-05-16,104.45999908447266,12.420000076293945,4.376999855041504,79.2300033569336
2024-05-17,104.44999694824219,11.989999771118164,4.420000076293945,80.05999755859375
2024-05-18,104.44999694824219,11.989999771118164,4.420000076293945,80.05999755859375
2024-05-19,104.44999694824219,11.989999771118164,4.420000076293945,80.05999755859375
2024-05-20,104.56999969482422,12.149999618530273,4.436999797821045,79.80000305175781
2024-05-21,104.66000366210938,11.859999656677246,4.414000034332275,79.26000213623047
2024-05-22,104.94000244140625,12.289999961853027,4.434000015258789,77.56999969482422
2024-05-23,105.11000061035156,12.770000457763672,4.474999904632568,76.87000274658203
2024-05-24,104.72000122070312,11.930000305175781,4.4670000076293945,77.72000122070312
2024-05-25,104.72000122070312,11.930000305175781,4.4670000076293945,77.72000122070312
2024-05-26,104.72000122070312,11.930000305175781,4.4670000076293945,77.72000122070312
2024-05-27,104.72000122070312,11.930000305175781,4.4670000076293945,77.72000122070312
2024-05-28,104.61000061035156,12.920000076293945,4.541999816894531,79.83000183105469
2024-05-29,105.0999984741211,14.279999732971191,4.624000072479248,79.2300033569336
2024-05-30,104.72000122070312,14.470000267028809,4.553999900817871,77.91000366210938
2024-05-31,104.66999816894531,12.920000076293945,4.513999938964844,76.98999786376953
2024-06-01,104.66999816894531,12.920000076293945,4.513999938964844,76.98999786376953
2024-06-02,104.66999816894531,12.920000076293945,4.513999938964844,76.98999786376953
2024-06-03,104.13999938964844,13.109999656677246,4.4019999504089355,74.22000122070312
2024-06-04,104.11000061035156,13.15999984741211,4.335999965667725,73.25
2024-06-05,104.2699966430664,12.630000114440918,4.289000034332275,74.06999969482422
2024-06-06,104.0999984741211,12.579999923706055,4.281000137329102,75.55000305175781
2024-06-07,104.88999938964844,12.220000267028809,4.429999828338623,75.52999877929688
2024-06-08,104.88999938964844,12.220000267028809,4.429999828338623,75.52999877929688
2024-06-09,104.88999938964844,12.220000267028809,4.429999828338623,75.52999877929688
2024-06-10,105.1500015258789,12.739999771118164,4.468999862670898,77.73999786376953
2024-06-11,105.2300033569336,12.850000381469727,4.4039998054504395,77.9000015258789
2024-06-12,104.6500015258789,12.039999961853027,4.295000076293945,78.5
2024-06-13,105.19999694824219,11.9399995803833,4.23799991607666,78.62000274658203
2024-06-14,105.55000305175781,12.65999984741211,4.2129998207092285,78.44999694824219
2024-06-15,105.55000305175781,12.65999984741211,4.2129998207092285,78.44999694824219
2024-06-16,105.55000305175781,12.65999984741211,4.2129998207092285,78.44999694824219
2024-06-17,105.31999969482422,12.75,4.2789998054504395,80.33000183105469
2024-06-18,105.26000213623047,12.300000190734863,4.2170000076293945,81.56999969482422
2024-06-19,105.26000213623047,12.300000190734863,4.2170000076293945,81.56999969482422
2024-06-20,105.58999633789062,13.279999732971191,4.254000186920166,82.16999816894531
2024-06-21,105.80000305175781,13.199999809265137,4.256999969482422,80.7300033569336
2024-06-22,105.80000305175781,13.199999809265137,4.256999969482422,80.7300033569336
2024-06-23,105.80000305175781,13.199999809265137,4.256999969482422,80.7300033569336
2024-06-24,105.47000122070312,13.329999923706055,4.248000144958496,81.62999725341797
2024-06-25,105.61000061035156,12.84000015258789,4.23799991607666,80.83000183105469
2024-06-26,106.05000305175781,12.550000190734863,4.315999984741211,80.9000015258789
2024-06-27,105.91000366210938,12.239999771118164,4.288000106811523,81.73999786376953
2024-06-28,105.87000274658203,12.4399995803833,4.3429999351501465,81.54000091552734
2024-06-29,105.87000274658203,12.4399995803833,4.3429999351501465,81.54000091552734
2024-06-30,105.87000274658203,12.4399995803833,4.3429999351501465,81.54000091552734
2024-07-01,105.9000015258789,12.220000267028809,4.479000091552734,83.37999725341797
2024-07-02,105.72000122070312,12.029999732971191,4.435999870300293,82.80999755859375
2024-07-03,105.4000015258789,12.09000015258789,4.355000019073486,83.87999725341797
2024-07-04,105.4000015258789,12.09000015258789,4.355000019073486,83.87999725341797
2024-07-05,104.87999725341797,12.479999542236328,4.271999835968018,83.16000366210938
2024-07-06,104.87999725341797,12.479999542236328,4.271999835968018,83.16000366210938
2024-07-07,104.87999725341797,12.479999542236328,4.271999835968018,83.16000366210938
2024-07-08,105.01000213623047,12.369999885559082,4.269000053405762,82.33000183105469
2024-07-09,105.12000274658203,12.510000228881836,4.300000190734863,81.41000366210938
2024-07-10,105.05000305175781,12.850000381469727,4.28000020980835,82.0999984741211
2024-07-11,104.44000244140625,12.920000076293945,4.192999839782715,82.62000274658203
2024-07-12,104.08999633789062,12.460000038146973,4.189000129699707,82.20999908447266
2024-07-13,104.08999633789062,12.460000038146973,4.189000129699707,82.20999908447266
2024-07-14,104.08999633789062,12.460000038146973,4.189000129699707,82.20999908447266
2024-07-15,104.19000244140625,13.119999885559082,4.229000091552734,81.91000366210938
2024-07-16,104.2699966430664,13.1899995803833,4.166999816894531,80.76000213623047
2024-07-17,103.75,14.479999542236328,4.145999908447266,82.8499984741211
2024-07-18,104.16999816894531,15.930000305175781,4.189000129699707,82.81999969482422
2024-07-19,104.4000015258789,16.520000457763672,4.238999843597412,80.12999725341797
2024-07-20,104.4000015258789,16.520000457763672,4.238999843597412,80.12999725341797
2024-07-21,104.4000015258789,16.520000457763672,4.238999843597412,80.12999725341797
2024-07-22,104.30999755859375,14.90999984741211,4.260000228881836,79.77999877929688
2024-07-23,104.44999694824219,14.720000267028809,4.238999843597412,76.95999908447266
2024-07-24,104.38999938964844,18.040000915527344,4.285999774932861,77.58999633789062
2024-07-25,104.36000061035156,18.459999084472656,4.25600004196167,78.27999877929688
2024-07-26,104.31999969482422,16.389999389648438,4.199999809265137,77.16000366210938
2024-07-27,104.31999969482422,16.389999389648438,4.199999809265137,77.16000366210938
2024-07-28,104.31999969482422,16.389999389648438,4.199999809265137,77.16000366210938
2024-07-29,104.55999755859375,16.600000381469727,4.177999973297119,75.80999755859375
2024-07-30,104.55000305175781,17.690000534057617,4.14300012588501,74.7300033569336
2024-07-31,104.0999984741211,16.360000610351562,4.109000205993652,77.91000366210938
2024-08-01,104.41999816894531,18.59000015258789,3.9760000705718994,76.30999755859375
2024-08-02,103.20999908447266,23.389999389648438,3.7920000553131104,73.5199966430664
2024-08-03,103.20999908447266,23.389999389648438,3.7920000553131104,73.5199966430664
2024-08-04,103.20999908447266,23.389999389648438,3.7920000553131104,73.5199966430664
2024-08-05,102.69000244140625,38.56999969482422,3.7850000858306885,72.94000244140625
2024-08-06,102.97000122070312,27.709999084472656,3.888000011444092,73.19999694824219
2024-08-07,103.19999694824219,27.850000381469727,3.9679999351501465,75.2300033569336
2024-08-08,103.20999908447266,23.790000915527344,3.996999979019165,76.19000244140625
2024-08-09,103.13999938964844,20.3700008392334,3.941999912261963,76.83999633789062
2024-08-10,103.13999938964844,20.3700008392334,3.941999912261963,76.83999633789062
2024-08-11,103.13999938964844,20.3700008392334,3.941999912261963,76.83999633789062
2024-08-12,103.13999938964844,20.709999084472656,3.9089999198913574,80.05999755859375
2024-08-13,102.55999755859375,18.1200008392334,3.8519999980926514,78.3499984741211
2024-08-14,102.56999969482422,16.190000534057617,3.819999933242798,76.9800033569336
2024-08-15,102.9800033569336,15.229999542236328,3.9260001182556152,78.16000366210938
2024-08-16,102.45999908447266,14.800000190734863,3.8919999599456787,76.6500015258789
2024-08-17,102.45999908447266,14.800000190734863,3.8919999599456787,76.6500015258789
2024-08-18,102.45999908447266,14.800000190734863,3.8919999599456787,76.6500015258789
2024-08-19,101.88999938964844,14.649999618530273,3.867000102996826,74.37000274658203
2024-08-20,101.44000244140625,15.880000114440918,3.818000078201294,74.04000091552734
2024-08-21,101.04000091552734,16.270000457763672,3.7780001163482666,71.93000030517578
2024-08-22,101.51000213623047,17.549999237060547,3.861999988555908,73.01000213623047
2024-08-23,100.72000122070312,15.859999656677246,3.806999921798706,74.83000183105469
2024-08-24,100.72000122070312,15.859999656677246,3.806999921798706,74.83000183105469
2024-08-25,100.72000122070312,15.859999656677246,3.806999921798706,74.83000183105469
2024-08-26,100.8499984741211,16.149999618530273,3.818000078201294,77.41999816894531
2024-08-27,100.55000305175781,15.430000305175781,3.8329999446868896,75.52999877929688
2024-08-28,101.08999633789062,17.110000610351562,3.8410000801086426,74.5199966430664
2024-08-29,101.33999633789062,15.649999618530273,3.867000102996826,75.91000366210938
2024-08-30,101.69999694824219,15.0,3.9110000133514404,73.55000305175781
2024-08-31,101.69999694824219,15.0,3.9110000133514404,73.55000305175781
2024-09-01,101.69999694824219,15.0,3.9110000133514404,73.55000305175781
2024-09-02,101.69999694824219,15.0,3.9110000133514404,73.55000305175781
2024-09-03,101.83000183105469,20.719999313354492,3.8440001010894775,70.33999633789062
2024-09-04,101.36000061035156,21.31999969482422,3.7679998874664307,69.19999694824219
2024-09-05,101.11000061035156,19.899999618530273,3.7309999465942383,69.1500015258789
2024-09-06,101.18000030517578,22.3799991607666,3.7100000381469727,67.66999816894531
2024-09-07,101.18000030517578,22.3799991607666,3.7100000381469727,67.66999816894531
2024-09-08,101.18000030517578,22.3799991607666,3.7100000381469727,67.66999816894531
2024-09-09,101.55000305175781,19.450000762939453,3.697000026702881,68.70999908447266
2024-09-10,101.62999725341797,19.079999923706055,3.6459999084472656,65.75
2024-09-11,101.68000030517578,17.690000534057617,3.6530001163482666,67.30999755859375
2024-09-12,101.37000274658203,17.06999969482422,3.680000066757202,68.97000122070312
2024-09-13,101.11000061035156,16.559999465942383,3.6500000953674316,68.6500015258789
2024-09-14,101.11000061035156,16.559999465942383,3.6500000953674316,68.6500015258789
2024-09-15,101.11000061035156,16.559999465942383,3.6500000953674316,68.6500015258789
2024-09-16,100.76000213623047,17.139999389648438,3.621000051498413,70.08999633789062
2024-09-17,100.88999938964844,17.610000610351562,3.6419999599456787,71.19000244140625
2024-09-18,100.5999984741211,18.229999542236328,3.684999942779541,70.91000366210938
2024-09-19,100.61000061035156,16.329999923706055,3.740000009536743,71.94999694824219
2024-09-20,100.72000122070312,16.149999618530273,3.7279999256134033,71.91999816894531
2024-09-21,100.72000122070312,16.149999618530273,3.7279999256134033,71.91999816894531
2024-09-22,100.72000122070312,16.149999618530273,3.7279999256134033,71.91999816894531
2024-09-23,100.91999816894531,15.890000343322754,3.739000082015991,70.37000274658203
2024-09-24,100.37000274658203,15.390000343322754,3.7360000610351562,71.55999755859375
2024-09-25,100.91999816894531,15.40999984741211,3.7809998989105225,69.69000244140625
2024-09-26,100.55999755859375,15.369999885559082,3.7909998893737793,67.66999816894531
2024-09-27,100.41999816894531,16.959999084472656,3.749000072479248,68.18000030517578
2024-09-28,100.41999816894531,16.959999084472656,3.749000072479248,68.18000030517578
2024-09-29,100.41999816894531,16.959999084472656,3.749000072479248,68.18000030517578
2024-09-30,100.77999877929688,16.729999542236328,3.802000045776367,68.16999816894531
2024-10-01,101.19000244140625,19.260000228881836,3.743000030517578,69.83000183105469
2024-10-02,101.68000030517578,18.899999618530273,3.7850000858306885,70.0999984741211
2024-10-03,101.98999786376953,20.489999771118164,3.8499999046325684,73.70999908447266
2024-10-04,102.5199966430664,19.209999084472656,3.9809999465942383,74.37999725341797
2024-10-05,102.5199966430664,19.209999084472656,3.9809999465942383,74.37999725341797
2024-10-06,102.5199966430664,19.209999084472656,3.9809999465942383,74.37999725341797
2024-10-07,102.54000091552734,22.639999389648438,4.026000022888184,77.13999938964844
2024-10-08,102.55000305175781,21.420000076293945,4.0329999923706055,73.56999969482422
2024-10-09,102.93000030517578,20.860000610351562,4.066999912261963,73.23999786376953
2024-10-10,102.98999786376953,20.93000030517578,4.0960001945495605,75.8499984741211
2024-10-11,102.88999938964844,20.459999084472656,4.072999954223633,75.55999755859375
2024-10-12,102.88999938964844,20.459999084472656,4.072999954223633,75.55999755859375
2024-10-13,102.88999938964844,20.459999084472656,4.072999954223633,75.55999755859375
2024-10-14,103.30000305175781,19.700000762939453,4.0980000495910645,73.83000183105469
2024-10-15,103.26000213623047,20.639999389648438,4.038000106811523,70.58000183105469
2024-10-16,103.58999633789062,19.579999923706055,4.015999794006348,70.38999938964844
2024-10-17,103.83000183105469,19.110000610351562,4.0960001945495605,70.66999816894531
2024-10-18,103.48999786376953,18.030000686645508,4.072999954223633,69.22000122070312
2024-10-19,103.48999786376953,18.030000686645508,4.072999954223633,69.22000122070312
2024-10-20,103.48999786376953,18.030000686645508,4.072999954223633,69.22000122070312
2024-10-21,104.01000213623047,18.3700008392334,4.182000160217285,70.55999755859375
2024-10-22,104.08000183105469,18.200000762939453,4.203999996185303,72.08999633789062
2024-10-23,104.43000030517578,19.239999771118164,4.242000102996826,70.7699966430664
2024-10-24,104.05999755859375,19.079999923706055,4.199999809265137,70.19000244140625
2024-10-25,104.26000213623047,20.329999923706055,4.23199987411499,71.77999877929688
2024-10-26,104.26000213623047,20.329999923706055,4.23199987411499,71.77999877929688
2024-10-27,104.26000213623047,20.329999923706055,4.23199987411499,71.77999877929688
2024-10-28,104.31999969482422,19.799999237060547,4.2779998779296875,67.37999725341797
2024-10-29,104.27999877929688,19.34000015258789,4.27400016784668,67.20999908447266
2024-10-30,103.98999786376953,20.350000381469727,4.265999794006348,68.61000061035156
2024-10-31,103.9800033569336,23.15999984741211,4.283999919891357,69.26000213623047
2024-11-01,104.27999877929688,21.8799991607666,4.361000061035156,69.48999786376953
2024-11-02,104.27999877929688,21.8799991607666,4.361000061035156,69.48999786376953
2024-11-03,104.27999877929688,21.8799991607666,4.361000061035156,69.48999786376953
2024-11-04,103.88999938964844,21.979999542236328,4.309000015258789,71.47000122070312
2024-11-05,103.41999816894531,20.489999771118164,4.289000034332275,71.98999786376953
2024-11-06,105.08999633789062,16.270000457763672,4.426000118255615,71.69000244140625
2024-11-07,104.51000213623047,15.199999809265137,4.341000080108643,72.36000061035156
2024-11-08,105.0,14.9399995803833,4.306000232696533,70.37999725341797
2024-11-09,105.0,14.9399995803833,4.306000232696533,70.37999725341797
2024-11-10,105.0,14.9399995803833,4.306000232696533,70.37999725341797
2024-11-11,105.54000091552734,14.970000267028809,4.308000087738037,68.04000091552734
2024-11-12,106.0199966430664,14.710000038146973,4.432000160217285,68.12000274658203
2024-11-13,106.4800033569336,14.020000457763672,4.451000213623047,68.43000030517578
2024-11-14,106.66999816894531,14.3100004196167,4.418000221252441,68.69999694824219
2024-11-15,106.69000244140625,16.139999389648438,4.427999973297119,67.0199966430664
2024-11-16,106.69000244140625,16.139999389648438,4.427999973297119,67.0199966430664
2024-11-17,106.69000244140625,16.139999389648438,4.427999973297119,67.0199966430664
2024-11-18,106.27999877929688,15.579999923706055,4.414000034332275,69.16000366210938
2024-11-19,106.20999908447266,16.350000381469727,4.379000186920166,69.38999938964844
2024-11-20,106.68000030517578,17.15999984741211,4.406000137329102,68.87000274658203
2024-11-21,106.97000122070312,16.8700008392334,4.432000160217285,70.0999984741211
2024-11-22,107.48999786376953,15.239999771118164,4.409999847412109,71.23999786376953
2024-11-23,107.48999786376953,15.239999771118164,4.409999847412109,71.23999786376953
2024-11-24,107.48999786376953,15.239999771118164,4.409999847412109,71.23999786376953
2024-11-25,106.81999969482422,14.600000381469727,4.264999866485596,68.94000244140625
2024-11-26,107.01000213623047,14.100000381469727,4.302000045776367,68.7699966430664
2024-11-27,106.08000183105469,14.100000381469727,4.242000102996826,68.72000122070312
2024-11-28,106.08000183105469,14.100000381469727,4.242000102996826,68.72000122070312
2024-11-29,105.73999786376953,13.510000228881836,4.177999973297119,68.0
2024-11-30,105.73999786376953,13.510000228881836,4.177999973297119,68.0
2024-12-01,105.73999786376953,13.510000228881836,4.177999973297119,68.0
2024-12-02,106.44999694824219,13.34000015258789,4.196000099182129,68.0999984741211
2024-12-03,106.37000274658203,13.300000190734863,4.2230000495910645,69.94000244140625
2024-12-04,106.33999633789062,13.449999809265137,4.179999828338623,68.54000091552734
2024-12-05,105.70999908447266,13.539999961853027,4.179999828338623,68.30000305175781
2024-12-06,105.97000122070312,12.770000457763672,4.151000022888184,67.19999694824219
2024-12-07,105.97000122070312,12.770000457763672,4.151000022888184,67.19999694824219
2024-12-08,105.97000122070312,12.770000457763672,4.151000022888184,67.19999694824219
2024-12-09,106.1500015258789,14.1899995803833,4.198999881744385,68.37000274658203
2024-12-10,106.4000015258789,14.180000305175781,4.2210001945495605,68.58999633789062
2024-12-11,106.70999908447266,13.579999923706055,4.270999908447266,70.29000091552734
2024-12-12,106.95999908447266,13.920000076293945,4.323999881744385,70.0199966430664
2024-12-13,107.0,13.8100004196167,4.39900016784668,71.29000091552734
2024-12-14,107.0,13.8100004196167,4.39900016784668,71.29000091552734
2024-12-15,107.0,13.8100004196167,4.39900016784668,71.29000091552734
2024-12-16,106.86000061035156,14.6899995803833,4.396999835968018,70.70999908447266
2024-12-17,106.95999908447266,15.869999885559082,4.385000228881836,70.08000183105469
2024-12-18,108.02999877929688,27.6200008392334,4.49399995803833,70.58000183105469
2024-12-19,108.41000366210938,24.09000015258789,4.570000171661377,69.91000366210938
2024-12-20,107.62000274658203,18.360000610351562,4.52400016784668,69.45999908447266
2024-12-21,107.62000274658203,18.360000610351562,4.52400016784668,69.45999908447266
2024-12-22,107.62000274658203,18.360000610351562,4.52400016784668,69.45999908447266
2024-12-23,108.04000091552734,16.780000686645508,4.598999977111816,69.23999786376953
2024-12-24,108.26000213623047,14.270000457763672,4.591000080108643,70.0999984741211
2024-12-25,108.26000213623047,14.270000457763672,4.591000080108643,70.0999984741211
2024-12-26,108.12999725341797,14.729999542236328,4.578999996185303,69.62000274658203
2024-12-27,108.0,15.949999809265137,4.61899995803833,70.5999984741211
2024-12-28,108.0,15.949999809265137,4.61899995803833,70.5999984741211
2024-12-29,108.0,15.949999809265137,4.61899995803833,70.5999984741211
2024-12-30,108.12999725341797,17.399999618530273,4.545000076293945,70.98999786376953
2024-12-31,108.48999786376953,17.350000381469727,4.572999954223633,71.72000122070312
2025-01-01,108.48999786376953,17.350000381469727,4.572999954223633,71.72000122070312
2025-01-02,109.38999938964844,17.93000030517578,4.574999809265137,73.12999725341797
2025-01-03,108.94999694824219,16.1299991607666,4.5960001945495605,73.95999908447266
2025-01-04,108.94999694824219,16.1299991607666,4.5960001945495605,73.95999908447266
2025-01-05,108.94999694824219,16.1299991607666,4.5960001945495605,73.95999908447266
2025-01-06,108.26000213623047,16.040000915527344,4.618000030517578,73.55999755859375
2025-01-07,108.54000091552734,17.81999969482422,4.683000087738037,74.25
2025-01-08,109.08999633789062,17.700000762939453,4.692999839782715,73.31999969482422
2025-01-09,109.18000030517578,17.700000762939453,4.692999839782715,73.91999816894531
2025-01-10,109.6500015258789,19.540000915527344,4.776000022888184,76.56999969482422
2025-01-11,109.6500015258789,19.540000915527344,4.776000022888184,76.56999969482422
2025-01-12,109.6500015258789,19.540000915527344,4.776000022888184,76.56999969482422
2025-01-13,109.95999908447266,19.190000534057617,4.802999973297119,78.81999969482422
2025-01-14,109.2699966430664,18.709999084472656,4.788000106811523,77.5
2025-01-15,109.08999633789062,16.1200008392334,4.6529998779296875,80.04000091552734
2025-01-16,108.95999908447266,16.600000381469727,4.605999946594238,78.68000030517578
2025-01-17,109.3499984741211,15.970000267028809,4.609000205993652,77.87999725341797
2025-01-18,109.3499984741211,15.970000267028809,4.609000205993652,77.87999725341797
2025-01-19,109.3499984741211,15.970000267028809,4.609000205993652,77.87999725341797
2025-01-20,109.3499984741211,15.970000267028809,4.609000205993652,77.87999725341797
2025-01-21,108.05999755859375,15.0600004196167,4.573999881744385,75.88999938964844
2025-01-22,108.16999816894531,15.100000381469727,4.598999977111816,75.44000244140625
2025-01-23,108.05000305175781,15.020000457763672,4.638000011444092,74.62000274658203
2025-01-24,107.44000244140625,14.850000381469727,4.625999927520752,74.66000366210938
2025-01-25,107.44000244140625,14.850000381469727,4.625999927520752,74.66000366210938
2025-01-26,107.44000244140625,14.850000381469727,4.625999927520752,74.66000366210938
2025-01-27,107.33999633789062,17.899999618530273,4.5279998779296875,73.16999816894531
2025-01-28,107.87000274658203,16.40999984741211,4.551000118255615,73.7699966430664
2025-01-29,108.0,16.559999465942383,4.554999828338623,72.62000274658203
2025-01-30,107.80000305175781,15.84000015258789,4.51200008392334,72.7300033569336
2025-01-31,108.37000274658203,16.43000030517578,4.568999767303467,72.52999877929688
2025-02-01,108.37000274658203,16.43000030517578,4.568999767303467,72.52999877929688
2025-02-02,108.37000274658203,16.43000030517578,4.568999767303467,72.52999877929688
2025-02-03,108.98999786376953,18.6200008392334,4.543000221252441,73.16000366210938
2025-02-04,107.95999908447266,17.209999084472656,4.513000011444092,72.69999694824219
2025-02-05,107.58000183105469,15.770000457763672,4.421999931335449,71.02999877929688
2025-02-06,107.69000244140625,15.5,4.440000057220459,70.61000061035156
2025-02-07,108.04000091552734,16.540000915527344,4.486999988555908,71.0
2025-02-08,108.04000091552734,16.540000915527344,4.486999988555908,71.0
2025-02-09,108.04000091552734,16.540000915527344,4.486999988555908,71.0
2025-02-10,108.31999969482422,15.8100004196167,4.493000030517578,72.31999969482422
2025-02-11,107.95999908447266,16.020000457763672,4.5370001792907715,73.31999969482422
2025-02-12,107.94000244140625,15.890000343322754,4.63700008392334,71.37000274658203
2025-02-13,107.30999755859375,15.100000381469727,4.525000095367432,71.29000091552734
2025-02-14,106.56999969482422,14.770000457763672,4.4720001220703125,70.73999786376953
2025-02-15,106.56999969482422,14.770000457763672,4.4720001220703125,70.73999786376953
2025-02-16,106.56999969482422,14.770000457763672,4.4720001220703125,70.73999786376953
2025-02-17,106.56999969482422,14.770000457763672,4.4720001220703125,70.73999786376953
2025-02-18,107.05000305175781,15.350000381469727,4.544000148773193,71.8499984741211
2025-02-19,107.16999816894531,15.270000457763672,4.534999847412109,72.25
2025-02-20,106.33999633789062,15.65999984741211,4.5,72.56999969482422
2025-02-21,106.61000061035156,18.209999084472656,4.420000076293945,70.4000015258789
2025-02-22,106.61000061035156,18.209999084472656,4.420000076293945,70.4000015258789
2025-02-23,106.61000061035156,18.209999084472656,4.420000076293945,70.4000015258789
2025-02-24,106.5999984741211,18.979999542236328,4.39300012588501,70.69999694824219
2025-02-25,106.30999755859375,19.43000030517578,4.297999858856201,68.93000030517578
2025-02-26,106.41999816894531,19.100000381469727,4.249000072479248,68.62000274658203
2025-02-27,107.23999786376953,21.1299991607666,4.284999847412109,70.3499984741211
2025-02-28,107.61000061035156,19.6299991607666,4.230999946594238,69.76000213623047
2025-03-01,107.61000061035156,19.6299991607666,4.230999946594238,69.76000213623047
2025-03-02,107.61000061035156,19.6299991607666,4.230999946594238,69.76000213623047
2025-03-03,106.75,22.780000686645508,4.179999828338623,68.37000274658203
2025-03-04,105.73999786376953,23.510000228881836,4.210000038146973,68.26000213623047
2025-03-05,105.73999786376953,21.93000030517578,4.264999866485596,66.30999755859375
2025-03-06,104.05999755859375,24.8700008392334,4.285999774932861,66.36000061035156
2025-03-07,103.83999633789062,23.3700008392334,4.316999912261963,67.04000091552734
2025-03-08,103.83999633789062,23.3700008392334,4.316999912261963,67.04000091552734
2025-03-09,103.83999633789062,23.3700008392334,4.316999912261963,67.04000091552734
2025-03-10,103.91000366210938,27.860000610351562,4.2129998207092285,66.02999877929688
2025-03-11,103.44000244140625,26.920000076293945,4.288000106811523,66.25
2025-03-12,103.61000061035156,24.229999542236328,4.317999839782715,67.68000030517578
2025-03-13,103.83000183105469,24.65999984741211,4.27400016784668,66.55000305175781
2025-03-14,103.72000122070312,21.770000457763672,4.308000087738037,67.18000030517578
2025-03-15,103.72000122070312,21.770000457763672,4.308000087738037,67.18000030517578
2025-03-16,103.72000122070312,21.770000457763672,4.308000087738037,67.18000030517578
2025-03-17,103.37000274658203,20.510000228881836,4.306000232696533,67.58000183105469
2025-03-18,103.23999786376953,21.700000762939453,4.281000137329102,66.9000015258789
2025-03-19,103.43000030517578,19.899999618530273,4.25600004196167,67.16000366210938
2025-03-20,103.8499984741211,19.799999237060547,4.232999801635742,68.26000213623047
2025-03-21,104.08999633789062,19.280000686645508,4.251999855041504,68.27999877929688
2025-03-22,104.08999633789062,19.280000686645508,4.251999855041504,68.27999877929688
2025-03-23,104.08999633789062,19.280000686645508,4.251999855041504,68.27999877929688
2025-03-24,104.26000213623047,17.479999542236328,4.330999851226807,69.11000061035156
2025-03-25,104.18000030517578,17.149999618530273,4.307000160217285,69.0
2025-03-26,104.55000305175781,18.329999923706055,4.3379998207092285,69.6500015258789
2025-03-27,104.06999969482422,18.690000534057617,4.36899995803833,69.91999816894531
2025-03-28,104.04000091552734,21.649999618530273,4.255000114440918,69.36000061035156
2025-03-29,104.04000091552734,21.649999618530273,4.255000114440918,69.36000061035156
2025-03-30,104.04000091552734,21.649999618530273,4.255000114440918,69.36000061035156
2025-03-31,104.20999908447266,22.280000686645508,4.245999813079834,71.4800033569336
2025-04-01,104.26000213623047,21.770000457763672,4.156000137329102,71.19999694824219
2025-04-02,103.80999755859375,21.510000228881836,4.196000099182129,71.70999908447266
2025-04-03,102.06999969482422,30.020000457763672,4.054999828338623,66.94999694824219
2025-04-04,103.0199966430664,45.310001373291016,3.984999895095825,61.9900016784668
2025-04-05,103.0199966430664,45.310001373291016,3.984999895095825,61.9900016784668
2025-04-06,103.0199966430664,45.310001373291016,3.984999895095825,61.9900016784668
2025-04-07,103.26000213623047,46.97999954223633,4.15500020980835,60.70000076293945
2025-04-08,102.95999908447266,52.33000183105469,4.26200008392334,59.58000183105469
2025-04-09,102.9000015258789,33.619998931884766,4.400000095367432,62.349998474121094
2025-04-10,100.87000274658203,40.720001220703125,4.394000053405762,60.06999969482422
2025-04-11,99.77999877929688,37.560001373291016,4.493000030517578,61.5
2025-04-12,99.77999877929688,37.560001373291016,4.493000030517578,61.5
2025-04-13,99.77999877929688,37.560001373291016,4.493000030517578,61.5
2025-04-14,99.63999938964844,30.889999389648438,4.363999843597412,61.529998779296875
2025-04-15,100.22000122070312,30.1200008392334,4.322999954223633,61.33000183105469
2025-04-16,99.37999725341797,32.63999938964844,4.2789998054504395,62.470001220703125
2025-04-17,99.37999725341797,29.649999618530273,4.333000183105469,64.68000030517578
2025-04-18,99.37999725341797,29.649999618530273,4.333000183105469,64.68000030517578
2025-04-19,99.37999725341797,29.649999618530273,4.333000183105469,64.68000030517578
2025-04-20,99.37999725341797,29.649999618530273,4.333000183105469,64.68000030517578
2025-04-21,98.27999877929688,33.81999969482422,4.40500020980835,63.08000183105469
2025-04-22,98.91999816894531,30.56999969482422,4.388999938964844,64.30999755859375
2025-04-23,99.83999633789062,28.450000762939453,4.38700008392334,62.27000045776367
2025-04-24,99.29000091552734,26.469999313354492,4.304999828338623,62.790000915527344
2025-04-25,99.47000122070312,24.84000015258789,4.265999794006348,63.02000045776367
2025-04-26,99.47000122070312,24.84000015258789,4.265999794006348,63.02000045776367
2025-04-27,99.47000122070312,24.84000015258789,4.265999794006348,63.02000045776367
2025-04-28,99.01000213623047,25.149999618530273,4.216000080108643,62.04999923706055
2025-04-29,99.23999786376953,24.170000076293945,4.172999858856201,60.41999816894531
2025-04-30,99.47000122070312,24.700000762939453,4.177000045776367,58.209999084472656
2025-05-01,100.25,24.600000381469727,4.230999946594238,59.2400016784668
2025-05-02,100.0,22.68000030517578,4.322000026702881,58.290000915527344
2025-05-03,100.0,22.68000030517578,4.322000026702881,58.290000915527344
2025-05-04,100.0,22.68000030517578,4.322000026702881,58.290000915527344
2025-05-05,99.83000183105469,23.639999389648438,4.3429999351501465,57.130001068115234
2025-05-06,99.23999786376953,24.760000228881836,4.308000087738037,59.09000015258789
2025-05-07,99.61000061035156,23.549999237060547,4.275000095367432,58.06999969482422
2025-05-08,100.63999938964844,22.479999542236328,4.373000144958496,59.90999984741211
2025-05-09,100.33999633789062,21.899999618530273,4.375,61.02000045776367
2025-05-10,100.33999633789062,21.899999618530273,4.375,61.02000045776367
2025-05-11,100.33999633789062,21.899999618530273,4.375,61.02000045776367
2025-05-12,101.79000091552734,18.389999389648438,4.456999778747559,61.95000076293945
2025-05-13,101.0,18.219999313354492,4.499000072479248,63.66999816894531
2025-05-14,101.04000091552734,18.6200008392334,4.5279998779296875,63.150001525878906
2025-05-15,100.87999725341797,17.829999923706055,4.454999923706055,61.619998931884766
2025-05-16,101.08999633789062,17.239999771118164,4.440999984741211,62.4900016784668
2025-05-17,101.08999633789062,17.239999771118164,4.440999984741211,62.4900016784668
2025-05-18,101.08999633789062,17.239999771118164,4.440999984741211,62.4900016784668
2025-05-19,100.43000030517578,18.139999389648438,4.474999904632568,62.689998626708984
2025-05-20,100.12000274658203,18.09000015258789,4.480999946594238,62.560001373291016
2025-05-21,99.55999755859375,20.8700008392334,4.5960001945495605,61.56999969482422
2025-05-22,99.95999908447266,20.280000686645508,4.552999973297119,61.20000076293945
2025-05-23,99.11000061035156,22.290000915527344,4.508999824523926,61.529998779296875
2025-05-24,99.11000061035156,22.290000915527344,4.508999824523926,61.529998779296875
2025-05-25,99.11000061035156,22.290000915527344,4.508999824523926,61.529998779296875
2025-05-26,98.93000030517578,22.290000915527344,4.508999824523926,61.529998779296875
2025-05-27,99.5199966430664,18.959999084472656,4.434000015258789,60.88999938964844
2025-05-28,99.87999725341797,19.309999465942383,4.4770002365112305,61.84000015258789
2025-05-29,99.27999877929688,19.18000030517578,4.423999786376953,60.939998626708984
2025-05-30,99.33000183105469,18.56999969482422,4.415999889373779,60.790000915527344
2025-05-31,99.33000183105469,18.56999969482422,4.415999889373779,60.790000915527344
2025-06-01,99.33000183105469,18.56999969482422,4.415999889373779,60.790000915527344
2025-06-02,98.69999694824219,18.360000610351562,4.461999893188477,62.52000045776367
2025-06-03,99.25,17.690000534057617,4.460000038146973,63.40999984741211
2025-06-04,98.79000091552734,17.610000610351562,4.364999771118164,62.849998474121094
2025-06-05,98.73999786376953,18.479999542236328,4.394000053405762,63.369998931884766
2025-06-06,99.19000244140625,16.770000457763672,4.510000228881836,64.58000183105469
2025-06-07,99.19000244140625,16.770000457763672,4.510000228881836,64.58000183105469
2025-06-08,99.19000244140625,16.770000457763672,4.510000228881836,64.58000183105469
2025-06-09,98.94000244140625,17.15999984741211,4.48199987411499,65.29000091552734
2025-06-10,99.05000305175781,16.950000762939453,4.473999977111816,64.9800033569336
2025-06-11,98.62999725341797,17.260000228881836,4.4120001792907715,68.1500015258789
2025-06-12,97.91999816894531,18.020000457763672,4.35699987411499,68.04000091552734
2025-06-13,98.18000030517578,20.81999969482422,4.423999786376953,72.9800033569336
2025-06-14,98.18000030517578,20.81999969482422,4.423999786376953,72.9800033569336
2025-06-15,98.18000030517578,20.81999969482422,4.423999786376953,72.9800033569336
2025-06-16,98.0,19.110000610351562,4.452000141143799,71.7699966430664
2025-06-17,98.81999969482422,21.600000381469727,4.39300012588501,74.83999633789062
2025-06-18,98.91000366210938,20.139999389648438,4.396999835968018,75.13999938964844
2025-06-19,98.91000366210938,20.139999389648438,4.396999835968018,75.13999938964844
2025-06-20,98.70999908447266,20.6200008392334,4.375,74.93000030517578
2025-06-21,98.70999908447266,20.6200008392334,4.375,74.93000030517578
2025-06-22,98.70999908447266,20.6200008392334,4.375,74.93000030517578
2025-06-23,98.41999816894531,19.829999923706055,4.320000171661377,68.51000213623047
2025-06-24,97.86000061035156,17.479999542236328,4.293000221252441,64.37000274658203
2025-06-25,97.68000030517578,16.760000228881836,4.293000221252441,64.91999816894531
2025-06-26,97.1500015258789,16.59000015258789,4.252999782562256,65.23999786376953
2025-06-27,97.4000015258789,16.31999969482422,4.2829999923706055,65.5199966430664
2025-06-28,97.4000015258789,16.31999969482422,4.2829999923706055,65.5199966430664
2025-06-29,97.4000015258789,16.31999969482422,4.2829999923706055,65.5199966430664
2025-06-30,96.87999725341797,16.729999542236328,4.230000019073486,65.11000061035156
2025-07-01,96.81999969482422,16.829999923706055,4.250999927520752,65.44999694824219
2025-07-02,96.77999877929688,16.639999389648438,4.293000221252441,67.44999694824219
2025-07-03,97.18000030517578,16.3799991607666,4.3480000495910645,67.0
2025-07-04,97.18000030517578,16.3799991607666,4.3480000495910645,66.5
2025-07-05,97.18000030517578,16.3799991607666,4.3480000495910645,66.5
2025-07-06,97.18000030517578,16.3799991607666,4.3480000495910645,66.5
2025-07-07,97.4800033569336,17.790000915527344,4.394999980926514,67.93000030517578
2025-07-08,97.51000213623047,16.809999465942383,4.414999961853027,68.33000183105469
2025-07-09,97.47000122070312,15.9399995803833,4.3420000076293945,68.37999725341797
2025-07-10,97.6500015258789,15.779999732971191,4.3460001945495605,66.56999969482422
2025-07-11,97.8499984741211,16.399999618530273,4.422999858856201,68.44999694824219
2025-07-12,97.8499984741211,16.399999618530273,4.422999858856201,68.44999694824219
2025-07-13,97.8499984741211,16.399999618530273,4.422999858856201,68.44999694824219
2025-07-14,98.08000183105469,17.200000762939453,4.427000045776367,66.9800033569336
2025-07-15,98.62000274658203,17.3799991607666,4.488999843597412,66.5199966430664
2025-07-16,98.38999938964844,17.15999984741211,4.454999923706055,66.37999725341797
2025-07-17,98.7300033569336,16.520000457763672,4.4629998207092285,67.54000091552734
2025-07-18,98.4800033569336,16.40999984741211,4.432000160217285,67.33999633789062
2025-07-19,98.4800033569336,16.40999984741211,4.432000160217285,67.33999633789062
2025-07-20,98.4800033569336,16.40999984741211,4.432000160217285,67.33999633789062
2025-07-21,97.8499984741211,16.649999618530273,4.372000217437744,67.19999694824219
2025-07-22,97.38999938964844,16.5,4.335999965667725,66.20999908447266
2025-07-23,97.20999908447266,15.369999885559082,4.388000011444092,65.25
2025-07-24,97.37999725341797,15.390000343322754,4.4079999923706055,66.02999877929688
2025-07-25,97.6500015258789,14.930000305175781,4.386000156402588,65.16000366210938
2025-07-26,97.6500015258789,14.930000305175781,4.386000156402588,65.16000366210938
2025-07-27,97.6500015258789,14.930000305175781,4.386000156402588,65.16000366210938
2025-07-28,98.66000366210938,15.029999732971191,4.420000076293945,66.70999908447266
2025-07-29,98.91000366210938,15.979999542236328,4.329999923706055,69.20999908447266
2025-07-30,99.94000244140625,15.479999542236328,4.375999927520752,70.0
2025-07-31,100.02999877929688,16.719999313354492,4.360000133514404,69.26000213623047
2025-08-01,98.69000244140625,20.3799991607666,4.21999979019165,67.33000183105469
2025-08-02,98.69000244140625,20.3799991607666,4.21999979019165,67.33000183105469
2025-08-03,98.69000244140625,20.3799991607666,4.21999979019165,67.33000183105469
2025-08-04,98.77999877929688,17.520000457763672,4.199999809265137,66.29000091552734
2025-08-05,98.77999877929688,17.850000381469727,4.196000099182129,65.16000366210938
2025-08-06,98.18000030517578,16.770000457763672,4.21999979019165,64.3499984741211
2025-08-07,98.4000015258789,16.56999969482422,4.24399995803833,63.880001068115234
2025-08-08,98.18000030517578,15.149999618530273,4.284999847412109,63.880001068115234
2025-08-09,98.18000030517578,15.149999618530273,4.284999847412109,63.880001068115234
2025-08-10,98.18000030517578,15.149999618530273,4.284999847412109,63.880001068115234
2025-08-11,98.5199966430664,16.25,4.2729997634887695,63.959999084472656
2025-08-12,98.0999984741211,14.729999542236328,4.293000221252441,63.16999816894531
2025-08-13,97.83999633789062,14.489999771118164,4.23799991607666,62.650001525878906
2025-08-14,98.25,14.829999923706055,4.293000221252441,63.959999084472656
2025-08-15,97.8499984741211,15.09000015258789,4.328000068664551,62.79999923706055
2025-08-16,97.8499984741211,15.09000015258789,4.328000068664551,62.79999923706055
2025-08-17,97.8499984741211,15.09000015258789,4.328000068664551,62.79999923706055
2025-08-18,98.16999816894531,14.989999771118164,4.341000080108643,63.41999816894531
2025-08-19,98.2699966430664,15.569999694824219,4.302000045776367,62.349998474121094
2025-08-20,98.22000122070312,15.6899995803833,4.296000003814697,63.209999084472656
2025-08-21,98.62000274658203,16.600000381469727,4.329999923706055,63.52000045776367
2025-08-22,97.72000122070312,14.220000267028809,4.260000228881836,63.65999984741211
2025-08-23,97.72000122070312,14.220000267028809,4.260000228881836,63.65999984741211
2025-08-24,97.72000122070312,14.220000267028809,4.260000228881836,63.65999984741211
2025-08-25,98.43000030517578,14.789999961853027,4.275000095367432,64.80000305175781
2025-08-26,98.2300033569336,14.619999885559082,4.257999897003174,63.25
2025-08-27,98.2300033569336,14.850000381469727,4.23799991607666,64.1500015258789
2025-08-28,97.80999755859375,14.430000305175781,4.206999778747559,64.5999984741211
2025-08-29,97.7699966430664,15.359999656677246,4.2270002365112305,64.01000213623047
2025-08-30,97.7699966430664,15.359999656677246,4.2270002365112305,64.01000213623047
2025-08-31,97.7699966430664,15.359999656677246,4.2270002365112305,64.01000213623047
2025-09-01,97.7699966430664,15.359999656677246,4.2270002365112305,64.01000213623047
2025-09-02,98.4000015258789,17.170000076293945,4.2769999504089355,65.58999633789062
2025-09-03,98.13999938964844,16.350000381469727,4.210999965667725,63.970001220703125
2025-09-04,98.3499984741211,15.300000190734863,4.176000118255615,63.47999954223633
2025-09-05,97.7699966430664,15.180000305175781,4.085999965667725,61.869998931884766
2025-09-06,97.7699966430664,15.180000305175781,4.085999965667725,61.869998931884766
2025-09-07,97.7699966430664,15.180000305175781,4.085999965667725,61.869998931884766
2025-09-08,97.44999694824219,15.109999656677246,4.046000003814697,62.2599983215332
2025-09-09,97.79000091552734,15.039999961853027,4.073999881744385,62.630001068115234
2025-09-10,97.77999877929688,15.350000381469727,4.0320000648498535,63.66999816894531
2025-09-11,97.54000091552734,14.710000038146973,4.011000156402588,62.369998931884766
2025-09-12,97.55000305175781,14.760000228881836,4.060999870300293,62.689998626708984
2025-09-13,97.55000305175781,14.760000228881836,4.060999870300293,62.689998626708984
2025-09-14,97.55000305175781,14.760000228881836,4.060999870300293,62.689998626708984
2025-09-15,97.30000305175781,15.6899995803833,4.033999919891357,63.29999923706055
2025-09-16,96.62999725341797,16.360000610351562,4.026000022888184,64.5199966430664
2025-09-17,96.87000274658203,15.720000267028809,4.076000213623047,64.05000305175781
2025-09-18,97.3499984741211,15.699999809265137,4.104000091552734,63.56999969482422
2025-09-19,97.63999938964844,15.449999809265137,4.138999938964844,62.68000030517578
2025-09-20,97.63999938964844,15.449999809265137,4.138999938964844,62.68000030517578
2025-09-21,97.63999938964844,15.449999809265137,4.138999938964844,62.68000030517578
2025-09-22,97.33000183105469,16.100000381469727,4.14300012588501,62.63999938964844
2025-09-23,97.26000213623047,16.639999389648438,4.119999885559082,63.40999984741211
2025-09-24,97.87000274658203,16.18000030517578,4.146999835968018,64.98999786376953
2025-09-25,98.55000305175781,16.739999771118164,4.171999931335449,64.9800033569336
2025-09-26,98.1500015258789,15.289999961853027,4.186999797821045,65.72000122070312
2025-09-27,98.1500015258789,15.289999961853027,4.186999797821045,65.72000122070312
2025-09-28,98.1500015258789,15.289999961853027,4.186999797821045,65.72000122070312
2025-09-29,97.91000366210938,16.1200008392334,4.140999794006348,63.45000076293945
2025-09-30,97.7699966430664,16.280000686645508,4.1479997634887695,62.369998931884766
2025-10-01,97.70999908447266,16.290000915527344,4.105999946594238,61.779998779296875
2025-10-02,97.8499984741211,16.6299991607666,4.0879998207092285,60.47999954223633
2025-10-03,97.72000122070312,16.649999618530273,4.11899995803833,60.880001068115234
2025-10-04,97.72000122070312,16.649999618530273,4.11899995803833,60.880001068115234
2025-10-05,97.72000122070312,16.649999618530273,4.11899995803833,60.880001068115234
2025-10-06,98.11000061035156,16.3700008392334,4.1620001792907715,61.689998626708984
2025-10-07,98.58000183105469,17.239999771118164,4.126999855041504,61.72999954223633
2025-10-08,98.8499984741211,16.299999237060547,4.129000186920166,62.54999923706055
2025-10-09,99.54000091552734,16.43000030517578,4.1479997634887695,61.5099983215332
2025-10-10,98.9800033569336,21.65999984741211,4.051000118255615,58.900001525878906
2025-10-11,98.9800033569336,21.65999984741211,4.051000118255615,58.900001525878906
2025-10-12,98.9800033569336,21.65999984741211,4.051000118255615,58.900001525878906
2025-10-13,99.2699966430664,19.030000686645508,4.051000118255615,59.4900016784668
2025-10-14,99.05000305175781,20.809999465942383,4.021999835968018,58.70000076293945
2025-10-15,98.79000091552734,20.639999389648438,4.046000003814697,58.27000045776367
2025-10-16,98.38999938964844,25.309999465942383,3.9760000705718994,57.459999084472656
2025-10-17,98.43000030517578,20.780000686645508,4.006999969482422,57.540000915527344
2025-10-18,98.43000030517578,20.780000686645508,4.006999969482422,57.540000915527344
2025-10-19,98.43000030517578,20.780000686645508,4.006999969482422,57.540000915527344
2025-10-20,98.58999633789062,18.229999542236328,3.9860000610351562,57.52000045776367
2025-10-21,98.93000030517578,17.8700008392334,3.9630000591278076,57.81999969482422
2025-10-22,98.9000015258789,18.600000381469727,3.953000068664551,58.5
2025-10-23,98.94000244140625,17.299999237060547,3.990999937057495,61.790000915527344
2025-10-24,98.94999694824219,16.3700008392334,3.996999979019165,61.5
2025-10-25,98.94999694824219,16.3700008392334,3.996999979019165,61.5
2025-10-26,98.94999694824219,16.3700008392334,3.996999979019165,61.5
2025-10-27,98.77999877929688,15.789999961853027,3.996999979019165,61.310001373291016
2025-10-28,98.69000244140625,16.420000076293945,3.9830000400543213,60.150001525878906
2025-10-29,99.22000122070312,16.920000076293945,4.058000087738037,60.47999954223633
2025-10-30,99.52999877929688,16.90999984741211,4.0929999351501465,60.56999969482422
2025-10-31,99.80000305175781,17.440000534057617,4.10099983215332,60.97999954223633
2025-11-01,99.80000305175781,17.440000534057617,4.10099983215332,60.97999954223633
2025-11-02,99.80000305175781,17.440000534057617,4.10099983215332,60.97999954223633
2025-11-03,99.87000274658203,17.170000076293945,4.105999946594238,61.04999923706055
2025-11-04,100.22000122070312,19.0,4.089000225067139,60.560001373291016
2025-11-05,100.19999694824219,18.010000228881836,4.1570000648498535,59.599998474121094
2025-11-06,99.7300033569336,19.5,4.0929999351501465,59.43000030517578
2025-11-07,99.5999984741211,19.079999923706055,4.0929999351501465,59.75
2025-11-08,99.5999984741211,19.079999923706055,4.0929999351501465,59.75
2025-11-09,99.5999984741211,19.079999923706055,4.0929999351501465,59.75
2025-11-10,99.62000274658203,17.600000381469727,4.110000133514404,60.130001068115234
2025-11-11,99.45999908447266,17.280000686645508,4.119999885559082,61.040000915527344
2025-11-12,99.4800033569336,17.510000228881836,4.065000057220459,58.4900016784668
2025-11-13,99.18000030517578,20.0,4.111999988555908,58.689998626708984
2025-11-14,99.2699966430664,19.829999923706055,4.1479997634887695,60.09000015258789
2025-11-15,99.2699966430664,19.829999923706055,4.1479997634887695,60.09000015258789
2025-11-16,99.2699966430664,19.829999923706055,4.1479997634887695,60.09000015258789
2025-11-17,99.58999633789062,22.3799991607666,4.132999897003174,59.90999984741211
2025-11-18,99.55000305175781,24.690000534057617,4.123000144958496,60.7400016784668
2025-11-19,100.2300033569336,23.65999984741211,4.132999897003174,59.439998626708984
2025-11-20,100.16000366210938,26.420000076293945,4.105999946594238,59.13999938964844
2025-11-21,100.18000030517578,23.43000030517578,4.063000202178955,58.060001373291016
2025-11-22,100.18000030517578,23.43000030517578,4.063000202178955,58.060001373291016
2025-11-23,100.18000030517578,23.43000030517578,4.063000202178955,58.060001373291016
2025-11-24,100.13999938964844,20.520000457763672,4.038000106811523,58.84000015258789
2025-11-25,99.66000366210938,18.559999465942383,4.001999855041504,57.95000076293945
2025-11-26,99.5999984741211,17.190000534057617,3.997999906539917,58.650001525878906
2025-11-27,99.5999984741211,17.190000534057617,3.997999906539917,58.650001525878906
2025-11-28,99.45999908447266,16.350000381469727,4.017000198364258,58.54999923706055
2025-11-29,99.45999908447266,16.350000381469727,4.017000198364258,58.54999923706055
2025-11-30,99.45999908447266,16.350000381469727,4.017000198364258,58.54999923706055
2025-12-01,99.41000366210938,17.239999771118164,4.0960001945495605,59.31999969482422
2025-12-02,99.36000061035156,16.59000015258789,4.085999965667725,58.63999938964844
2025-12-03,98.8499984741211,16.079999923706055,4.057000160217285,58.95000076293945
2025-12-04,98.98999786376953,15.779999732971191,4.107999801635742,59.66999816894531
2025-12-05,98.98999786376953,15.40999984741211,4.138999938964844,60.08000183105469
2025-12-06,98.98999786376953,15.40999984741211,4.138999938964844,60.08000183105469
2025-12-07,98.98999786376953,15.40999984741211,4.138999938964844,60.08000183105469
2025-12-08,99.08999633789062,16.65999984741211,4.171999931335449,58.880001068115234
2025-12-09,99.22000122070312,16.93000030517578,4.185999870300293,58.25
2025-12-10,98.79000091552734,15.770000457763672,4.164000034332275,58.459999084472656
2025-12-11,98.3499984741211,14.850000381469727,4.140999794006348,57.599998474121094
2025-12-12,98.4000015258789,15.739999771118164,4.193999767303467,57.439998626708984
2025-12-13,98.4000015258789,15.739999771118164,4.193999767303467,57.439998626708984
2025-12-14,98.4000015258789,15.739999771118164,4.193999767303467,57.439998626708984
2025-12-15,98.1500015258789,16.5,4.182000160217285,56.81999969482422
2025-12-16,98.1500015258789,16.479999542236328,4.14900016784668,55.27000045776367
2025-12-17,98.37000274658203,17.6200008392334,4.151000022888184,55.939998626708984
2025-12-18,98.43000030517578,16.8700008392334,4.116000175476074,56.150001525878906
2025-12-19,98.5999984741211,14.90999984741211,4.151000022888184,56.65999984741211
2025-12-20,98.5999984741211,14.90999984741211,4.151000022888184,56.65999984741211
2025-12-21,98.5999984741211,14.90999984741211,4.151000022888184,56.65999984741211
2025-12-22,98.29000091552734,14.079999923706055,4.169000148773193,58.0099983215332
2025-12-23,97.94000244140625,14.0,4.169000148773193,58.380001068115234
2025-12-24,97.9800033569336,13.470000267028809,4.136000156402588,58.349998474121094
2025-12-25,97.9800033569336,13.470000267028809,4.136000156402588,58.349998474121094
2025-12-26,98.0199966430664,13.600000381469727,4.136000156402588,56.7400016784668
2025-12-27,98.0199966430664,13.600000381469727,4.136000156402588,56.7400016784668
2025-12-28,98.0199966430664,13.600000381469727,4.136000156402588,56.7400016784668
2025-12-29,98.04000091552734,14.199999809265137,4.116000175476074,58.08000183105469
2025-12-30,98.23999786376953,14.329999923706055,4.130000114440918,57.95000076293945
2025-12-31,98.27999877929688,14.949999809265137,4.163000106811523,57.41999816894531
2026-01-01,98.27999877929688,14.949999809265137,4.163000106811523,57.41999816894531
2026-01-02,98.41999816894531,14.510000228881836,4.186999797821045,57.31999969482422
2026-01-03,98.41999816894531,14.510000228881836,4.186999797821045,57.31999969482422
2026-01-04,98.41999816894531,14.510000228881836,4.186999797821045,57.31999969482422
2026-01-05,98.2699966430664,14.899999618530273,4.164999961853027,58.31999969482422
2026-01-06,98.58000183105469,14.75,4.178999900817871,57.130001068115234
2026-01-07,98.68000030517578,15.380000114440918,4.138000011444092,55.9900016784668
2026-01-08,98.93000030517578,15.449999809265137,4.183000087738037,57.7599983215332
2026-01-09,99.12999725341797,14.489999771118164,4.171000003814697,59.119998931884766
2026-01-10,99.12999725341797,14.489999771118164,4.171000003814697,59.119998931884766
2026-01-11,99.12999725341797,14.489999771118164,4.171000003814697,59.119998931884766
2026-01-12,98.86000061035156,15.119999885559082,4.186999797821045,59.5
2026-01-13,99.12999725341797,15.979999542236328,4.171000003814697,61.150001525878906
2026-01-14,99.12999725341797,16.75,4.139999866485596,62.02000045776367
2026-01-15,99.31999969482422,15.84000015258789,4.159999847412109,59.189998626708984
2026-01-16,99.38999938964844,15.859999656677246,4.230999946594238,59.439998626708984
2026-01-17,99.38999938964844,15.859999656677246,4.230999946594238,59.439998626708984
2026-01-18,99.38999938964844,15.859999656677246,4.230999946594238,59.439998626708984
2026-01-19,99.38999938964844,15.859999656677246,4.230999946594238,59.439998626708984
2026-01-20,98.63999938964844,20.09000015258789,4.295000076293945,60.34000015258789
2026-01-21,98.76000213623047,16.899999618530273,4.252999782562256,60.619998931884766
2026-01-22,98.36000061035156,15.640000343322754,4.249000072479248,59.36000061035156
2026-01-23,97.5999984741211,16.09000015258789,4.238999843597412,61.06999969482422
2026-01-24,97.5999984741211,16.09000015258789,4.238999843597412,61.06999969482422
2026-01-25,97.5999984741211,16.09000015258789,4.238999843597412,61.06999969482422
2026-01-26,97.04000091552734,16.149999618530273,4.2129998207092285,60.630001068115234
2026-01-27,96.22000122070312,16.350000381469727,4.2230000495910645,62.38999938964844
2026-01-28,96.44999694824219,16.350000381469727,4.250999927520752,63.209999084472656
2026-01-29,96.27999877929688,16.8799991607666,4.2270002365112305,65.41999816894531
2026-01-30,96.98999786376953,17.440000534057617,4.241000175476074,65.20999908447266
2026-01-31,96.98999786376953,17.440000534057617,4.241000175476074,65.20999908447266
2026-02-01,96.98999786376953,17.440000534057617,4.241000175476074,65.20999908447266
2026-02-02,97.61000061035156,16.34000015258789,4.275000095367432,62.13999938964844
2026-02-03,97.44000244140625,18.0,4.27400016784668,63.209999084472656
2026-02-04,97.62000274658203,18.639999389648438,4.275000095367432,65.13999938964844
2026-02-05,97.81999969482422,21.770000457763672,4.210000038146973,63.290000915527344
2026-02-06,97.62999725341797,20.3700008392334,4.205999851226807,63.54999923706055
2026-02-07,97.62999725341797,20.3700008392334,4.205999851226807,63.54999923706055
2026-02-08,97.62999725341797,20.3700008392334,4.205999851226807,63.54999923706055
2026-02-09,96.81999969482422,17.360000610351562,4.197999954223633,64.36000061035156
2026-02-10,96.80000305175781,17.790000915527344,4.146999835968018,63.959999084472656
2026-02-11,96.83000183105469,17.649999618530273,4.171999931335449,64.62999725341797
2026-02-12,96.93000030517578,20.81999969482422,4.104000091552734,62.84000015258789
2026-02-13,96.87999725341797,20.600000381469727,4.056000232696533,62.88999938964844
2026-02-14,96.87999725341797,20.600000381469727,4.056000232696533,62.88999938964844
2026-02-15,96.87999725341797,20.600000381469727,4.056000232696533,62.88999938964844
2026-02-16,96.87999725341797,20.600000381469727,4.056000232696533,62.88999938964844
2026-02-17,97.16000366210938,20.290000915527344,4.052000045776367,62.33000183105469
2026-02-18,97.69999694824219,19.6200008392334,4.078999996185303,65.19000244140625
2026-02-19,97.93000030517578,20.229999542236328,4.074999809265137,66.43000030517578
2026-02-20,97.80000305175781,19.09000015258789,4.085999965667725,66.38999938964844
2026-02-21,97.80000305175781,19.09000015258789,4.085999965667725,66.38999938964844
2026-02-22,97.80000305175781,19.09000015258789,4.085999965667725,66.38999938964844
2026-02-23,97.69999694824219,21.010000228881836,4.0289998054504395,66.30999755859375
2026-02-24,97.87999725341797,19.549999237060547,4.0329999923706055,65.62999725341797
2026-02-25,97.69999694824219,17.93000030517578,4.047999858856201,65.41999816894531
2026-02-26,97.79000091552734,18.6299991607666,4.017000198364258,65.20999908447266
2026-02-27,97.61000061035156,19.860000610351562,3.9619998931884766,67.0199966430664
2026-02-28,97.61000061035156,19.860000610351562,3.9619998931884766,67.0199966430664
2026-03-01,97.61000061035156,19.860000610351562,3.9619998931884766,67.0199966430664
2026-03-02,98.37999725341797,21.440000534057617,4.047999858856201,71.2300033569336
2026-03-03,99.05000305175781,23.56999969482422,4.056000232696533,74.55999755859375
2026-03-04,98.7699966430664,21.149999618530273,4.079999923706055,74.66000366210938
2026-03-05,99.31999969482422,23.75,4.145999908447266,81.01000213623047
2026-03-06,98.98999786376953,29.489999771118164,4.132999897003174,90.9000015258789
2026-03-07,98.98999786376953,29.489999771118164,4.132999897003174,90.9000015258789
2026-03-08,98.98999786376953,29.489999771118164,4.132999897003174,90.9000015258789
2026-03-09,99.18000030517578,25.5,4.136000156402588,94.7699966430664
2026-03-10,98.83000183105469,24.93000030517578,4.136000156402588,83.44999694824219
2026-03-11,99.2300033569336,24.229999542236328,4.208000183105469,87.25
2026-03-12,99.73999786376953,27.290000915527344,4.2729997634887695,95.7300033569336
2026-03-13,100.36000061035156,27.190000534057617,4.284999847412109,98.70999908447266
2026-03-14,100.36000061035156,27.190000534057617,4.284999847412109,98.70999908447266
2026-03-15,100.36000061035156,27.190000534057617,4.284999847412109,98.70999908447266
2026-03-16,99.70999908447266,23.510000228881836,4.21999979019165,93.5
2026-03-17,99.58000183105469,22.3700008392334,4.202000141143799,96.20999908447266
2026-03-18,100.08999633789062,25.09000015258789,4.258999824523926,96.31999969482422
2026-03-19,99.2300033569336,24.059999465942383,4.281000137329102,96.13999938964844
2026-03-20,99.6500015258789,26.780000686645508,4.390999794006348,98.31999969482422
2026-03-21,99.6500015258789,26.780000686645508,4.390999794006348,98.31999969482422
2026-03-22,99.6500015258789,26.780000686645508,4.390999794006348,98.31999969482422
2026-03-23,98.94999694824219,26.149999618530273,4.334000110626221,88.12999725341797
2026-03-24,99.43000030517578,26.950000762939453,4.392000198364258,92.3499984741211
2026-03-25,99.5999984741211,25.329999923706055,4.328000068664551,90.31999969482422
2026-03-26,99.9000015258789,27.440000534057617,4.415999889373779,94.4800033569336
2026-03-27,100.1500015258789,31.049999237060547,4.440000057220459,99.63999938964844
2026-03-28,100.1500015258789,31.049999237060547,4.440000057220459,99.63999938964844
2026-03-29,100.1500015258789,31.049999237060547,4.440000057220459,99.63999938964844
2026-03-30,100.51000213623047,30.610000610351562,4.3420000076293945,102.87999725341797
2026-03-31,99.95999908447266,25.25,4.310999870300293,101.37999725341797
2026-04-01,99.6500015258789,24.540000915527344,4.318999767303467,100.12000274658203
2026-04-02,100.02999877929688,23.8700008392334,4.313000202178955,111.54000091552734
2026-04-03,100.02999877929688,23.8700008392334,4.313000202178955,111.54000091552734
2026-04-04,100.02999877929688,23.8700008392334,4.313000202178955,111.54000091552734
2026-04-05,100.02999877929688,23.8700008392334,4.313000202178955,111.54000091552734
2026-04-06,99.9800033569336,24.170000076293945,4.335000038146973,112.41000366210938
2026-04-07,99.63999938964844,25.780000686645508,4.3429999351501465,112.94999694824219
2026-04-08,99.12999725341797,21.040000915527344,4.290999889373779,94.41000366210938
2026-04-09,98.81999969482422,19.489999771118164,4.293000221252441,97.87000274658203
2026-04-10,98.6500015258789,19.229999542236328,4.316999912261963,96.56999969482422
2026-04-11,98.6500015258789,19.229999542236328,4.316999912261963,96.56999969482422
2026-04-12,98.6500015258789,19.229999542236328,4.316999912261963,96.56999969482422
2026-04-13,98.37000274658203,19.1200008392334,4.296999931335449,99.08000183105469
2026-04-14,98.12000274658203,18.360000610351562,4.25600004196167,91.27999877929688
2026-04-15,98.05999755859375,18.170000076293945,4.2820000648498535,91.29000091552734
